tree
version=v4
num_class=1
num_tree_per_iteration=1
label_index=0
max_feature_idx=157
objective=lambdarank
feature_names=Column_0 Column_1 Column_2 Column_3 Column_4 Column_5 Column_6 Column_7 Column_8 Column_9 Column_10 Column_11 Column_12 Column_13 Column_14 Column_15 Column_16 Column_17 Column_18 Column_19 Column_20 Column_21 Column_22 Column_23 Column_24 Column_25 Column_26 Column_27 Column_28 Column_29 Column_30 Column_31 Column_32 Column_33 Column_34 Column_35 Column_36 Column_37 Column_38 Column_39 Column_40 Column_41 Column_42 Column_43 Column_44 Column_45 Column_46 Column_47 Column_48 Column_49 Column_50 Column_51 Column_52 Column_53 Column_54 Column_55 Column_56 Column_57 Column_58 Column_59 Column_60 Column_61 Column_62 Column_63 Column_64 Column_65 Column_66 Column_67 Column_68 Column_69 Column_70 Column_71 Column_72 Column_73 Column_74 Column_75 Column_76 Column_77 Column_78 Column_79 Column_80 Column_81 Column_82 Column_83 Column_84 Column_85 Column_86 Column_87 Column_88 Column_89 Column_90 Column_91 Column_92 Column_93 Column_94 Column_95 Column_96 Column_97 Column_98 Column_99 Column_100 Column_101 Column_102 Column_103 Column_104 Column_105 Column_106 Column_107 Column_108 Column_109 Column_110 Column_111 Column_112 Column_113 Column_114 Column_115 Column_116 Column_117 Column_118 Column_119 Column_120 Column_121 Column_122 Column_123 Column_124 Column_125 Column_126 Column_127 Column_128 Column_129 Column_130 Column_131 Column_132 Column_133 Column_134 Column_135 Column_136 Column_137 Column_138 Column_139 Column_140 Column_141 Column_142 Column_143 Column_144 Column_145 Column_146 Column_147 Column_148 Column_149 Column_150 Column_151 Column_152 Column_153 Column_154 Column_155 Column_156 Column_157
feature_infos=[-0.38642859872208368:14.630401954273049] [-0.58081955779749284:49.486936706664302] [-0.60445652122565174:45.280216165488099] [-1.4291230628696563:69.400253811324461] [-46.781313908669603:47.540959947489569] [-0.71262951172168421:40.290564680515281] [-7.8575523014165194:118.84060142804758] [-11.972202524393907:14.019725210247275] [-1.9051229255736812:1.9153870288184691] [-0.94234232334759549:61.064172110211295] [-1.3570724075984102:3.2628848805629822] [-0.95280680778694571:18.054513889077409] [-1.2479746501217051:3.7136549193534991] [-13.00440666365639:12.089686459600294] [-1.5783236850553004:1.7267296891120201] [-1.0413186014619349:27.552733734738037] [-14.098256935070374:0.92708323727583264] [-1.2201846905788143:2.2767706493664632] [-8.6313678600289823:3.7637808346113992] [-6.111879805023241:3.5691673336470031] [-4.2897301316329823:3.4537679420841374] [-3.4779419117562722:2.9505643503953656] [-2.3917707786082021:2.9356952238133691] [-10.473705465889067:3.0928969108769553] [-6.9430839771009252:2.6970912201166142] [-4.7318313617495846:2.3081466244010547] [-3.7934077460265017:2.2100859284342955] [-1.171079139339714:27.69670758553907] [-1.2603514715527744:20.628351123938856] [-1.3366149005048453:16.094864508060159] [-1.3698209564264796:12.700881818359008] [-1.3226443226549367:11.004677063691339] [-9.5633329511421969:20.205642480594268] [-8.1914405341502334:15.386540905543526] [-6.1762557875800832:11.749013177017169] [-5.0414181618525529:9.3813040815167632] [-4.484041379235622:8.2452783528100504] [-0.042347826234722219:28.681162446777709] [-0.040236435154472068:33.819753041610866] [-0.037022037379865841:40.55520757025549] [-0.038178854038125369:39.707579009597545] [-0.038115749481142887:39.61188456183924] [-14.335860965906374:27.918867945972153] [-11.318157568527555:23.848563864763989] [-9.6276867341425145:19.544956291610912] [-9.7480046291026614:17.060298105489732] [-8.5281665467582606:13.073247135262109] [-1.8747821173699863:1.3037520126975093] [-1.6134610501743472:1.3698429006948494] [-1.4846112908786513:1.3895813102328809] [-1.4279843312434741:1.4014029118519875] [-1.2954407212874592:1.4446053270639143] [-1.5723018161430562:1.7687066821265547] [-1.5604050745613069:1.7754210573394804] [-1.5198238511542366:1.782708954744844] [-1.4888505192272281:1.8010179298996301] [-1.3856773817620547:1.8660008655627744] [-1.1538517591909303:1.3443507869452198] [-1.2370377837956315:1.4171879608848799] [-1.2764022311477559:1.4548188097147678] [-1.2755782342117912:1.4944794030614603] [-1.2237726722245339:1.5462202927971962] [-1.1851491557445721:1.3113190500333851] [-1.2367326572602884:1.4201974833074233] [-1.2089227602597896:1.5244017810969905] [-1.1663306503748283:1.5992383970270829] [-1.0512554252240951:1.7967721259489309] [-1.4169689060927413:1.4538809748169439] [-1.542348567766489:1.5405320375654676] [-1.6647198299424464:1.5833639629890128] [-1.7504756787911331:1.6198571929259495] [-1.9618724307775672:1.6960194235820951] [-2.2994982867615232:1.4080245812904684] [-2.8356848526013132:1.6626896718865765] [-3.0699068750879812:1.8471922356520285] [-3.261623729023519:1.9333264403007413] [-3.3000889017990858:1.9938813920487355] [-2.0978582472503566:1.3463004727748544] [-2.7535875463382427:1.6916775673785645] [-3.4702867383671689:2.1013683654033599] [-3.5596002718771333:2.0867971226063768] [-3.6060640936065571:2.4708867034217636] [-2.1393748242710653:2.3950228324603078] [-2.857985889652733:3.2564884231969966] [-3.2721954658023753:2.8001184450408605] [-3.174430568806982:2.4887984702916603] [-2.5068542704477359:1.6891908165962797] [-2.2288620094659932:2.2939164920813329] [-2.9493046992466208:3.1031842498688533] [-3.3277554024258507:3.3069577513531669] [-3.200736683202551:2.7535314515841773] [-2.5075608756223091:1.9097772818544909] [-3.331066030744072:3.466159046085501] [-4.3215733109907584:3.7671147812143313] [-4.3967004192603216:3.7921878959766619] [-4.6450472450801952:4.2013315958926389] [-1.7794932230935354:1.8459359407859786] [-2.3727893170764642:2.4466986282820726] [-2.840361295315788:2.9937747256212051] [-2.8839418721108654:2.8229246483761963] [-2.4215581513390863:2.26598837177748] [-1.8042686169645574:1.8192634196582009] [-2.3480668103787505:2.4783398322853718] [-2.7808409191904957:3.118552456538934] [-2.8270725597194026:2.794512130325983] [-2.5863043229865856:2.5563324958591416] [-3.6786716085884348:3.5665542644886536] [-3.8098634162634881:3.951253627995194] [-3.8033744763757764:4.8092512560111409] [-2.8167797209654459:19.620355230750082] [-2.3992933407125943:16.479109251946408] [-2.0832500152600102:21.102403891659371] [-1.8879799379467181:21.17704249466664] [-1.5087353599084821:20.081883382571661] [-1.474922224076044:29.181028001890368] [-1.4967431150332158:16.792069019602238] [-1.4755475811779992:19.33305551149741] [-1.4297699107024258:17.670380024087958] [-1.2314211883672725:14.575233909309695] [-2.6572295391988305:3.7408382096249464] [-2.7388701220749483:5.2162544002417315] [-2.537506104842949:6.5414427230901921] [-2.3538796378672697:7.3226317867735879] [-1.9361841882412414:7.5783622952583229] [-2.3602473538215745:2.5754363537074658] [-3.6146918549961766:3.8780148456472094] [-3.942609517236249:3.6888283829280217] [-3.4945298715729778:3.0811264070982554] [-2.5111893725454491:2.1173103682671539] [-2.5014695673349867:2.4109178890093159] [-3.6726025531685091:3.76369562439909] [-3.9506264236724529:3.4002267065829912] [-3.4963513221410265:2.6030727174022914] [-4.4815478554314518:4.5853370311524566] [-6.4320555527488503:6.9654494852278681] [-7.1883430017438821:8.610911126128844] [-8.5997274717331553:12.551430966653855] [-3.3957237601678738:3.3391672175559157] [-15.439380391200533:28.026030322069456] [-1.7236838379123449:173.86409599708225] [-1.6295530291682236:16.14134650384241] [-0.60165999318878849:30.818405602237494] [-0.63072638962667749:22.607134662550344] [-2.4350168328554704:6.1615423197327912] [-1.7046060711486386:1.962562047716081] [-1.775199750083428:2.0468900966321231] [-2.8465838185348633:3.0096450066979386] [-34.127232976288404:0.3695346137544353] [-0.43797842597429804:20.625210512037985] [-1.1360807462151772:81.614172759886486] [-1.1971605810309078:59.3405149590848] [-7.4574324161120753:171.40607101554815] [-4.7369650111559061:74.023606295646601] [-4.0587310008759445:55.903059618821203] [-0.3898271941804265:60.581110484363336] [-51.469037098243007:74.639404451928357] [-0.33442339130166093:83.069021442788326] [-56.264974408246665:0.3060683766691259]
tree_sizes=7110 6986 7043 7035 7020 7034 7028 7021 7024 7019 7012 7026 7020 7008 7016 7036 6990 7032 7024 7010 6979 7014 7010 7010 7003 7005 6997 7026 7011 7008 7037 7017 7011 7001 7032 6991 7011 7025 6982 6999 6988 7020 6994 6991 7012 7006 6997 7013 7015 7023 6980 7002

Tree=0
num_leaves=63
num_cat=0
split_feature=28 20 75 108 75 137 141 142 0 46 30 36 86 29 149 142 156 79 84 14 44 8 127 36 142 46 5 28 81 2 43 32 42 15 138 23 76 141 102 135 134 150 92 17 36 35 74 143 6 2 86 46 123 128 122 65 28 28 28 24 121 79
split_gain=9.9905 5.65658 4.64928 4.1166 3.308 3.72294 3.15877 4.16633 3.70018 3.59085 3.15644 3.63743 2.8226 2.7483 2.71111 2.49398 2.62447 2.48224 2.89845 3.72628 2.45822 4.4581 2.47225 2.39157 2.33455 2.33346 2.68674 2.35767 2.25927 2.20826 2.16894 2.15953 2.15651 2.13019 2.10629 2.085 2.0757 2.47574 2.22284 2.03468 2.02903 2.39975 2.01298 1.995 1.97649 1.92973 1.94656 1.89813 1.89778 1.87183 2.02324 1.82296 2.70315 2.07787 2.07414 2.2532 1.83605 1.78869 1.78853 2.21459 1.77659 1.77261
threshold=-0.31132868189977042 0.9904702232488457 0.51666285108954002 0.53108957899950304 -0.58367984142023499 -1.2670920935124499 -0.44521125068309614 -0.38718823048687367 -0.040852398226199745 -0.089944651740544751 1.6468788484446497 0.89248103394604761 1.0398028864585158 -0.31674718901449828 -0.26247795662075507 -0.5605632839453466 -0.33203436722458152 1.3644712747763088 -0.23603851038075729 -0.16187223898348624 1.08681091221309 0.80830743976157915 -0.025611609593913131 -1.240388084800931 -0.19620662879389686 1.3097574028284542 -0.42990515724179751 0.23488517995110234 0.81827504529032413 0.35904574651672178 0.20196549424246082 0.16660531979515972 -0.76463009005822413 -1.0413186014293643 2.0902912704314116 -0.16287371000584147 -0.35867175094105752 -0.24865788206065936 -1.3592836454942177 -1.4044642887229124 -0.23200256908656189 0.97477442407066894 -0.27231474617076429 1.5663017769641121 1.4114839604713534 0.26233453402675527 -0.27493015005118576 -0.31994169160619429 -0.49919626748312457 -0.52167396954977441 0.44036787402365629 0.15872108428796203 -0.3101057844823783 0.35171617239110897 -0.14419868543378586 1.3608272722510564 -0.71789481771155261 0.074472189038391867 -0.93491348792897588 0.13800488183260795 -0.075625861918217713 -0.10379583857464017
decision_type=2 2 2 2 2 2 2 2 2 2 2 2 2 2 2 2 2 2 2 2 2 2 2 2 2 2 2 2 2 2 2 2 2 2 2 2 2 2 2 2 2 2 2 2 2 2 2 2 2 2 2 2 2 2 2 2 2 2 2 2 2 2
left_child=4 2 3 12 14 -6 8 45 49 -10 11 23 15 24 43 16 -2 18 29 32 21 57 -23 -7 -13 26 27 39 -27 -9 51 -15 -20 -5 36 -34 37 42 -38 -17 41 -19 -28 -1 -16 46 -8 -32 -39 -4 -51 54 -53 56 58 -56 -54 -3 59 -25 -37 -60
right_child=1 20 6 33 5 10 7 17 9 -11 -12 13 -14 31 44 25 -18 40 19 -21 -22 22 -24 30 -26 28 34 -29 -30 -31 47 -33 35 -35 -36 60 38 48 -40 -41 -42 -43 -44 -45 -46 -47 -48 -49 -50 50 -52 52 53 -55 55 -57 -58 -59 61 -61 -62 -63
leaf_value=-0.0032140070941448218 -0.0081380407299339597 0.0024496324022949844 0.0024795285408889772 0.013048450512219326 0.008687776146111794 -0.004587416836972876 0.013761575081791282 0.0012691100002921343 0.0074607976081943837 -0.0023251133742838836 -0.0092605803298097429 -0.006476262108077736 -0.014286796615055379 0.0029808741766649766 0.00073836345729517332 0.0098196933496192945 0.0040122872192472998 0.0052628309180628979 -0.00066932205408675143 0.00073607781994384244 -0.0092933924519263897 -0.0052029191183298471 0.011468525933434866 -0.0062108822786122566 0.0046448040948630608 0.0072436029424290931 -0.00076025647746779822 0.0061420922214694054 -0.0069198729273514063 0.0087796607776481402 0.0031376313106791487 0.01156454505619902 -0.011241068915052754 0.0038016246826823481 0.012357360291572752 5.1104162897064053e-05 -0.012246068527007581 -0.0034317823590388581 0.0015332769190384045 9.628349659335178e-05 0.0048400920257289396 -0.014153430562657139 -0.0062886847032510218 0.0017544789090447575 -0.012256850276463291 0.0074247696110750503 -0.0011891101871548682 -0.00019047618396249866 0.0021466506279395137 -0.0067583647624005561 -0.0012614318431428903 -0.0072054128919172714 -0.0029886978672884991 -0.0038009884351152537 -0.00082676494337902584 -0.0059814726665430975 0.0034991635580315286 -0.0053221044092481773 -0.0015880682584388565 0.0091176213824073014 -0.0058111681895216261 0.002509981511851347
leaf_weight=120.65639943117276 1.8406061199493695 3.5887628521304675 3.9506872661877379 2.5847416162723666 4.3990840071346602 15.362601416651158 1.0033847147133199 17.785103237372827 6.6915732314810148 8.4835449729580414 4.1111930810147888 3.8423719112761319 1.1375156058929849 6.8930787257850152 33.136605351697654 2.3495037873508435 42.736045388213824 1.2172538478625967 21.274534871336073 56.586009862367064 5.4899913414847097 1.1951887779869137 3.3383947927504769 1.1536392347188655 3.6850078759016496 8.8163983630947751 11.219221565290352 12.924305304768493 1.2757691026199598 5.0284803677350274 24.368239481700584 5.1570016240002587 4.3973704491509151 70.775930735806469 1.254474606597795 8.0516734250122735 1.1964382407022629 9.2473848608788121 38.303575725585688 24.744431399856694 16.597765778424218 1.3042281202506272 16.105015256907791 8.6287299705436435 1.2028731293976296 12.716346913017331 6.142397865769456 57.524615477770567 17.84888602048159 19.132651716237895 10.382075176807119 10.89140239311382 7.2675335714593556 19.61653396114707 46.666509707341902 10.374120877939275 10.852559477556495 16.384049950051121 22.622310448205099 4.8513446759898216 14.264703789725894 19.756297438405454
leaf_count=13006 217 268 440 201 356 1716 41 1908 601 718 425 408 67 768 3628 203 4483 163 2254 5988 522 98 202 119 353 885 1328 1292 114 470 2560 407 310 7891 89 1011 101 802 4456 3131 1657 45 1637 954 95 1187 800 6105 1965 1543 995 1028 815 2267 5290 946 1115 1698 2476 354 1338 2295
internal_value=9.2684e-06 0.00096454 0.00122832 0.00211647 -0.00108884 -0.000427081 0.000135798 0.000791624 -0.00210503 0.00198554 -0.000573565 -0.000441017 0.0013422 0.00370874 -0.0022181 0.00143712 0.00350663 0.000208097 -0.000295541 -0.00100083 -0.00324658 -0.00188464 0.00704965 -0.000764825 -0.00101977 0.000801259 0.000453995 0.00262806 0.0054382 0.00293206 -0.000515325 0.00666921 -0.00305074 0.00413052 -0.000459265 -0.00494258 -0.000632815 -0.00189989 0.00111038 0.000946469 0.00356737 -0.0047569 -0.0040235 -0.00288152 0.000276809 0.00508854 0.000912533 0.000798885 0.000238596 -0.00396295 -0.00482924 -0.0012146 -0.00281652 -0.00154559 -0.000474559 -0.0017669 0.000891309 -0.00392013 0.001047 0.00615075 -0.00369253 0.000320166
internal_weight=952.386 509.366 479.37 264.36 443.02 279.395 215.01 166.369 48.6405 15.1751 274.996 270.885 191 19.5775 163.625 189.862 44.5767 146.507 127.388 104.574 29.9964 24.5064 4.53358 251.308 7.52738 145.285 135.193 40.0182 10.0922 22.8136 235.945 12.0501 47.9883 73.3607 95.175 26.7137 93.9205 54.4205 39.5 27.0939 19.1192 2.52148 27.3242 129.285 34.3395 19.8621 7.14578 81.8929 27.0963 33.4654 29.5147 154.052 48.628 37.7366 105.424 57.0406 18.1201 19.9728 48.3836 6.00498 22.3164 42.3786
internal_count=100605 53119 50331 28862 47486 29803 21469 17172 4297 1319 29447 29022 20770 1936 17683 20703 4700 15144 13279 10901 2788 2266 300 27086 761 16003 15004 4626 999 2378 25370 1175 4913 8092 10378 2659 10289 5732 4557 3334 1865 208 2965 13960 3723 2028 841 8665 2767 2978 2538 16705 5225 4197 11480 6236 1930 1966 5244 473 2349 4771
is_linear=0
shrinkage=0.01


Tree=1
num_leaves=63
num_cat=0
split_feature=28 15 36 31 76 7 114 144 144 35 61 28 140 84 10 121 77 26 21 44 5 71 99 73 153 139 21 44 128 68 97 5 32 15 80 62 95 67 111 148 0 121 151 116 138 139 17 140 36 44 79 32 28 36 90 98 147 91 144 35 5 119
split_gain=28.5336 27.4198 23.6683 10.926 11.531 12.1428 10.2814 9.90817 12.0781 9.878 9.6753 8.94283 7.83543 7.03379 6.97147 7.26738 7.49473 6.57761 8.73333 6.56289 6.51954 6.21144 9.15736 6.32949 6.17334 6.13809 5.75323 5.63621 6.42143 5.43021 7.39586 5.2109 4.98286 5.94671 6.04049 5.07778 4.95066 4.92597 4.857 6.20091 4.67387 5.9721 4.65992 4.63297 4.58421 4.43251 4.37719 4.31058 4.2605 5.18747 4.25537 4.23051 4.21654 5.21447 4.18007 4.08371 4.04677 4.00857 4.00515 3.99584 3.98691 6.2798
threshold=-0.35185432512106968 -1.0413186014293643 0.87041864665053303 2.0359994205875922 1.5757679106619522 0.38789152446973935 -0.28783522881677753 0.24715101474784132 1.7314823336483347 -1.6542208798294096 -0.35521555607365235 4.217276929003245 -0.38387867922346713 -0.95042838224466764 -0.4330809499660942 0.75069349652732087 -0.5319798096253594 0.046213608706828189 -0.26769996748416619 -2.3054517509113572 -0.26092693406620099 0.37855837434238648 1.2932854585573199 1.0024398560962327 -1.4738689146546926 -0.43347243341841368 -0.33635133597810507 1.6218861647090603 0.59543694224952681 1.4548964651951357 1.5684927878906325 -0.29363420634753329 0.039587594948939826 0.15980055634835236 0.44505889275778127 -0.87309063002232745 0.60280460973419836 0.91559662214637794 -1.3651650730428158 0.078567904096603761 0.033982004685678198 -0.25330325154566186 0.40741450751337854 -0.75741197570827157 4.0744560574724993 2.5896920962890806 -0.95352366795401033 0.25170428428588898 0.32246656580535704 0.48108997174981138 1.6935688222632772 0.42017358046932235 -0.31761782720943221 1.0080739349003978 1.4939747307639075 0.25902346580506364 0.36580120633364427 1.0000000180025095e-35 -0.44688633489476237 0.39077721401983956 -0.12577801652635642 0.4026582214797601
decision_type=2 2 2 2 2 2 2 2 2 2 2 2 2 2 2 2 2 2 2 2 2 2 2 2 2 2 2 2 2 2 2 2 2 2 2 2 2 2 2 2 2 2 2 2 2 2 2 2 2 2 2 2 2 2 2 2 2 2 2 2 2 2
left_child=2 6 -1 4 5 14 7 25 12 11 59 13 26 24 40 17 -17 18 -16 -11 -12 22 27 52 -3 -2 -9 28 38 48 -31 -29 -7 34 -34 -36 -10 -15 39 55 41 51 -26 -24 47 60 -37 50 49 -14 54 -4 53 -23 -40 -21 -49 -39 -19 -8 61 -22
right_child=1 9 3 -5 -6 32 10 8 36 19 20 -13 29 37 15 16 -18 58 -20 21 45 23 43 -25 42 -27 -28 31 -30 30 -32 -33 33 -35 35 46 -38 57 44 -41 -42 -43 -44 -45 -46 -47 -48 56 -50 -51 -52 -53 -54 -55 -56 -57 -58 -59 -60 -61 -62 -63
leaf_value=-0.0022533538761710849 0.012420991345200019 -0.011134155385740229 0.0050115662439810206 0.012608654263888953 -0.0071676742228672756 -0.0030719243770980301 -0.0029892259067615919 0.010749644963960856 0.0071715298549267503 -0.0035217034756328341 0.014992031175482428 0.013545872034974815 -0.013003493315440862 -0.0079539221702491746 0.0054141151561922637 0.007459083626719926 -0.013337138235438521 -0.0034839570483416659 -0.016371980365998282 0.00085303507211060962 0.010381577413539457 0.0013672924777555595 -0.0065349859203595023 0.003620505955271669 -0.00077960901831728747 -0.0091165581014256945 -0.011084055363887015 0.010975675843511126 -0.0056278388218362983 -0.013812869865772751 0.012745181266877093 0.0020432047956723109 0.012391535785035122 0.018684188134728785 0.0099550778129545939 -0.012810412063577732 -0.009929575773068855 -0.014361085428851044 -0.00074812193390262464 0.012418090523949774 -0.0040929212293716833 0.011684233579179026 0.0098739096866558747 0.0092774590493771465 -0.012590919828626092 -0.0013559257537269305 0.0033517330652866428 0.002861615045209734 0.017466748627200209 0.012268004100879058 0.0088820726986444318 -0.012402876539937529 0.00096025600334651961 0.013131958900805938 0.0064088180489117489 0.0092204602854743974 -0.010428370599561785 0.0028966073601680237 0.0052962039056180122 0.01305451317465379 0.011566451745439174 -0.012494444239190022
leaf_weight=524.05746133974753 1.540041151922195 3.4410114530473974 4.5668898699805203 10.089677060954271 12.831375997979192 3.6002814508974579 8.2151533155702037 1.9868430490605531 2.3334950557909888 30.716411477187648 21.001068413257599 3.1216523044276974 1.0929543953388989 32.627442850265652 3.0444476236589253 2.1687438962981096 8.4051428027451021 7.1724683954380408 4.6052522067911914 53.824813454411924 3.0751963411457863 9.0255116873886418 2.0787318698130575 161.07688005571254 10.111469653435053 8.950358721893279 3.0348723107017568 8.2061046175658685 19.594084430020303 1.8005479075945903 2.4792175376787782 32.106408701278269 11.096050945110624 5.5424994532950214 4.7932118279859477 2.8822504165582412 6.0533006028272212 1.5960505800321687 376.67727096891031 6.0010026404634109 4.4869490265846244 11.359784192405639 6.8834195113740853 16.114905682392418 2.9404764212667933 4.6004915656521908 3.9615220255218322 60.061106875771657 11.358353263698516 3.0537877348251641 4.7880862974561742 1.9961995088960973 319.72113196598366 6.487080921418964 8.3290950194932503 6.5383436558768144 2.3694914877414694 8.2979107671417278 18.685680797789253 1.9034865605644871 18.044605716131631 1.9524723426438866
leaf_count=42085 31 202 176 166 195 246 293 44 58 1782 184 78 25 1592 73 59 122 340 49 1451 30 616 71 6323 594 251 65 194 773 21 30 1210 145 27 47 32 44 90 18445 157 125 258 122 479 76 67 71 2883 64 52 155 21 15721 134 368 186 76 401 555 53 287 35
internal_value=0.000385839 0.00124181 -0.00133194 0.0026483 0.00174259 0.0029065 0.00620559 0.00252692 0.00520566 0.000815206 0.0089363 -0.00294186 0.00871373 -0.00376299 0.000471911 -0.00183512 -0.00905929 0.000443616 -0.00769269 0.00103567 0.0107856 0.00116353 0.000478377 0.00199108 0.00105401 -0.0059364 -0.00242148 0.000259535 -9.04044e-06 0.0115449 0.00154243 0.00386627 0.00798008 0.00939144 0.00711418 0.00206722 -0.00515668 -0.00608011 0.000201972 0.00272918 0.00501326 0.00729955 0.00353276 0.0074627 -0.000166332 0.00758542 -0.00344911 -8.50468e-05 0.0142966 0.00556789 -0.000476001 -0.000280729 0.00120777 0.00629879 -0.000592869 0.0017624 0.00235402 9.08854e-05 0.00285651 2.89075e-05 0.00937243 0.00147076
internal_weight=1940.56 1295.21 645.346 121.288 111.199 98.3674 102.476 43.6838 33.1934 1192.74 58.7925 66.079 24.8066 62.9573 66.4916 44.0817 10.5739 33.5078 7.6497 1126.66 48.6738 1095.94 599.63 496.311 20.4359 10.4904 5.02172 581.436 541.124 19.7849 4.27977 40.3125 31.8758 28.2755 22.733 11.637 8.3868 42.5214 521.53 66.3642 22.4098 17.9229 16.9949 18.1936 455.166 27.6728 6.84377 452.225 15.5051 4.14674 389.794 6.56309 335.234 15.5126 385.006 60.3632 62.4306 9.89396 25.8581 10.1186 23.0723 5.02767
internal_count=100605 55813 44792 2707 2541 2346 1634 685 403 54179 949 3079 301 3001 1778 1198 181 1017 122 51100 603 49318 26524 22794 918 282 109 25974 24570 192 51 1404 568 322 295 150 102 2083 23797 1794 580 455 716 550 22003 419 103 21927 141 77 18968 197 16471 750 18813 1637 2959 491 895 346 352 65
is_linear=0
shrinkage=0.01


Tree=2
num_leaves=63
num_cat=0
split_feature=156 22 29 100 32 3 75 7 75 149 30 33 73 35 29 81 128 5 78 96 140 79 20 21 154 23 97 33 78 63 114 119 142 34 34 96 78 29 149 61 90 100 140 123 121 154 29 46 129 132 78 146 114 46 35 138 108 5 16 147 71 148
split_gain=66.436 39.3789 20.1304 19.4196 18.9501 13.2207 12.5033 12.2981 10.0957 11.035 10.1844 8.40494 7.87507 7.66584 7.26746 7.09394 7.07196 6.56162 6.42947 6.29667 6.08456 5.92938 5.75257 6.27697 5.57739 5.53825 5.50432 5.50431 5.44301 5.33737 5.53985 7.96012 6.56659 5.54165 7.98525 5.18832 5.14874 5.47955 8.19493 5.73019 5.08396 6.43339 5.06212 4.87163 4.84585 4.83771 5.33727 4.72583 5.45969 4.71255 4.58711 5.35107 4.73236 4.54888 4.53443 4.28117 4.36708 4.22607 4.07507 3.99931 4.9633 4.4523
threshold=-0.33410990576245253 0.041447695607524003 -0.27324996424163267 0.53871478887306112 0.13196149251192468 -0.41754942612239621 0.56441765367737939 0.46035198466831395 -0.56944047276314946 0.13738047280719981 -0.47695827151171971 -0.76754887211406919 1.223359954589289 -1.5599766690585566 -0.70963292426323099 -0.21684821375858046 0.9832817581977098 -0.17105206237718856 0.51822311724818471 1.6905604051902698 0.29117619823174157 1.3644712747763088 -0.6375198223134616 0.066826367523669897 -0.15596533494059445 -1.1097926604605306 0.95348936941793716 -1.8521906293918255 1.4604609354913307 1.2725902532758842 -0.74573161261239951 -0.20673059390339862 0.46846857986724777 1.7870463411796884 1.3789416725230699 1.5577915834829064 0.66994887667078518 0.17822887486999708 -0.27645768160615419 -0.21436845615729322 1.4939747307639075 -0.25582043582891117 -0.41986700378660285 -0.017860400324998468 0.88508955644347698 0.0082262999649616204 -0.10614066031395847 -0.017615402147753208 -1.7671720614352975 0.48656348256731735 0.81236480287979251 -0.21395179487491126 -0.93013874679562658 -1.602645856944956 0.45809235652335412 -0.086228127954783448 0.75192782944480452 -0.21054763645275959 0.84966082082722194 0.36015011497549604 0.75054737648065728 -0.33721258675233462
decision_type=2 2 2 2 2 2 2 2 2 2 2 2 2 2 2 2 2 2 2 2 2 2 2 2 2 2 2 2 2 2 2 2 2 2 2 2 2 2 2 2 2 2 2 2 2 2 2 2 2 2 2 2 2 2 2 2 2 2 2 2 2 2
left_child=3 4 11 5 36 18 14 13 24 10 -10 -3 -13 -4 -5 27 29 -14 43 22 28 -19 -7 42 49 -11 -26 -9 40 30 31 -8 33 34 -32 -29 37 38 39 -2 -15 -42 -24 -1 -17 -40 57 48 -12 -6 51 -50 -53 -25 -49 -56 -57 -47 -30 60 -38 -61
right_child=1 2 7 6 8 19 16 15 9 25 47 12 17 20 -16 44 -18 21 -20 -21 -22 -23 23 53 26 -27 -28 35 58 -31 32 -33 -34 -35 -36 -37 59 -39 45 -41 41 -43 -44 -45 -46 46 -48 54 50 -51 -52 52 -54 -55 55 56 -58 -59 -60 61 -62 -63
leaf_value=-0.0051261632216518414 -0.0045307706658488109 0.0016455061677109878 -0.0053290584218469083 -0.0090557738903799655 -0.0032717575654729633 -0.0072131722838414949 0.0080106266237280049 0.012735023980734388 -0.0014652442444978767 0.010515230946651979 -0.012625206825032653 -0.0036535543956000066 -0.0033195638539917204 -0.0018831007893137348 0.013640893029373895 -0.00085192467746991426 0.013011465481729118 -9.4428387351893993e-05 -0.010165896267538591 0.012697819187336579 0.0020698645247215026 0.0096548517795009732 -0.00070244526621158652 0.013159665088194621 -2.4451800537370772e-05 0.0019202253040523198 0.0077365493237454208 0.0021343536533685852 0.0017840776024392868 -0.012693560139975002 0.0044712012560199268 -0.017537080599220749 0.011654138243259971 0.013690101364137081 -0.0097141677872844921 0.0091670825664036584 -0.0020361308269921407 -0.0030548907695418961 0.00067905015487840269 0.0020781398370176333 -0.0042511919931341657 0.008135473420584077 0.0124482614996166 0.0042406163594406838 0.0043597987865169061 0.0028353761552380452 -0.0032374366184782476 -0.0020243520539602335 -0.0084292826120064696 0.0053505392974047081 0.014036397475283931 -0.011802466935332328 0.0095442205681392066 -0.00181994840173864 0.013841445077220302 -0.00076186680064416049 0.0069179232600498318 0.012221956758940221 0.013704661150733068 0.0029829438908156318 0.0032433567742263443 0.015320323589971563
leaf_weight=9.9034246997907793 40.648123261984438 38.888758524786681 36.622635394101962 1.4448679303750385 40.457276691915467 4.1642475523985913 2.3524356381967664 7.7162333843298248 14.524664616445078 7.9267631894908837 1.0705065689980973 402.06242903065868 22.195767002413049 257.76771566295065 44.684371309122071 68.029459829675034 11.467077806126325 14.385240570176395 8.3139755174051952 10.281942875590174 72.207721587037668 10.9777251817286 3.7613891693763462 2.4033022816292933 21.764537585200742 137.65234887157567 15.710469662211834 45.727024673484266 15.223997378489004 1.7760888850316394 17.263450162485249 2.506091909017413 14.056301465258001 4.2255342849530271 5.1399959838017812 13.63246066495776 30.536076526157558 77.067617835476995 44.913951555034146 19.338086441159248 6.5923513653688159 11.451655311509965 12.950425501912834 12.611131378216669 24.164204050321132 8.0618977458216303 4.8294023438356808 7.0377726848237208 1.8952459460124362 7.4996133306995025 18.699577959254384 1.0629989258013655 30.341000948101286 12.642596096266059 6.9280678583309045 9.190108896000309 37.57829160685651 11.977433715015648 3.533140768762677 9.0856325244531018 42.646460819756612 4.3286030841991296
leaf_count=505 3524 1952 3042 101 2478 119 36 143 763 144 17 32012 1408 15843 344 3364 77 896 312 122 3532 311 108 20 1122 6036 597 1941 419 21 216 22 161 38 36 270 1832 4611 2324 850 127 243 150 399 810 262 280 426 75 312 239 26 563 548 155 391 1190 238 37 555 1852 58
internal_value=0.000483932 -0.000129346 -0.00132737 0.00622753 0.0017997 0.00241264 0.00902709 -3.77466e-05 0.00333934 0.00427544 0.00641367 -0.00281252 -0.00319836 -0.000966869 0.012926 0.00231483 0.00596429 0.000647738 -0.00265632 0.00579679 -0.000530898 0.0041235 0.00381574 0.00526688 0.000336733 0.0023896 0.00322768 0.00478901 -0.00116881 0.00425204 0.00491771 -0.00515563 0.00612407 0.00319795 0.00120933 0.00375244 -8.54622e-05 -0.000942888 0.000310763 -0.00239856 -0.0015236 0.00360464 0.00948375 0.000115587 0.000513322 0.00264118 0.00617915 0.00742017 0.0096031 -0.00192046 0.010065 0.00782824 0.00881494 0.000573276 0.00550981 0.00649934 0.00540685 0.00845399 0.0040409 0.00196122 0.0010391 0.00697996
internal_weight=1885.9 1703.95 1051.18 181.949 652.773 77.0324 104.916 562.669 359.339 273.907 128.328 488.51 449.621 403.399 46.1292 159.269 58.787 47.5587 30.8285 46.2039 366.777 25.363 35.922 31.7577 85.4319 145.579 37.475 67.0757 294.569 47.3199 45.5438 4.85853 40.6853 26.629 22.4034 59.3595 293.433 206.837 129.769 59.9862 275.812 18.044 16.7118 22.5146 92.1937 69.7827 24.8687 113.804 53.0693 47.9569 51.9988 33.2992 31.404 15.0459 60.7342 53.6965 46.7684 20.0393 18.7571 86.5968 73.1825 13.4142
internal_count=100605 97270 66350 3335 30920 2283 1052 29771 14534 10025 3845 36579 34627 23243 445 6528 607 2615 1216 1067 20201 1207 945 826 4509 6180 1719 2354 16669 530 509 58 451 290 252 2211 16386 12089 7478 4374 16213 370 258 904 4174 3104 780 3082 920 2790 903 664 589 568 2162 1736 1581 500 456 4297 3684 613
is_linear=0
shrinkage=0.01


Tree=3
num_leaves=63
num_cat=0
split_feature=22 13 106 149 29 30 31 14 79 103 138 138 46 149 97 48 156 94 27 24 53 5 148 15 15 30 145 35 79 152 34 21 104 149 106 99 114 141 124 79 81 121 60 75 72 42 109 31 102 5 15 141 145 122 121 80 72 141 12 149 81 35
split_gain=94.0016 60.4358 32.5444 17.22 16.3014 13.9481 12.5913 12.5759 12.3258 11.1655 12.7924 10.8917 13.558 10.4283 13.6161 9.95598 9.66975 10.3382 9.36075 8.80165 7.36624 7.09643 6.55643 6.23542 6.02262 5.87151 5.82347 5.96493 5.73412 5.61761 5.36766 5.36177 5.69261 5.10082 4.93087 4.92263 4.78657 4.77829 5.17848 4.71398 4.62032 4.82805 4.59219 5.83612 5.35775 4.40565 4.40496 4.34484 8.62996 4.33538 4.27804 4.26681 4.69944 4.57689 4.23773 6.02546 4.5906 4.19528 4.13771 4.88603 4.6313 4.41048
threshold=0.047651962606899571 0.82351830818860827 1.574117149391367 -0.64143728437659708 -0.64793484955807379 1.6468788484446497 0.053871423503297051 1.7267296890705655 1.3644712747763088 -0.37284926918748568 -0.081969840650001499 -0.086228127954783448 4.0592415448736636 -0.096484819216681686 0.64838223075717738 0.25110391911890073 -0.33410990576245253 -2.2471172365106122 0.32991181774357675 -0.14695266752385616 -0.86049169109511425 -0.18092595589608135 -0.34755807818584988 -1.0413186014297455 -1.0413186014293643 0.46853077199780502 -1.2794878784693762 -0.79122893033462571 0.30748446488749814 0.84743572768028963 0.54044404799965873 1.5220338100053763 -1.1375729791240798 -0.073671650867708369 1.2756105600748957 0.51523420528444541 -0.17213691296654457 0.40858624526402532 2.0119716419351916 1.417007175880012 1.0653974580196095 1.1274528855976229 -1.0367801620330623 -0.29672195338909585 1.1526401704743916 2.9978842790939146 1.0663495738725934 1.5322901249134235 -0.62137822701193313 -0.20072984460158785 -1.0413186014312321 0.33589067674228174 0.40570368192429745 -0.24404539826190799 -0.2412357234784662 0.46658232375384584 -0.31948712252616501 -0.48710566992921306 1.4236720411174091 -0.24292097725201492 -0.45508743163908588 0.11228416841805743
decision_type=2 2 2 2 2 2 2 2 2 2 2 2 2 2 2 2 2 2 2 2 2 2 2 2 2 2 2 2 2 2 2 2 2 2 2 2 2 2 2 2 2 2 2 2 2 2 2 2 2 2 2 2 2 2 2 2 2 2 2 2 2 2
left_child=2 4 3 -1 -2 6 9 18 16 10 13 -4 24 14 57 39 25 -18 20 -19 -3 -10 34 -17 37 -6 27 -21 54 -22 46 32 -20 -26 -15 -30 -23 38 -13 -8 -38 -42 -34 -44 -45 47 49 58 -49 -24 -12 52 53 -7 55 56 -9 -5 59 60 -25 -60
right_child=1 7 11 5 8 51 15 28 21 -11 50 12 -14 22 -16 23 17 19 31 26 29 36 30 45 33 -27 -28 -29 35 -31 -32 -33 42 -35 -36 -37 40 -39 -40 -41 41 -43 43 44 -46 -47 -48 48 -50 -51 -52 -53 -54 -55 -56 -57 -58 -59 61 -61 -62 -63
leaf_value=-0.0050873043555948339 -0.005574784408234658 0.0099801794480563928 0.014247277968085422 0.0042293129487133655 0.0059924671433756894 0.00026874485875269711 0.0014875217940052852 -0.0037772287373859436 -0.0028142415686778239 -0.0023654495516706982 0.0094759845905456573 0.014825747986925524 0.012757879503312961 0.0012045032205697547 0.0069889257635554211 0.011810711196436587 0.002442524119699759 0.0013318090711185893 0.017861969874476764 -0.004938041988571602 -0.0029427209597435084 -0.0016776684247833623 0.0055835773988466113 -0.0022270889848094778 0.0063461988517446236 -0.010949629675211037 -0.0041686127627408691 0.00073046956057538828 -0.005475651533365781 0.0061227053478895635 -0.00054153430131350256 0.014972451862005852 -0.0024293264045284779 0.0016396495772784448 0.014471863714850189 0.0056097791934106821 0.0091980841280741923 0.0028212235678720956 -0.00026741756572428729 0.0084251894419363794 0.0080254436482624942 -0.0025093945435949606 0.0080485615449151764 -0.0021968351726348043 0.0055782645506419794 -0.0052007530130543491 -0.0043623118942569782 0.013045251033627638 0.0037321373330201058 0.015080151947514709 -0.0013265037066264764 0.0018489307740416825 -0.00055020008448609025 -0.010237926504807697 0.011734084134475291 -0.014440000528254249 0.012538144387000235 -0.0079505571688961146 -0.0083827371703741344 0.003891905331454522 0.0098881691537372925 0.0031229390981024692
leaf_weight=32.788234137697145 172.95161595963873 5.6589121208526185 18.207137110643089 3.5225443975068655 18.348546278430153 5.6454285290092256 137.14603707264178 2.5101496907882392 22.27517216000706 69.794259900925681 3.8666834044270209 13.354084058199083 24.881627262104303 17.529947147239003 17.338907008524984 14.067173392046241 34.201388254761696 38.722486854530871 2.6178517579101017 28.311369446804747 58.993557160254568 11.263091310393063 6.2880872245878008 3.5600162534974542 38.393872015178204 2.289203247986733 369.89166364422999 53.811338096857071 5.0269412114284959 7.7159050349146119 3.8594060596078625 4.2300318004563442 13.300456756260244 57.73302723118104 3.3299316023476413 19.450836490374058 18.955537043511868 8.0913464119657856 2.7231063102371982 10.547674796078352 7.6973560405895141 9.9598543830215913 22.615928050363436 18.392516715219244 17.06914092018269 4.1978396559134117 1.5465373662300397 18.626912498613819 21.456720152171329 21.165665148990232 67.049822409637272 16.695782707538456 18.985117493662983 15.407379126176236 25.820251924684271 1.4967724089510737 5.417767138220368 14.034597304183988 4.9063079613260916 105.4403266441077 26.664984861388803 10.318155212095006
leaf_count=2945 16857 134 233 193 473 412 6017 81 1413 4862 43 96 243 813 567 101 1139 1764 27 2230 4040 524 179 84 910 59 31556 3344 220 304 207 47 442 2094 70 243 485 75 26 247 244 235 485 760 488 83 23 396 577 299 2990 987 977 939 368 28 113 811 148 3072 520 263
internal_value=0.000480907 -0.00159163 0.0029483 0.00197972 -0.00286184 0.00234032 0.00279857 0.00317101 -0.00209956 0.0009696 0.00242935 0.00695351 0.00603717 0.00496248 0.000702689 0.00397334 -0.00260698 -0.00287108 0.00163001 -0.00324165 -0.000960933 0.00184511 0.00772711 0.00537676 0.0046453 0.00410396 -0.00363368 -0.00122287 0.00705412 -0.00189192 0.0105116 0.00402804 0.00339911 0.00352099 0.00333313 0.0033278 0.00401519 0.00910962 0.0122645 0.0019842 0.00576918 0.00207937 0.00286484 0.0040792 0.00154334 0.00491193 0.0119857 0.005135 0.00806462 0.0129115 -0.000734841 -0.00239296 -0.00416434 -0.00741697 0.00963756 0.00387688 0.0073615 -0.00550016 0.00435561 0.00491039 0.00845762 -0.000581439
internal_weight=1838.16 998.996 839.165 675.78 788.679 642.992 586.259 210.317 615.727 229.326 159.532 163.384 145.177 88.6156 34.896 356.932 545.576 524.938 150.594 490.737 72.3684 70.151 53.7196 209.238 120.295 20.6377 452.014 82.1227 59.7227 66.7095 32.8597 78.2259 73.9959 96.1269 20.8599 24.4778 47.8758 24.1685 16.0772 147.694 36.6127 17.6572 71.378 58.0776 35.4617 195.171 29.0003 190.973 40.0836 27.4538 70.9165 56.7337 40.0379 21.0528 35.2449 9.42469 7.92792 17.5571 150.89 135.665 30.225 15.2245
internal_count=100605 68103 32502 28825 60323 25880 22565 7780 43466 11057 6195 3677 3444 3162 1571 11508 40565 40033 6727 38894 4478 2901 1591 5244 3201 532 37130 5574 1053 4344 708 2249 2202 3004 883 463 1488 197 122 6264 964 479 2175 1733 1248 5143 501 5060 973 478 3033 3315 2328 1351 590 222 194 1004 4087 3676 604 411
is_linear=0
shrinkage=0.01


Tree=4
num_leaves=63
num_cat=0
split_feature=25 36 28 15 14 149 45 22 28 15 45 79 28 94 7 29 20 47 137 79 79 21 124 7 17 5 4 31 56 70 22 96 29 143 75 34 7 29 46 28 75 15 103 34 137 74 21 14 73 29 140 128 128 137 29 28 91 3 117 79 116 80
split_gain=145.254 75.7309 48.6962 32.9467 26.7225 20.1912 18.3244 15.3117 14.5727 13.3385 12.8732 11.2347 9.32145 8.29038 7.89136 7.7227 7.46098 7.4402 7.36839 10.9698 6.71614 6.17071 5.99758 5.9236 5.81292 5.72418 5.67622 5.64374 5.16598 4.96195 4.99291 4.94194 6.49514 4.9359 4.92849 4.817 4.81433 4.68055 4.69901 4.59886 7.24065 4.58068 4.35993 4.30659 4.1589 4.11384 4.1836 4.01967 3.97144 4.07858 3.9095 3.83588 3.82344 3.81312 3.8079 3.80268 3.78807 3.74295 5.50933 3.73874 3.73008 3.72808
threshold=0.028216456029625619 0.77326773061746967 -0.32338560241420289 -1.0413186014293643 1.7267296890705655 -0.66505454080013682 -0.5909420138521434 -0.4115284617523815 4.217276929003245 -1.0176412661036807 -0.0010426052760705467 1.3644712747763088 -0.43601570166675152 -2.2471172365106122 0.80782077348722903 -0.58888182424392621 0.88159674720752956 0.50911848018063544 1.2424662788980261 1.3977867100452384 0.52161140941731576 0.43128487586638492 1.9482270053014286 0.58184526683988835 1.5848125091995819 -0.18092595589608135 0.12476870443642758 1.7473652834854563 -0.64670697121562581 1.009710724770271 0.021765537922038312 1.7937714923846562 1.4420249893033421 -0.86717461234142201 0.76312617944621919 -0.55192069362719487 4.3725224775364415 -0.62597034914612337 -0.53484320801226215 -0.28726924438258394 0.4564714134579928 -0.28774682793317757 0.04576933279297439 0.38575977908398501 0.94728801277770514 -0.97339192548690801 -0.1505377098499707 1.7267296891051551 1.3640775679980714 0.15573052659469533 0.081714167435667076 0.28326626565553631 0.12781110743599536 -1.6189591837238673 -0.23567620259352498 -0.42517189543745171 0.22926820020570823 0.60603814930357247 -0.62314798289098128 1.4986675191767842 -0.61256625899691863 0.43450447044341206
decision_type=2 2 2 2 2 2 2 2 2 2 2 2 2 2 2 2 2 2 2 2 2 2 2 2 2 2 2 2 2 2 2 2 2 2 2 2 2 2 2 2 2 2 2 2 2 2 2 2 2 2 2 2 2 2 2 2 2 2 2 2 2 2
left_child=3 2 9 15 8 -5 27 10 11 -2 -7 13 -12 51 16 -1 44 42 19 35 45 31 52 -10 -24 -13 34 47 -6 30 36 32 57 -19 -16 -9 -22 38 -35 41 -41 61 -8 -30 -15 46 -17 59 49 -21 -32 -4 -20 -53 -27 -29 -38 58 -14 -3 -55 -39
right_child=1 6 4 5 28 7 17 18 23 -11 12 25 21 14 26 20 -18 33 22 48 29 -23 24 -25 -26 54 -28 55 43 -31 50 -33 -34 37 -36 -37 56 39 -40 40 -42 -43 -44 -45 -46 -47 -48 -49 -50 -51 -52 53 -54 60 -56 -57 -58 -59 -60 -61 -62 -63
leaf_value=-0.0072702037421250474 -0.00025568706520933402 -0.00031043460728851397 0.010452582671466456 -0.0059978509973698333 0.00097583656365617317 -0.0025609240234803037 0.0049571728735743796 0.0083871987719983995 -0.0082444075449793815 -0.0065559942237820813 -0.0031317520028413771 -0.0045990611179758745 0.0029625989718127187 -0.0034906195159809727 0.0052851483624875286 0.011643280398190488 -0.0090460176604240158 -0.0012974122901914299 -0.0092770463012219161 -0.0029016545058214173 0.00899873719591587 -0.0059156216566036094 0.0092627565941441562 0.016638568260821995 -0.0085631790024698982 0.0098557677713791234 -0.0029318483235214578 0.0062432088239612257 0.011098099794675865 0.0096547889319803775 -0.0091235742343500591 0.011030302346747636 0.00163343437454006 -0.010107841110780573 -0.0071818229785018482 -0.0010012532050934773 -0.011278299804454996 0.010026030000400381 0.005142622330963016 0.0095632449709837433 0.00050799003148229609 0.012715806786391953 -0.00020395533036456429 -0.0038729770433357487 0.0050253518457783223 0.012873383793507156 -0.0087361123622719129 0.0088121127296105876 0.0094414058306418868 0.0057813659349934014 0.0056080021091882981 -0.0062152434260045065 0.003013385945881358 0.0097047256892946587 0.0021885915530170442 -0.0055136304954513894 0.0070627310559712199 0.0088040134003031598 0.0085712549485787923 0.0078387495694181662 0.00013333728967030977 0.0022387779711019744
leaf_weight=2.8744724076241246 37.218903267756104 80.412757849087939 4.9135156222619143 23.658937062835321 8.9520525513216835 18.263461757451296 29.33235204173252 5.6868225927464655 1.1323757036589075 349.2059534448199 10.160505678271873 6.8725003672298035 38.489184668054804 217.41892277356237 23.470599641557786 2.1909134103916585 24.838125081732869 7.7153969747014335 2.5622102688066652 8.1135011697188038 16.472267898730941 3.7951983381062737 24.760707561858002 5.8199334782548249 1.9616753896698345 11.801240761764349 26.069085743278265 3.0631783115677562 22.876627704594288 34.554026166908443 4.3565297513268879 25.596871678251773 25.317137235309929 2.9645495591685176 3.6509778706822535 133.46519714337774 2.3866506423801175 14.238496425328778 6.2866971967741829 17.40553636290133 17.965055801672861 25.069431400857866 36.934836221160367 2.0822261753492048 5.8720852390397331 46.06058780523017 1.8440858041867603 5.8599006603471926 14.893018946517257 16.124423154164106 3.0497094937600195 5.9229991671163615 146.9877253882587 5.7422487556468758 14.455691129667683 25.806446605129167 2.1092365300282836 69.020515844458714 32.271566853392869 6.0427423813380292 14.011980948736886 10.894168382743372
leaf_count=140 1554 4504 129 2431 243 1239 1050 121 96 37059 675 496 1221 18287 868 16 2581 197 92 300 124 215 433 35 40 221 1572 74 296 260 87 419 1061 100 241 7400 25 208 191 477 621 254 1560 30 292 344 46 51 289 463 33 242 4114 135 446 1942 18 1414 852 129 365 187
internal_value=0.000504215 -0.0018083 -0.00340863 0.00399496 -0.000989402 0.00305338 0.00256383 0.00342448 -0.00176438 -0.00594945 0.00547836 -0.0020379 0.00619638 -0.00259234 -0.00309605 0.00887707 -0.00384534 0.00469365 0.00213278 0.000698574 0.00928923 0.00668435 0.00358266 0.0125653 0.00794771 0.00351289 0.000397477 -0.000402242 0.00750689 0.00710831 0.00400141 0.00693593 0.0062999 0.00638176 0.00360119 -0.000616275 0.00649519 0.00700771 0.000239197 0.00773817 0.00496827 0.00968637 0.00207945 0.00984406 -0.003266 0.0120249 0.00230614 0.000803746 0.00537577 0.00287065 -0.0030446 0.00236537 0.00280154 0.000810466 0.00564087 -0.00426099 -0.00265487 0.0071442 0.00552278 0.000258831 0.00292415 0.00665673
internal_weight=1799.35 1082.32 792.328 717.027 405.903 601.129 289.992 577.47 371.992 386.425 222.914 365.04 204.651 331.911 301.32 115.898 248.129 168.807 354.555 178.283 113.024 194.49 176.272 6.95231 26.7224 33.1294 53.1907 121.185 33.9109 62.9284 28.3744 190.695 165.098 102.539 27.1216 139.152 20.9682 94.8239 9.25125 85.5727 35.3706 50.2021 66.2672 24.9589 223.291 50.0956 4.035 92.3154 39.1309 24.2379 7.40624 30.5907 149.55 25.6772 26.2569 28.8696 4.49589 139.781 70.7608 86.4555 19.7542 25.1327
internal_count=100605 76733 65188 23872 26575 22779 11545 20348 26006 38613 7096 25875 5857 24712 23841 1093 21160 4845 13252 8573 953 5182 4679 131 473 1163 2681 6700 569 547 287 4967 4548 2235 1109 7521 167 2038 291 1747 1098 649 2610 326 18579 406 62 4684 1052 763 120 871 4206 742 667 2016 43 3487 2073 4633 500 395
is_linear=0
shrinkage=0.01


Tree=5
num_leaves=63
num_cat=0
split_feature=25 36 28 14 28 104 13 45 94 28 79 44 156 78 35 149 20 141 25 138 23 100 79 36 79 36 79 137 156 138 78 139 30 35 36 21 106 145 154 25 143 122 17 15 30 155 141 79 84 5 14 35 155 130 20 121 56 123 76 5 118 64
split_gain=136.481 61.4749 37.3405 28.6232 23.5118 24.8117 21.285 20.0135 13.9058 13.3899 12.5629 12.3613 10.6256 9.62567 8.5736 8.30115 11.7585 11.755 11.1664 9.05718 8.00727 7.95054 7.92837 7.55308 7.84892 7.32004 6.62558 6.59451 6.58508 6.57654 6.09852 5.69909 7.23572 5.69171 5.50441 5.33625 5.3303 5.2969 6.22973 5.02396 4.99467 4.91798 4.74041 4.73147 4.6009 4.55993 4.48526 6.28886 4.3721 4.27907 4.27316 4.24504 4.35486 4.19105 4.13179 4.03174 4.71187 4.38304 4.08557 3.97728 3.93622 3.87648
threshold=0.071666140600396736 0.77326773061746967 -0.32338560241420289 1.7267296891051551 -0.51450129307526205 -0.78630356323896622 0.62453631364906159 -0.5909420138521434 -2.2471172365106122 4.217276929003245 1.3644712747763088 1.2776558360286216 -0.33145400987841683 0.51822311724818471 2.0271588182525808 0.09560983409077585 -0.6375198223134616 -0.47407878129408793 -0.79712561593132114 -0.087248297082932511 0.1023524769723618 0.92575818262343612 1.0198637036678384 0.75667687302997511 1.3644712747763088 1.37318887919414 1.4986675191767842 1.315769033259466 -0.33410990576245253 -0.091324690560561819 0.78451525772470687 1.8564684401829661 0.11498823546764202 1.3501194694070897 1.6810953824986468 1.0441111922453716 0.10316360336571649 -1.7751997500834233 -0.27182142927258496 -0.38188784706507545 -0.86717461234142201 1.4129254424193693 1.4416556453045704 -1.0413186014293643 2.0066170685372864 -0.14642299096844785 -0.44285391125715928 -0.3278634634820406 1.0000000180025095e-35 -0.33374689876803509 1.7267296891051551 -0.09539467675633212 -0.32660702304020622 -0.79879780718091853 0.79004458383259168 0.84469079520994461 0.41130917280073626 -0.2128284178105472 0.74552639409099919 1.0000000180025095e-35 -0.69172854639187475 -0.70541560790459301
decision_type=2 2 2 2 2 2 2 2 2 2 2 2 2 2 2 2 2 2 2 2 2 2 2 2 2 2 2 2 2 2 2 2 2 2 2 2 2 2 2 2 2 2 2 2 2 2 2 2 2 2 2 2 2 2 2 2 2 2 2 2 2 2
left_child=3 2 28 4 21 14 8 26 35 12 54 23 -8 41 15 16 17 53 22 -18 40 -1 37 24 27 43 44 -7 -2 -29 42 -32 45 -25 -20 -4 -22 -17 -39 -16 -9 -5 48 -13 50 -33 -45 -48 -15 -26 -3 52 -49 -6 -10 56 58 -58 -42 -52 -27 -21
right_child=1 7 6 13 5 11 9 20 10 -11 -12 25 -14 30 39 18 19 -19 34 61 36 -23 -24 33 49 60 -28 29 -30 -31 31 32 -34 -35 -36 -37 -38 38 -40 -41 55 -43 -44 46 -46 -47 47 51 -50 -51 59 -53 -54 -55 -56 -57 57 -59 -60 -61 -62 -63
leaf_value=-0.0064160540628977834 -0.0019759749837124207 -0.002490595670343891 0.0059139293450722599 0.0085008614252720591 -0.0066222962271686456 -0.0037279700763319153 0.0050596222470077569 -0.0034441059662491669 -0.0046149743101673978 0.016230231688649448 0.0024253454690478459 0.016226236040633401 -0.0018855768264371727 0.008711901710330025 0.0029106836410863397 -0.0016218568284220964 0.010449049904233183 -0.006931032588844358 0.0035142984983782882 0.0047341801280312281 -0.0034628955253623132 0.0034320526304605892 -0.0068674195984145042 0.0038060058959243455 -0.0062794532445270756 -0.0072382935590983733 0.0078378675524525127 0.013111376782972185 -0.0070990555339887438 -0.00039980615755843884 0.0086890328550822508 0.014091008598167736 -0.0076108420550352971 -0.0026070122457372709 0.011337864045727097 -0.0048853588720649049 0.0038370798674868924 0.003893090899735377 0.013287690817200782 -0.0057154097368879884 0.0075872039926709444 0.015017066889313469 0.0087190057929514373 -0.0020819758784524391 -0.0092509383228438179 -0.0028404677037384253 0.0092906228901833542 0.0055509591367389833 -0.0059303118441625781 0.0031550188192613982 0.013715123656516965 0.0046801889871854862 -0.0035419218408333404 0.0084310235310773706 -0.0086907253722295838 -0.00099286422836909359 0.0024370684855018298 0.0083512018309672593 -0.0049819809384340896 -0.0036648279024608476 0.010939394361551205 -0.00020956235898362101
leaf_weight=40.492438761284575 27.446208637906238 75.169925213558599 19.719732809113342 43.046953303739429 2.2506941664032629 109.01893868250772 38.315035981824622 6.0924363685771814 155.05209799832664 6.2187304291874161 23.929395654937252 2.4560833191499105 51.771199178416282 2.4879149268381324 16.823003140045333 3.0922165554948142 24.390791003126651 18.575401998590678 68.96853223675862 66.130931358784437 20.515065825544298 10.256775078829376 2.5633995486423364 59.064675964415073 5.4167669960297635 1.2710669133812214 6.4469189238734534 4.3706134944222894 300.49909430136904 20.210601545404643 34.129594881087542 4.2211964181624353 5.6184636494144797 18.04660239093937 10.355191200971602 5.9388879330363116 19.499359110603109 8.423932016361503 44.922245416790247 11.259695900138466 4.3807089691981655 15.971860085614024 4.3978559193201354 19.214357479009777 9.4382794983684999 2.5303057446144503 14.235876049380748 7.2598837530240408 11.022260456345974 41.796469310298562 3.2385231438092879 25.677065214142207 19.077808181056753 10.051355740521105 29.728433805750683 7.8809726245235643 15.469974202569572 67.361159346532077 6.2805389985442162 2.1958441911265254 16.385520354378968 20.812796898186207
leaf_count=4040 1337 5408 404 457 91 7991 860 227 15105 38 836 12 3248 36 776 63 387 691 2008 1438 1257 267 30 1767 279 28 144 40 35197 802 322 47 62 1141 207 367 617 186 405 743 129 87 31 694 911 36 350 198 105 1048 31 745 559 228 3434 181 364 1166 200 26 261 517
internal_value=1.37233e-05 -0.00269123 -0.00427964 0.00289871 0.00213853 0.0026342 -0.0019079 0.00159641 -0.00353436 0.00204918 -0.00438863 0.00086346 0.00106744 0.00734953 0.00471942 0.00524678 0.00354843 -0.00190885 0.00699174 0.00506288 0.00391321 -0.00442343 0.0102874 -0.000316038 -0.0014339 0.00374566 -0.00194374 -0.00267274 -0.00667068 0.00200281 0.00467229 0.00658163 0.000756773 0.00230371 0.00453817 0.00340952 9.20141e-05 0.0110694 0.0118071 -0.000545173 0.00533495 0.0102682 -0.000280781 0.0025635 -0.00264599 0.00773588 0.00216784 0.00340203 -0.00322209 0.00206939 -0.0018703 0.00178699 -0.00103055 0.00566571 -0.00527168 0.00586383 0.00644293 0.00724828 0.000175599 0.00668027 0.0096218 0.0035497
internal_weight=1748.89 902.589 658.619 846.298 722.872 672.123 330.674 243.97 234.369 96.305 208.71 363.502 90.0862 123.426 308.62 280.537 142.212 30.8775 138.326 111.335 147.48 50.7492 59.0018 257.925 180.813 105.578 96.4895 133.6 327.945 24.5812 64.4076 46.4996 12.37 77.1113 79.3237 25.6586 40.0144 56.4384 53.3462 28.0827 107.466 59.0188 17.908 87.9211 90.0426 6.7515 85.465 66.2506 13.5102 47.2132 80.6043 52.0148 26.3377 12.302 184.781 101.373 93.4924 82.8311 10.6612 5.43437 17.6566 86.9437
internal_count=100662 71487 60826 29175 27992 23685 24292 10661 20146 4146 19375 15915 4108 1183 7770 6251 3352 1010 2899 2342 4141 4307 684 13068 10160 2847 6520 8833 36534 842 639 467 145 2908 2215 771 1874 654 591 1519 2267 544 172 2558 6376 83 2546 1852 141 1327 5465 1502 757 319 18539 2040 1859 1530 329 57 289 1955
is_linear=0
shrinkage=0.01


Tree=6
num_leaves=63
num_cat=0
split_feature=25 108 28 28 53 22 156 31 45 28 45 79 94 156 21 69 23 103 124 121 27 121 7 136 142 35 144 39 123 137 104 79 156 130 54 79 143 31 7 56 76 115 79 32 42 94 32 146 148 30 76 51 149 96 136 26 69 43 118 29 76 144
split_gain=157.581 66.4048 34.6082 27.396 22.074 23.3711 19.3459 19.1429 25.2432 18.8792 14.9083 13.5416 12.5131 9.22765 7.47036 7.43703 7.02728 6.77522 6.73826 6.63595 6.20157 6.15712 5.7547 5.65652 5.53891 5.47263 6.09215 5.5198 5.39436 5.35374 5.33375 6.40326 5.3273 5.0487 5.04439 4.96156 4.92749 4.83367 4.75194 4.53068 4.52935 4.49293 4.39774 4.28264 4.14387 4.10662 3.92608 3.85291 3.74864 3.69444 4.45426 3.8752 3.95406 3.67956 3.62427 5.48681 4.30385 4.43525 4.09182 3.60595 3.60003 3.81022
threshold=0.012221651081018409 0.70813237259301498 -0.29894144760099728 -0.41375040875546948 1.6880957659283846 -0.4115284617523815 -0.33271074769929004 0.036432797394028549 -0.62368905292630883 4.217276929003245 -0.0010426052760705467 1.3644712747763088 -2.2471172365106122 -0.33410990576245253 0.042519989085834244 0.94229479333148813 0.098735727965655093 0.036541589766160766 2.1726768298123837 -0.17375397175192003 5.2872314164320864 0.57329424921691219 0.64062052054437568 -0.83683755465160548 -0.40173809357730189 2.0271588182525808 -1.7046060711486357 -0.036492998357275173 0.98041509101122182 0.99203670667861998 -0.65331795067053411 1.417007175880012 -0.33410990576245253 0.20343408764438806 1.5825554513545503 0.037458870956130139 -0.86717461234142201 -0.075146285759974701 0.58184526683988835 0.29096921451243407 1.5040946654106324 -0.227748653659641 0.85055436066392043 0.81503260224480101 0.27604260418497395 -1.2235061971059897 0.38193878199211967 -0.20148981439025002 -0.42593110027342423 -0.40886686041161041 1.5040946654106324 -0.073836858064138505 0.95490333222782398 1.0844180557960781 0.26902363814399871 -0.096729843780304484 1.2841983504821681 0.55284647759686523 -0.54364833937936263 0.35776223823785408 1.4427491534548553 1.8239729551007844
decision_type=2 2 2 2 2 2 2 2 2 2 2 2 2 2 2 2 2 2 2 2 2 2 2 2 2 2 2 2 2 2 2 2 2 2 2 2 2 2 2 2 2 2 2 2 2 2 2 2 2 2 2 2 2 2 2 2 2 2 2 2 2 2
left_child=3 2 32 15 5 10 19 13 21 11 -5 12 23 33 25 -1 36 -18 30 -4 24 -9 29 -8 48 26 -12 -28 -22 -14 54 35 -2 -3 45 -32 -10 42 -11 -13 47 -39 -26 -16 -21 -33 -31 -23 -6 -38 51 -51 -53 -24 -7 56 57 -56 -57 -44 61 -50
right_child=1 7 6 4 20 18 9 8 16 38 14 39 22 -15 43 -17 17 -19 -20 44 28 40 53 -25 37 -27 27 -29 -30 46 31 34 -34 -35 -36 -37 49 41 -40 -41 -42 -43 59 -45 -46 -47 -48 -49 60 50 -52 52 -54 -55 55 58 -58 -59 -60 -61 -62 -63
leaf_value=-0.0069835032473780827 -0.0023409541365736332 0.0096707138237952378 -0.0021632660550554776 -0.0052296411959694604 -0.013769185557556065 -0.00031978346600300379 0.0097116237235760211 -0.0047443272406710764 -0.0043708986414722059 -0.0059957963032026673 -0.00099804068659596753 -0.00065155059484949733 -0.0058424330162576482 -0.0051818664621398267 -0.0059845535252981072 0.0013472226395940771 0.0039182709886185878 -0.0045270784018832362 0.0067679345059136866 -0.0013107949003801037 0.0019701531470005551 0.00094631197040082971 -0.0032258030099927256 -0.00040768888109206136 0.012478058955092431 0.00084343107196688651 0.0076429173197879955 -0.010298319240554379 0.015393441455074991 0.0094601035001187113 0.002156422129376701 -0.013640997294505495 -0.0069494765187568851 -0.0064487472428535067 -0.0099537675834884976 -0.002843909901795871 0.0022030231694647466 0.0076372998848412777 0.016247542657304916 0.006313699385983044 -0.0073704783361299491 -0.0001064584930382996 0 0.0045174104017131804 0.007981746638779463 0.005351055356737776 -0.0086313907554732144 0.012427349382904511 0.0062348804749349472 -0.0073653039425326571 0.0012681291310839466 0.0082822629263754263 -0.0013186604875133048 0.0032029374189162453 -0.0051851899781835721 0.0025616748569189766 0.0041244572705456117 0.0031140434280159603 0.009111166027079785 0.011661321595387335 -0.0081782870005069602 -0.0045810381588846649
leaf_weight=28.218143325299025 27.4968860023655 7.241712059825657 12.61358848819509 12.103273305576293 1.1943405116908241 35.558153024408966 7.2506915817502913 44.507776527199894 4.6193348767701528 1.1213900980073948 8.8601248555351031 22.144800195004791 194.06580524332821 51.927299605449662 7.4781298837624481 17.240260598715395 28.522866869810969 14.223465814720837 21.241946728434414 5.79578769695945 3.6982789007015553 7.6454699095338574 41.540063237305731 23.021372943883762 32.129807229619473 15.130712900077922 185.4205347194802 1.7178634190931905 16.184258435852826 3.9657955579459658 26.270628748694435 1.1731732562184358 295.60416194819845 2.6385572501458228 2.5732084154151371 80.808129156474024 20.425492565380409 32.136472009122372 6.2660805499181151 16.108893632423133 3.5950285284779957 9.7360714478418213 6.0966471331194025 8.0513295526616258 27.328658035490662 28.836301716975868 1.703789926599711 4.7453315774910143 28.687820317223668 1.6933310427702952 12.732094748411326 91.455401014070958 4.4792961361818007 11.307978100841863 14.689586214954035 16.851870377548039 27.339751406107098 11.436073977500198 22.159814396407455 4.6831691586412489 2.1975791645236304 3.6558530335314563
leaf_count=2931 1354 133 423 1056 27 1160 113 3704 218 109 376 728 20586 5009 380 746 864 1114 380 194 28 463 2980 769 321 652 3183 45 77 103 1113 33 34979 59 79 5006 537 385 31 498 257 102 110 282 458 682 83 136 440 86 277 1387 118 551 675 408 704 370 469 43 28 50
internal_value=9.94356e-05 -0.00246662 -0.00416 0.00368775 0.00419893 0.00326091 -0.00208954 0.00146329 0.00274809 -0.00293812 0.00557607 -0.00330214 -0.00405745 -0.00349549 0.00615372 -0.00382225 0.00464345 0.00110541 0.00134733 0.00400218 0.00772333 -0.00283185 -0.0047857 0.00201517 0.00686684 0.00664611 0.00709348 0.00747715 0.0129039 -0.00556236 0.000916593 -0.000434316 -0.00655767 0.00535368 0.00344574 -0.00161611 0.00575948 0.00825957 0.012854 0.00227983 0.00248626 0.00583476 0.0106215 -0.000533917 0.00635291 0.00460096 0.00400012 0.00535777 0.0035584 0.00611835 0.00684183 0.00756749 0.00783285 -0.001848 0.00239087 0.00343414 0.00135065 -0.00154871 0.00628593 0.00507239 0.00416424 0.00500821
internal_weight=1711.35 997.788 697.336 713.559 668.101 527.701 374.235 300.452 238.645 328.497 238.762 321.109 282.855 61.8076 226.659 45.4584 178.151 42.7463 288.939 45.738 140.4 60.4936 252.583 30.2721 120.518 211.129 195.999 187.138 19.8825 199.735 267.697 139.661 323.101 9.88027 32.5827 107.079 135.405 84.7822 7.38747 38.2537 15.9858 41.8725 42.9096 15.5295 33.1244 30.0095 5.66959 12.3908 35.7356 130.786 110.36 97.628 95.9347 52.848 128.035 92.4771 53.4654 26.1257 39.0117 10.7798 34.5413 32.3437
internal_count=100662 78321 63959 22341 18664 17053 27626 14362 9161 26551 5974 26411 25185 5201 4918 3677 4601 1978 11079 1075 1611 4560 24303 882 1506 4256 3604 3228 105 20772 10699 6913 36333 192 794 6119 2623 961 140 1226 856 487 474 662 652 715 186 599 545 2405 1868 1591 1505 3531 3786 2626 1749 1045 877 153 518 490
is_linear=0
shrinkage=0.01


Tree=7
num_leaves=63
num_cat=0
split_feature=26 36 13 44 24 44 144 104 33 90 27 156 15 79 46 106 136 15 46 17 36 36 30 36 136 138 79 23 149 20 141 43 147 2 17 56 65 80 14 79 136 3 13 81 149 56 73 44 118 80 116 31 46 147 33 72 114 140 2 89 138 135
split_gain=161.455 69.4904 39.4338 35.9332 25.9308 20.8641 16.107 21.1051 15.9262 13.2853 13.1473 12.2928 10.4 9.54835 8.24438 8.31807 6.50086 6.48734 7.23906 6.34288 7.47691 6.21461 7.94412 7.77167 5.98617 5.9281 5.85155 5.84867 5.79031 18.4908 17.2202 7.2452 6.09182 5.534 5.78488 5.30397 5.32461 5.92726 5.17191 5.15856 5.112 4.94322 4.52532 4.43029 4.99925 4.39163 4.35249 4.31367 4.24342 4.22392 4.04552 4.01478 3.90643 3.84182 3.78416 3.67185 3.62868 3.5729 4.42585 3.55359 3.52174 6.48464
threshold=0.10158951049074239 0.77326773061746967 0.86015644762122789 1.2776558360286216 0.20656465003835497 -0.68458826168576492 -1.5953832798775867 -0.65331795067053411 -3.1268660678800937 1.4939747307639075 5.2872314164320864 -0.33083077648808362 -1.0413186014293643 1.3644712747763088 0.42673246158371225 -0.43170745071659933 3.3957118002253686 -1.0413186014297455 2.9876452757030751 -0.14221303713970654 0.91392273639843558 1.3379819022489878 1.5890372345997674 3.1359801007492556 -0.74038681008544949 -0.089510039743343581 1.4565563623518971 -0.30247041101652611 0.079655646472650984 -0.6075061710597961 -0.47634660775476806 1.552368542280383 0.33581250611296148 0.84680522397010149 0.03403191967211474 -0.64670697121562581 0.50254722305735955 0.18364714623244846 1.7267296891051551 1.3977867100452384 0.26067206906517559 0.76942771533400867 0.089759462144603355 -1.1044248409788329 -0.56091116454369472 0.88646247671825951 1.2122820826415805 0.7164477019674218 -0.40891243946098327 1.6664556983020489 -0.78681621180827399 -0.041616638339263309 1.3426305124946196 0.18177050729179067 -0.88947171354023202 -0.11107275734761486 1.1946717450113586 -0.58437940493503404 -0.36320431557065197 -1.0579851129751339 -0.080412373939522414 0.44572473503612581
decision_type=2 2 2 2 2 2 2 2 2 2 2 2 2 2 2 2 2 2 2 2 2 2 2 2 2 2 2 2 2 2 2 2 2 2 2 2 2 2 2 2 2 2 2 2 2 2 2 2 2 2 2 2 2 2 2 2 2 2 2 2 2 2
left_child=3 2 9 5 41 39 -7 14 -4 12 17 35 54 27 15 -8 33 18 -5 20 -9 42 23 -23 -11 -21 38 -14 29 30 -17 32 -30 -12 -35 -10 -37 -38 -6 45 53 59 -19 -42 -45 -1 -15 -43 50 51 -44 -27 -13 -16 -2 -22 57 -34 -59 -3 61 -31
right_child=1 4 8 10 26 6 7 19 11 24 16 52 13 46 40 28 -18 21 -20 25 55 22 -24 -25 -26 49 -28 -29 31 60 -32 -33 56 34 -36 36 37 -39 -40 -41 43 47 48 44 -46 -47 -48 -49 -50 -51 -52 -53 -54 -55 -56 -57 -58 58 -60 -61 -62 -63
leaf_value=-0.0075845801065893437 0.0090083761033987551 -0.011183629066401937 0.015292291025689563 0.011330522919056845 -0.0041870789079046259 -0.0053228657300042025 -0.0096293394891033748 -0.0036976758505864937 -0.003719268923187349 0.0076335559421249434 0.013391847125627868 -0.0045941051757270659 0.0034553668895141929 -0.004774918125346121 0.0033008727519956284 0.0060306569790686106 0.015777892657543792 -0.00034277317035344619 0.00060739592591683273 0.010350729929541424 -0.0043497229928213315 0.011674317637617343 0.0008231499014669959 -0.0084172670675707398 -0.0021758151317726689 -0.001674393945349091 0.0073172753843810598 -0.0069060907317251346 0.0043910363882456518 0.0070404816205368271 -0.010547770240083187 0.00039688597790377188 -0.0025116950315586094 0.0084689486876929378 -0.011597476833164238 -0.00059801955985522108 0.0088407300522340502 -0.0035302823697865495 0.0084106214717163917 0.0022444646031828568 0.010884975552564773 0.0024346599139556651 0.0015778281909473372 -0.0076194547562466975 0.0037937077503146423 -0.0016397067684787909 0.002110400401934893 0.010846542181755717 -0.0015510500277717326 0.010549637540453386 0.0063257960260989215 0.0030955946484156772 0.0064206588661254484 -0.0026930151417011239 -0.0015274536979070191 0.004561448420085254 -0.0011408548898251397 0.0075469102937825994 0.014168491298458406 0.0038728222985634653 0.0047296328156065512 0.017109561950221539
leaf_weight=27.80036905920133 4.0074239270761636 1.578080454841255 7.263774157036095 32.193237806670368 63.992003766354173 24.434059577062726 3.3851984357461324 60.399446327239275 8.9761132635176164 9.1945730210281926 5.6612240499816817 43.211848982376978 5.4983105843421063 19.094575675437227 18.434906549984589 11.661874815123157 20.796837884467095 23.145542179467157 7.8517636097967616 7.9079554895870379 5.8917309623211649 31.417198011185974 11.572625123197211 2.0380771514028302 19.164290367858484 36.257223944645375 5.3380732624791554 434.66792304185219 18.657713285414502 31.861732558114454 13.50797501998022 10.517342243809251 1.7083372357301403 3.2017161953262985 2.5886489911936224 13.164000916760413 26.021753363311294 4.5316834100522092 3.4196408567950121 12.510125822853295 8.3887965586036426 8.784870875533672 23.790141810663044 4.0039094300009301 85.369911020621657 22.567023378564045 17.643723547691479 20.214405537582934 10.360856364946811 4.5776838071178636 73.907646093517542 34.334150963462889 3.4630829193629316 25.430322481319308 22.496084607671946 21.22547123581171 2.3099647536873809 14.671505289152263 33.226311595179141 107.29195840400644 35.392282234039158 8.0325044556520862
leaf_count=2793 76 70 55 230 5839 2536 379 3500 440 202 60 3662 247 1634 641 268 111 775 68 206 196 365 274 27 943 2113 121 52035 656 648 799 222 31 42 35 551 401 170 44 421 138 287 505 114 2384 1859 733 315 309 102 1368 1439 142 936 1100 605 37 209 362 2815 945 72
internal_value=0.000171499 -0.00289726 -0.00454055 0.00329942 0.00208317 0.00194475 0.00260087 0.0029906 0.00100872 -0.0056535 0.00648461 -3.58231e-05 -0.00602868 -0.00636751 0.00447976 0.00587069 0.0124432 0.00559515 0.00923117 0.000139294 -0.00173868 0.0047679 0.0079752 0.0104452 0.00100265 0.0021188 -0.00274606 -0.00677636 0.00616077 0.00455317 -0.00286322 0.00815025 0.00930406 0.00636999 -0.000489264 0.00327314 0.00471164 0.00700204 -0.00354539 -0.0034959 0.00266254 0.00463215 0.0036659 0.00393508 0.00328049 -0.00492383 -0.00146582 0.00830346 0.00452541 0.00125019 0.00517093 0.000644321 -0.00377351 -0.000171552 6.46261e-05 0.00262075 0.0110666 0.0116372 0.0121443 0.00365265 0.007034 0.00907413
internal_weight=1682.01 849.018 638.399 832.991 210.619 584.466 521.588 497.154 106.632 531.767 248.526 99.3685 503.408 476.905 326.561 184.933 32.2484 216.277 40.045 170.594 87.5166 176.232 45.0279 33.4553 28.3589 83.077 72.7497 440.166 181.548 100.456 25.1698 81.0912 70.5738 11.4516 5.79037 52.6936 43.7174 30.5534 67.4116 62.8775 141.628 137.869 131.204 97.7626 89.3738 50.3674 36.7383 28.9993 108.059 75.1691 97.6978 70.5914 46.6749 43.8652 26.5035 27.1172 51.9161 49.6062 47.8978 108.87 75.2865 39.8942
internal_count=100662 71882 62391 28780 9491 24611 19538 17002 5421 56970 4169 5366 55825 54649 8841 4628 248 3921 298 8161 4301 3623 666 392 1145 3860 6004 52282 4249 2732 1067 1517 1295 137 77 1562 1122 571 5883 5073 4213 3487 2957 2636 2498 4652 2367 602 2182 3654 1873 3552 3804 1577 1176 801 639 602 571 2885 1665 720
is_linear=0
shrinkage=0.01


Tree=8
num_leaves=63
num_cat=0
split_feature=26 36 13 44 28 45 27 22 156 28 156 94 15 47 107 30 103 104 78 28 73 17 36 138 94 148 45 34 5 63 149 27 72 28 17 128 100 81 143 14 81 30 76 17 156 119 30 6 95 81 27 102 81 141 91 72 137 103 137 56 70 56
split_gain=176.989 63.1863 43.0267 35.7871 32.5532 25.3132 24.8026 16.8496 18.9165 14.9567 17.1773 12.3647 11.1839 8.24267 8.07019 7.42888 7.49372 7.0695 6.84309 6.65368 6.38576 5.8218 5.56765 16.7425 10.8103 8.32978 5.84952 5.68669 5.55046 5.51565 6.80373 7.05068 5.61379 5.39024 5.30048 5.20472 4.96528 5.20901 4.66642 4.58908 4.98662 4.43149 4.33295 4.28626 4.25568 4.22994 4.20474 4.06653 4.03481 4.41759 3.96935 6.47367 4.74007 4.46014 3.94395 3.92683 3.75878 3.74923 3.7429 3.69936 3.68786 3.69788
threshold=0.10158951049074239 0.77326773061746967 0.86015644762122789 -0.68458826168576492 -0.56540221507013688 -0.57932347286456087 5.2872314164320864 -0.4115284617523815 -0.33410990576245253 3.2582902632633677 -0.33083077648808362 -2.2471172365106122 -1.0413186014293643 1.0000000180025095e-35 1.1803299202525459 1.6468788484446497 0.71600228873264349 -0.5460470300930339 0.91268409512509707 -0.34623432663735937 1.2122820826415805 1.1110473875605624 1.1766588607635504 -0.086580987120014163 0.41427146594140646 0.10385408158716959 0.60956752120939983 0.55221988231469799 -0.17105206237718856 -1.0891254272287487 -0.17833016927401282 -0.696389344638907 1.1132435558319724 -0.23010792431320617 -0.63091166967678813 0.29237162345241996 -0.27044666904214176 0.11440947247140797 -0.86717461234142201 1.7267296891051551 1.6691634570236313 0.36722137350582834 0.16865192140705945 0.042843650768439649 -0.030867086476837991 1.0000000180025095e-35 1.2114584213140136 0.14033810686079159 2.9268532882948581 1.1410624323001077 0.57561393637683944 -2.016502366007257 -0.11624628092858863 -0.44285391125715928 0.32529729058563867 -0.62064793303320387 1.1528032009547438 -1.4552658318805047 0.64259575126048885 0.90042215631602451 -1.0241108357486584 0.31805526726781236
decision_type=2 2 2 2 2 2 2 2 2 2 2 2 2 2 2 2 2 2 2 2 2 2 2 2 2 2 2 2 2 2 2 2 2 2 2 2 2 2 2 2 2 2 2 2 2 2 2 2 2 2 2 2 2 2 2 2 2 2 2 2 2 2
left_child=3 2 11 59 14 39 7 15 41 10 19 35 33 -7 -5 16 22 46 -8 -4 -14 36 23 24 25 29 58 -27 -22 -6 31 -31 -32 -13 47 -2 -21 -38 -15 40 -3 55 43 -43 -16 -34 -10 -26 49 -28 -19 -52 53 -53 -20 -9 -48 -25 -24 -1 61 -23
right_child=1 5 9 4 6 13 18 8 17 -11 -12 12 20 38 44 -17 -18 50 54 21 28 60 26 57 34 27 48 -29 -30 30 32 -33 45 -35 -36 -37 37 -39 -40 -41 -42 42 -44 -45 -46 -47 56 -49 -50 -51 51 52 -54 -55 -56 -57 -58 -59 -60 -61 -62 -63
leaf_value=-0.0065510174045051673 0.0055585322827817708 -0.005445653898415702 -0.0022044014915371924 -0.0076890764588034158 0.0098626655456285454 -0.0012000793227790534 0.014098894583065973 -0.00080760422524855349 0.0032978796116935522 0.014422368957133875 -0.0046898525374190663 -0.0031722359897563431 -0.007034426073291856 -0.0063498137219177462 -0.0010978305290862767 0.00095766582154853278 -0.0083727589577096799 -0.0019694405493180917 -0.011092765811781966 -0.0083535730841197871 -0.0070126386516421039 -0.0024247448083292347 -0.0086166951911901702 0.005610459810681475 -0.0035002198911007827 0.012580985882052084 0.013453289103330412 -0.0019960987649840804 0.0002777678824637343 0.012188062972352358 0.0063157643644661324 -0.0048405113631157671 0.0059634576179071674 0.0063693347007482918 0.01535093524159243 -0.0030593537846127202 0.011177428283076225 0.0012604100915841636 0.0053262331862740722 0.0069861084223417358 0.0051790768333305317 0.0063922171493392653 0.0064017847574936605 -0.011350497307689287 0.012753922208352308 -0.0064221632197488344 -0.0084002705566267061 0.011427971319810295 -0.0022066361666072281 0.0074610586788935989 -0.011549652923818056 -0.0045027642925309867 0.00057734664113606835 0.0093309135352536276 0.011083572242391508 0.010120256801978198 0.0016138194771510947 -0.00089973010620026598 0.0056621922351941757 -0.0014359095260967269 -0.0090272412938313552 0.015433147599478947
leaf_weight=30.554176414385438 11.785790372872727 51.128144982038066 13.553349234862251 27.702606316423044 17.381818894995376 26.08329539722763 32.022594521287829 3.5466500590555361 177.3299537813291 7.8655599053017786 42.139988725772128 17.651292173424739 409.46023455448449 3.5087720640003672 11.348890554392709 28.787536972900853 3.4302952520083627 62.895865658530965 1.7837944426573806 1.7622350221499825 18.706162493443117 3.0939368545077741 2.0253040823154178 11.452767109265549 2.9774655546061721 23.940251864492897 31.625887998379767 2.9969429960474363 23.56660238862969 2.9180617439560619 58.803578600520268 14.285817057592793 4.6527262669987959 8.8961924603208882 21.115085001569241 17.248918140539899 22.713265616912398 6.9406053102575234 118.59906808612868 3.6743431868962935 4.8176723518408826 2.3451590151526061 15.968397903256117 3.206317869015038 2.7437993399798861 6.7280328324995935 5.877898151753473 4.6548404172062874 2.3636527294293037 20.38106120750308 3.4905759184621266 2.793187499279159 39.312637626426294 13.649793428601695 1.4389239605516193 42.154038104694337 10.276687846519051 38.69151169876568 18.380571709014475 26.433940539136529 3.6402106506284309 1.8357530003413556
leaf_count=3023 263 5045 804 3068 352 1577 223 35 4982 51 3807 998 50870 231 551 1086 352 3777 28 80 2038 102 80 186 46 329 322 81 1601 105 1286 656 100 176 198 1024 244 183 2362 45 231 28 144 26 85 159 375 56 35 248 68 136 1687 337 21 342 391 1387 339 2050 135 15
internal_value=0.00022596 -0.00307741 -0.00469783 0.00346691 0.00402765 0.00168531 0.00451545 0.00410323 0.00268999 0.0011758 8.43948e-05 -0.00589685 -0.00628151 0.00389931 -0.00455523 0.00580639 0.0062893 0.00166364 0.0127012 0.00384417 -0.00665221 0.00589689 0.00646618 0.00563202 0.00720821 0.00599329 0.00881311 0.0109553 -0.00294685 0.00471563 0.00368971 -0.00194097 0.00507143 2.26201e-05 0.0127669 0.000436091 0.00788974 0.00886089 0.00498941 -0.00381583 -0.00452818 0.00750666 0.0037547 -0.00383929 0.0015991 -0.00134906 0.00285273 0.00559424 0.0105278 0.0111088 -0.000219241 0.00163711 0.00246638 0.00697358 -0.00115658 0.00927001 -0.0020266 0.000586001 0.00423657 -0.0041808 -0.00139766 0.00422284
internal_weight=1653.14 818.671 610.86 834.469 777.481 207.811 735.686 700.44 382.847 103.545 95.6793 507.315 478.28 148.191 41.7953 317.593 288.806 315.627 35.2453 53.5394 451.733 39.986 285.375 210.599 160.455 131.707 74.7765 26.9372 42.2728 104.77 87.3882 17.2039 70.1843 26.5475 28.7474 29.0347 31.4161 29.6539 122.108 59.6202 55.9458 67.2206 21.5199 5.55148 14.0927 11.3808 193.485 7.63231 54.3706 52.0069 122.142 59.2462 55.7556 16.443 3.22272 45.7007 16.1546 50.1443 20.4059 56.9881 8.5699 4.92969
internal_count=100662 71882 62391 28780 23707 9491 20003 19731 12328 5421 5370 56970 55683 4170 3704 7403 6317 11753 272 1563 54509 759 5965 4941 3368 3068 1024 410 3639 2658 2306 761 1545 1174 300 1287 507 427 2593 5321 5276 575 198 54 636 259 5748 102 605 570 6005 2228 2160 473 49 377 766 1573 419 5073 252 117
is_linear=0
shrinkage=0.01


Tree=9
num_leaves=63
num_cat=0
split_feature=25 36 15 45 44 28 28 138 28 27 44 36 94 99 28 85 23 27 79 148 150 106 79 13 106 30 122 79 138 137 148 5 127 15 79 114 154 15 77 15 29 31 15 45 119 31 145 137 54 124 147 140 114 73 21 15 72 146 30 30 76 154
split_gain=201.527 70.398 33.9358 31.7127 27.8386 23.9309 19.6988 28.1336 16.0009 14.4621 12.9961 11.8036 11.2506 11.1423 11.131 10.4039 10.011 9.81139 8.99678 8.97084 9.87576 8.77091 7.82113 9.08024 7.42697 6.74356 6.45754 7.38196 6.34198 6.19473 5.53716 5.50704 5.46701 5.23872 6.83736 5.26179 4.98388 4.94041 4.50274 5.35704 4.40504 4.37517 4.21729 4.18026 4.15695 4.09271 4.06069 4.28273 3.82152 3.99159 3.90182 3.82031 3.79345 3.75251 3.73275 3.59493 3.77566 3.53433 3.48051 3.44621 3.80197 3.7601
threshold=0.012221651081018409 0.77326773061746967 -1.0413186014293643 -0.62368905292630883 1.6921452060219124 4.217276929003245 -0.56074796365338087 -0.091133158187742494 -0.29894144760099728 5.2872314164320864 -0.68458826168576492 1.37318887919414 0.61899367382233106 1.0142208392386383 -0.33510508309849957 -0.9327357408304362 0.1023524769723618 -0.59915343829544188 1.4986675191767842 -0.3173422753347388 -0.2318703420028834 0.70308650829552166 1.3644712747763088 0.89756275635317773 0.10316360336571649 1.4805949960247067 -0.18188050231257155 -0.3975281271076142 0.24655144200574372 0.90363409161403385 -0.41215608509168833 -0.20072984460158785 -0.31589607401340924 -1.0413186014293643 1.2738500002771447 -0.60292456345071488 -0.29115011090778004 -0.93852821443268974 1.0831230044448386 -1.0413186014300579 0.37142411977865269 0.8521906897042526 -1.0413186014297455 -1.716203406978358 2.3426634530829147 0.80905825237704498 -1.6094600771317309 -0.63345969241763711 1.782342820269466 2.1726768298123837 0.35037893631565692 -0.36586845273854113 0.22805431648585153 0.26880305449094127 0.089899496032148155 -1.0413186014295168 -0.62064793303320387 1.590423021096419 0.084888058962010751 -0.67754321539438511 1.5040946654106324 -0.1464518099883963
decision_type=2 2 2 2 2 2 2 2 2 2 2 2 2 2 2 2 2 2 2 2 2 2 2 2 2 2 2 2 2 2 2 2 2 2 2 2 2 2 2 2 2 2 2 2 2 2 2 2 2 2 2 2 2 2 2 2 2 2 2 2 2 2
left_child=4 2 14 18 6 8 28 12 -4 26 -9 13 19 33 -2 17 59 -10 37 21 31 36 23 29 -18 -13 53 58 -1 -17 57 -21 -16 35 -35 -12 -8 45 48 -40 -19 42 -41 -32 -44 -3 -38 -48 49 52 -50 -46 -29 -6 -14 56 -15 -25 -28 -5 61 -61
right_child=1 3 5 16 9 -7 7 10 15 -11 11 25 54 55 32 22 24 40 -20 20 -22 -23 -24 30 -26 -27 27 38 -30 -31 43 -33 -34 34 -36 -37 46 -39 39 41 -42 -43 44 -45 51 -47 47 -49 50 -51 -52 -53 -54 -55 -56 -57 -58 -59 -60 60 -62 -63
leaf_value=-0.0073645577169129386 -0.0027682128497576782 0.010781792653155932 -0.0072967486148801898 -0.0032386361650256763 0.0045963399860319892 0.012632924264337469 -0.0027097627722752118 -0.0050202520679914963 0.01151766659740246 0.013105548909825989 -0.010166969133913406 0.0078935296366240502 0.014349269727365855 -0.0034421669125104075 -0.0096817194933182926 -0.0069297383830323293 -0.0066541458585142547 0.0010341780250421064 0.0069307672894246041 0.0057409221080476471 0.0018593838780807006 0.0082615027912356191 0.00053576246101448924 0.0020357310319033092 0.0023440709856711915 0.00021511044635909887 0.016265466256661209 0.0036000671587088535 0.0097333284783546591 0.0018580736977200447 0.010392986285080468 0.01314026024994718 0.0065256170672915456 -0.0035843074901056498 0.0023486234906486504 0.0074475336958420213 -0.0039230189550440572 -0.0063058782786298787 -0.010097690778367396 0.014544520736140296 -0.0058660237807763409 0.0089824376651524082 -0.0048834951236130597 -0.0046205092925015725 -0.004817054074486805 -0.0053196007112125479 0.009236689117141093 -0.0069141770319541673 0.0066471648677917132 0.0084970946921402949 0.017182389006896576 0.011696362702423338 -0.0042569547897870624 0.011430470592322637 0.0012209170282909568 0.0026738274237739891 0.010347989362013072 0.015876263836429001 0.007156769808516204 0.004025186409273766 0.00022783741391449436 0.0074360771324430072
leaf_weight=22.487269015284259 27.243725663051009 3.260543323121964 299.42627765564248 5.1607394269667557 11.155384912854059 7.1878811917267731 22.958040249301121 25.532328377244994 6.7485873722471288 35.809186870232224 1.979451905004679 51.023291404359043 22.824430586304519 2.3774471022188672 2.1951358588412395 152.98985571996309 14.216481312410904 24.97809127625078 6.5143733979202798 14.81068553146906 16.85634883493185 21.555081288330257 24.080333921825513 6.6819815963972342 25.795615767128766 14.777458079159258 7.3111672974191633 27.388177951565012 2.3875016686506561 8.4428026124369335 2.0226243175566223 31.889133731368929 36.090745253721252 67.022311083739623 27.320840374566615 11.374550161883233 4.5065365068148848 57.859974976861849 3.9520450416021076 1.7824303479865253 14.666345436824484 7.2651158431544891 12.14802895486355 20.845918284263462 2.2605104357935488 3.0342443305999041 11.826163318939507 1.8915570178069145 24.2890560310334 12.101989803370087 4.1284850239753714 3.6285328050144008 7.9026644967962048 29.425707422429696 2.4134121185634276 139.92892629955895 11.605064564384517 2.552499461453408 10.042634087381883 70.164371978724375 14.677296444308011 60.327812389237806
leaf_count=2691 1448 73 38559 151 179 131 933 2508 208 240 33 846 166 17 81 19303 1356 1176 155 285 648 313 1169 269 934 705 49 557 80 479 71 264 524 4497 1126 113 244 6320 41 11 1113 139 314 1833 53 143 200 55 205 161 19 49 195 452 99 3637 83 32 134 1376 391 1026
internal_value=0.000268964 -0.00290539 -0.0046997 0.00146744 0.00417067 -0.00548243 0.00296808 0.0033966 -0.00571393 0.0073434 0.00184874 0.00238485 0.00700078 0.00143198 0.00211454 -0.00391819 0.00359159 0.000379146 -0.00425209 0.00578045 0.00842914 0.00309468 -0.00483476 -0.00550349 -0.000851402 0.00617093 0.00608989 0.00495594 -0.00571622 -0.00646944 -0.000642541 0.0107975 0.00559147 -0.00103442 -0.00186506 0.00482341 0.000386549 -0.00539007 0.00397124 0.000758779 -0.00151685 0.00234973 -7.9841e-05 -0.0032843 -0.00153783 0.00300853 0.00429197 0.00699892 0.00528482 0.00354131 0.00818674 0.00534331 0.00183711 0.00955589 0.0130988 0.00315841 0.00799532 0.00588524 0.0110072 0.00477478 0.00506055 0.00560329
internal_weight=1627.1 897.164 636.153 261.011 729.939 570.623 529.348 504.473 563.435 200.591 352.942 327.409 151.531 261.609 65.5296 264.009 190.342 46.393 70.6691 126.294 63.5562 62.7374 217.616 193.536 40.0121 65.8007 164.782 124.201 24.8748 161.433 32.103 46.6998 38.2859 107.697 94.3432 13.354 41.1823 64.1548 106.847 31.0367 39.6444 27.0846 19.8195 22.8685 18.0371 6.29479 18.2243 13.7177 75.8104 47.3928 28.4175 5.88904 35.2908 40.5811 25.2378 153.911 13.9825 9.23448 17.3538 150.33 145.169 130.492
internal_count=100662 78321 66396 11925 22341 64343 19543 16772 64212 2798 13565 11057 3207 9506 2053 25653 5234 2497 6691 2942 1197 1745 23156 21987 2290 1551 2558 1927 2771 19782 2205 549 605 5769 5623 146 1432 6536 1744 607 2289 566 427 1904 416 216 499 255 1137 913 224 102 752 631 265 3737 100 301 183 2944 2793 2402
is_linear=0
shrinkage=0.01


Tree=10
num_leaves=63
num_cat=0
split_feature=25 36 14 24 28 22 28 156 44 143 28 28 144 138 104 35 5 86 126 107 79 44 90 49 104 35 36 34 121 14 42 141 128 147 77 108 140 98 87 0 19 11 21 77 30 63 76 86 80 0 153 13 95 43 17 79 45 5 122 30 75 13
split_gain=186.078 61.5684 35.9312 31.7311 25.0894 28.2033 20.1677 19.2401 19.1916 11.3218 11.2502 8.96829 8.06071 9.93954 10.8647 8.90136 10.297 8.4182 7.89649 7.72873 7.31788 8.25678 6.26166 7.54948 7.67686 6.09113 8.44991 8.13278 5.96377 5.95274 5.93754 5.70149 5.4257 5.3992 5.26869 5.15236 4.67009 4.46374 4.44776 4.42004 4.41677 4.40428 4.34334 4.34274 4.81647 4.28671 4.27216 4.19581 4.17626 4.11778 7.26773 3.95307 3.84617 3.83197 3.82421 3.72051 3.82592 3.71339 3.68087 3.53842 3.41055 3.35442
threshold=0.012221651081018409 0.77326773061746967 1.7267296890705655 0.16697216656808778 -0.64547792108431967 -0.19311594071189422 5.2119101641902708 -0.33410990576245253 -0.67212737041895643 3.0892335428466065 -0.29894144760099728 -0.33510508309849957 -1.7046060711486357 -0.086939651441847635 -0.090566756528351625 0.23360411192494959 -0.38373348470742968 0.14065036780622664 -0.20153209865047947 1.2571511624806211 1.3810297361761106 1.8699213090848812 1.4939747307639075 0.63510575244110379 -0.77144676963006542 1.8502327979308686 1.6297417186092107 2.5372862720326705 -0.54146365012362718 1.7267296891117809 -0.59020361848700054 -0.4612594811369729 0.2151138640176791 -0.59170503874156866 1.2254422250973691 1.0279054659554607 0.5024679260527779 1.9514859524199741 -0.87202845900179538 -0.21290090084417509 -0.28597709583688719 -0.57884100911261183 -0.058779025702175129 -0.19585090059265045 -0.16492280052102695 -0.49869650710259056 0.35330979087709641 -0.55869048003444266 1.163097410760255 -0.33719287608540321 0.21948017890051411 1.2564872607659159 2.3270987906017853 2.6815988132052078 0.88527738745818774 1.4565563623518971 -0.5909420138521434 -0.49195360174120317 -0.13883628088451974 1.3854409399209391 0.88348095214398004 1.3276503401860456
decision_type=2 2 2 2 2 2 2 2 2 2 2 2 2 2 2 2 2 2 2 2 2 2 2 2 2 2 2 2 2 2 2 2 2 2 2 2 2 2 2 2 2 2 2 2 2 2 2 2 2 2 2 2 2 2 2 2 2 2 2 2 2 2
left_child=4 2 6 35 60 8 10 40 -6 12 -2 -4 -10 14 15 16 18 37 31 20 21 -9 23 51 38 26 28 -27 -19 55 -20 -14 -13 -17 43 61 -11 -15 -25 -38 45 -42 53 -30 -45 -7 -47 -24 -48 50 -18 -12 -28 -21 -23 56 -5 -53 -43 -37 -1 -3
right_child=1 3 11 29 5 7 -8 19 9 36 22 32 13 17 -16 33 49 25 30 42 -22 54 47 24 -26 27 52 -29 34 -31 -32 -33 -34 -35 -36 59 39 -39 -40 -41 41 58 -44 44 -46 46 48 -49 -50 -51 -52 57 -54 -55 -56 -57 -58 -59 -60 -61 -62 -63
leaf_value=-0.0082503884905507866 -0.007193646008111859 -7.1076503519991742e-05 -0.0026778668668584918 -0.0066430447448735629 -0.0064852631224204208 0.011024992642126615 0.014640531177064292 -0.0042324228618481922 -0.0054455351253581653 0.013800500481921741 -0.0064057872657021812 -0.0067698975953570245 0.0018116377929133004 -0.0013419185427596483 -0.0017563046348422198 -0.0023953340253822916 -0.0044873897825593442 0.012556959888227182 -0.0065712148763276169 0.0012556155982996701 0.0032169352938559784 0.0042269912322685553 -0.012723468269104126 -0.0044162514185604584 -0.0037003209334262334 -0.003496439585685174 0.010253922760245351 0.0072848639263858317 -0.0025382195851990446 0.011926028932232163 0.01084919582975559 -0.011224371587599941 0.0062948477646046384 0.01422745627297072 -0.0038235883038285267 0.0051052433902386285 0.01312138355441477 0.0091773993357547271 0.0081317723560167358 -0.0070081189126504828 -0.0089068409524371232 -0.0057025434330830113 0.0079899214986964024 -0.0068634565778313197 0.0060341185629612364 0.0096512124649620005 -0.0082593995284283624 0.0022550904711728689 0.008672361679324378 0.010167088473994154 0.0094993348040630435 0.011258965565012491 0.00058339844229676936 0.0097513836587511341 -0.0047613467538720122 0.0017997576337705308 -0.0020096864249634907 -0.0030369360236462946 0.0086525403103304612 -0.0045236186571422018 0.010194748092416354 0.006547874305829756
leaf_weight=19.099054742138836 295.10478978534229 46.046783835394308 23.029936138074845 50.006629580166191 12.335865796310825 27.43317515077069 4.8287566548679015 72.192655400373042 6.3755731047131112 25.081705928780142 154.12554429285228 3.4670767770148805 8.4022862389683706 31.089585104258731 10.909262903500347 2.0736625571735194 5.7756945891305831 7.8363438267260781 2.4036380131728938 96.671686484711245 29.389340323628858 21.216818962479014 2.0571539930533644 3.9028616645373395 52.901042998768389 16.108542134054009 47.74710593582131 12.34756113681942 7.9549007271416405 2.313288703095167 10.235648339148609 5.5616980884224203 36.436945375520736 30.567155811004341 8.9070142456330341 107.69992379890755 2.066564460285008 4.6250544185750178 10.090556955430655 2.2831293074414125 2.8479587449692181 2.335474081337451 12.410023556556551 3.0449163569137374 53.77287279022859 6.4826017245650309 3.89688959158957 19.535893203457817 2.3097477797418833 62.479237064253539 10.342830630019305 2.1026756924111387 4.5257515618577591 5.6133229513652614 6.0739005287177852 8.9797144115436804 27.816830506082624 12.922739002387969 7.4162613661028436 3.938227344537153 1.044912312645464 9.1669346443377417
leaf_count=2433 38980 1454 1284 5798 1363 193 63 5534 506 218 18752 135 174 1138 421 31 180 164 41 2708 949 471 117 183 4685 633 596 378 165 21 108 305 463 238 264 2139 27 59 314 23 44 28 240 103 1074 52 32 678 22 764 189 54 61 74 165 201 1778 963 65 301 29 182
internal_value=-8.72864e-05 -0.00317129 -0.00487356 0.000954932 0.00371278 0.00403354 -0.00568206 0.00170099 0.00578349 0.00617957 -0.00586004 0.0022876 0.00568202 0.00588708 0.0078413 0.00860168 0.00718284 0.00441782 0.00179977 0.000514853 -0.00116508 -0.00246081 -0.00433189 -0.00480345 -0.00195701 0.00538528 0.006279 0.00117914 0.00426342 -0.00386192 0.00752584 -0.00337762 0.0051558 0.0131679 0.0033784 0.00352831 0.0121412 1.97241e-05 0.00462425 0.00254075 0.00717773 0.00200048 0.00240325 0.00437074 0.00534008 0.00880015 0.00397745 0.000818236 -0.00193849 0.00900313 0.00448165 -0.00592837 0.00941884 0.00172374 0.00222185 -0.00428514 -0.00498868 -0.00102354 0.00520203 0.0047643 -0.00728405 0.00102702
internal_weight=1587.76 876.474 620.506 255.968 711.287 691.143 557.572 296.29 394.854 382.518 552.743 62.934 353.086 346.711 148.751 137.842 105.201 197.96 26.6033 243.568 128.873 99.4834 257.638 236.045 66.8945 162.245 133.789 28.4561 81.516 89.1165 12.6393 13.964 39.904 32.6408 73.6797 166.852 29.4314 35.7146 13.9934 4.34969 52.7221 12.5997 114.695 64.7727 56.8178 40.1224 12.6892 21.593 6.20664 78.5978 16.1185 169.151 52.2729 102.285 27.2907 86.8032 77.8235 15.0254 9.75174 111.638 20.144 55.2137
internal_count=100807 78545 66671 11874 22262 19800 64789 10577 9223 7860 64726 1882 7592 7086 2451 2030 1761 4635 628 10141 7119 6170 25746 24951 5182 3438 2427 1011 1770 7798 149 479 598 269 1606 4076 268 1197 497 50 436 137 3022 1342 1177 299 106 795 54 1133 369 19769 657 2782 636 7777 7576 1017 93 2440 2462 1636
is_linear=0
shrinkage=0.01


Tree=11
num_leaves=63
num_cat=0
split_feature=25 108 156 145 22 156 24 28 31 35 85 25 21 28 28 99 151 79 30 33 24 33 138 31 69 149 20 1 79 15 79 56 79 73 26 156 83 21 124 5 30 30 154 121 5 121 1 136 136 3 149 74 68 72 111 140 17 0 29 120 8 29
split_gain=195.911 52.7707 28.7838 25.3826 32.5243 21.8085 19.3771 18.5893 15.4184 13.2543 12.3361 10.5397 10.0358 9.60159 9.16391 7.64003 6.66091 6.63816 6.43495 5.90248 5.80151 5.7554 7.6661 10.0853 6.15896 10.7869 6.31506 8.65223 5.75497 5.42646 5.13595 5.96055 5.10046 5.58471 4.7865 4.71066 4.36781 4.35866 4.75065 4.28231 4.2276 4.19884 4.17366 5.67743 4.08714 4.06852 4.02153 4.5274 3.89884 3.88758 3.9048 4.44332 3.8666 3.83893 3.64341 3.48706 3.39006 3.37767 3.35636 3.34701 3.32728 3.26868
threshold=0.012221651081018409 0.73733028067636175 -0.33410990576245253 -1.6094600771317309 -0.19311594071189422 -0.33410990576245253 0.16697216656808778 5.2119101641902708 0.036432797394028549 1.6468080224578319 -0.9327357408304362 -0.68607166074956283 0.052180191007560335 -0.56540221507013688 -0.31761782720943221 1.0396821300866956 1.2919776685064168 1.6117866754298567 1.6468788484446497 0.71812388116018677 -0.25998300385222822 4.2471735340746308 -0.049477560085210891 1.1315680876652776 1.0277706826191582 0.08757462866239045 -0.20463480358928218 -0.44655414324655296 1.3977867100452384 -1.0413186014295168 0.30748446488749814 -0.64670697121562581 -0.42466102899625702 0.22111279715253412 -0.52659061553188791 -0.33313816454195549 1.7278698449845644 -0.12982723294378581 2.1726768298123837 -0.413242961928666 1.7762866144854046 -0.071113559450209099 -0.27182142927258496 -0.1218274315387053 -0.26917387922118535 -0.2720702857507154 3.4461826627315362 3.3957118002253686 -0.80692521259257854 -0.19649295443415896 0.64991933454931605 -0.32442998798681749 0.42726959675114995 -0.63850587922997903 -0.99936112497550833 -0.36867980898061531 0.10901035961604361 0.34144411683735937 -0.64793484955807379 0.35783054694443267 0.5463709618277296 -0.49168513585067491
decision_type=2 2 2 2 2 2 2 2 2 2 2 2 2 2 2 2 2 2 2 2 2 2 2 2 2 2 2 2 2 2 2 2 2 2 2 2 2 2 2 2 2 2 2 2 2 2 2 2 2 2 2 2 2 2 2 2 2 2 2 2 2 2
left_child=3 2 14 -1 9 53 8 10 29 12 19 -11 13 -5 -2 17 28 20 -13 48 32 22 24 41 25 26 27 -15 -12 58 31 -16 33 -7 42 -8 -34 38 -17 -18 49 -24 43 59 -30 -33 47 -43 -4 -10 54 -52 -46 -6 -51 -14 -36 -25 -3 -27 -40 -55
right_child=1 6 7 4 5 15 35 -9 40 11 16 18 55 21 30 37 39 -19 -20 -21 -22 -23 23 57 -26 34 -28 -29 44 -31 -32 45 36 -35 56 -37 -38 -39 60 -41 -42 46 -44 -45 52 -47 -48 -49 -50 50 51 -53 -54 61 -56 -57 -58 -59 -60 -61 -62 -63
leaf_value=-0.0070908244697249238 -0.0035485779881980727 -0.004575957796832111 0.0030281610072202358 -0.0080013738230533902 -0.0030583984704448224 -0.0075535378174917114 0.0066014300173489549 0.013883216000413048 0.0016185930325639973 0.0068331653115374577 -0.0068222019013276739 0.0031626140409301566 -0.0032097493819829414 0.0053524336989833289 -0.00105257571486781 0.00022613375150712617 0.012984088520922359 0.0056618694297164906 -0.0051736755674474753 0.0085277165025453468 -0.0038569378666882094 0.013391567923602497 -0.0051705300782209276 0.0077039009129603936 0.011151169084039582 0.0053267836162420625 0.010083870589134177 -0.0068763708155499918 -0.0077648942698052203 -0.0051538423080532301 -0.0026691952285405091 -0.0012658127379108098 0.00073602792895582957 0.01100358825358054 -0.005884900648242152 -0.0047566280684476448 -0.0078953479489197349 0.0056633266860908653 -0.0026258520558627191 -0.0020398544049063873 -0.0079694001131223376 0.0031873828637746806 0.01166591499706608 0.012309075141758842 -0.0039989106388039399 0.010621922028124056 -0.0097173340220890973 0.010363341469084342 -0.0037965424098361988 -0.0033040011548300732 0.011913008854963386 -0.0034038192805606166 0.0045400236041315371 -0.0021644805936141247 0.0062524340298891999 0.0052911120290826579 0.0066727655980507988 0.014570651439514059 0.010710361062268563 -0.0062691954886581747 0.010963332523003579 0.008807261167704741
leaf_weight=20.539029344217852 21.812021965160966 2.2537998557090759 10.429726267931981 4.0451057455502442 3.2281351988203815 2.0368501637130958 3.8629552959464482 4.8423957850318393 50.632915080990642 25.183014710433781 430.95142956124619 16.445015853038058 12.603047635173427 12.147529802285138 8.0604205331765133 71.940882449271157 2.1797190173529115 12.361665159696711 21.145161177031696 5.4044717347715041 69.921918458770961 15.673893608152865 5.5901515050791195 36.81350650684908 59.609467070084065 7.5514430473558622 7.5030034948140374 11.027178941760212 9.5638598490040767 31.891064457828179 7.8859131215140215 3.344507557339969 28.848835242679343 7.7369123932439834 3.1843171513173711 62.345614016754553 7.3434037733823052 28.440490140579641 2.3627010099589807 14.189835041761397 3.0647886584047219 62.902077036676928 47.977334421128035 8.597653048578648 11.020629993639888 19.956022538710386 2.125295784790068 10.236956834327428 41.996259643230587 4.1753511033020905 2.3560956139117488 9.4742657514288986 10.201814895728601 2.8647542404942206 81.305215438595042 7.8050245395861557 6.5377448257058859 8.9694865373894554 3.8954841704107812 3.6959466626867652 7.3904435494914651 46.464084995910525
leaf_count=2550 1311 87 423 391 30 54 100 65 1269 495 55262 494 699 226 216 2249 65 334 1696 201 5413 99 197 448 668 129 98 486 1075 3378 182 55 1112 120 68 6436 272 576 43 1139 304 1609 416 102 730 160 44 85 3469 118 60 312 526 37 1546 242 125 107 56 96 72 380
internal_value=-2.97533e-05 -0.00324644 -0.0048624 0.00385952 0.00418652 0.00164554 0.000563259 -0.00559728 0.00219412 0.0060466 -0.00577374 0.00182754 0.00683776 0.00727913 0.00164443 0.000359438 -0.00630144 -0.00129901 -0.00152417 -0.00140892 -0.00204281 0.00747901 0.00716351 0.00530318 0.00856623 0.00714061 0.00211605 -0.000462519 -0.00652368 -0.00349387 0.00453324 0.0063478 0.000714853 0.0071223 0.00912658 -0.00409153 -0.00101421 0.00229152 0.0011159 -2.6502e-05 0.00362777 0.00317707 0.0100677 0.00619475 -0.00234082 0.00891148 0.00379901 0.00419442 -0.0024366 0.00386921 0.00503894 -0.00033744 0.000101325 0.00747586 0.00578414 3.74888e-05 0.00254759 0.00905426 0.00509314 0.00150522 0.00766179 0.00816774
internal_weight=1565.95 857.097 601.839 708.849 688.31 290.941 255.258 540.78 189.049 397.369 535.938 62.7732 334.596 314.188 61.0589 238.384 478.107 128.25 37.5902 57.8305 115.888 310.143 294.469 126.637 167.832 108.222 30.6777 23.1747 461.738 38.0403 39.2469 31.361 45.966 9.77376 77.5444 66.2086 36.1922 110.135 81.694 16.3696 151.009 80.8545 67.8224 19.845 30.7863 23.3005 75.2643 73.139 52.426 147.944 97.3109 11.8304 21.2224 52.557 85.4806 20.4081 9.72206 45.783 6.14928 11.2474 9.75314 49.3288
internal_count=100807 78545 64879 22262 19712 10692 13666 62955 7130 9020 62890 2685 6335 5394 1924 10245 58797 7305 2190 4093 6971 5003 4904 2490 2414 1746 810 712 57593 3521 613 431 1558 174 936 6536 1384 2940 2364 1204 3609 1935 743 327 2331 215 1738 1694 3892 3305 2036 372 1256 447 1664 941 193 555 143 225 115 417
is_linear=0
shrinkage=0.01


Tree=12
num_leaves=63
num_cat=0
split_feature=26 13 44 36 28 22 24 14 14 143 103 33 56 104 144 147 5 74 90 149 137 127 27 80 36 28 129 119 145 14 65 33 136 140 75 78 14 46 143 61 81 74 155 56 83 8 157 115 32 14 121 118 14 45 137 90 0 140 30 98 36 131
split_gain=187.284 50.7093 38.302 33.8662 30.4548 31.5176 17.524 15.1237 11.7674 10.7834 9.01768 8.65879 10.0454 8.25736 7.77778 9.26334 8.27455 12.1416 7.52309 6.42181 6.37253 6.42058 6.2524 6.04379 8.29785 5.40481 4.60571 4.38447 4.24932 4.1209 3.89705 3.77992 3.72447 3.70426 3.69053 3.38117 3.36738 3.35945 5.07919 3.71775 3.3168 4.16199 3.71911 3.64865 3.2461 3.23593 3.41488 3.19396 3.18811 3.11747 3.08017 3.05501 3.031 3.02679 3.01116 4.38785 2.99855 2.99479 2.99249 6.1842 4.54342 4.37664
threshold=0.098106890439457847 0.95646491158452018 -0.63444159383661181 0.77326773061746967 -0.65056389712778417 -0.19311594071189422 0.16697216656808778 1.7267296891051551 1.7267296890705655 3.0892335428466065 0.7867764187045837 -3.1268660678800937 -0.28765757159666067 -0.52570495512346926 -1.7046060711486357 0.3339194697901392 -0.17105206237718856 -0.64957392045373752 1.4939747307639075 -0.14070331902165897 0.66261630242223302 0.015955364234304808 0.57561393637683944 0.18364714623244846 0.81008644757825998 -0.29894144760099728 -2.1079695509078826 2.0437907907024564 1.3172755704470331 1.6890037890335103 1.0747339225198242 -1.0927311012564223 -0.74038681008544949 -0.23296829878501843 -0.56944047276314946 1.0917635071404985 1.726729689111427 0.27438582999315325 0.34766744489214557 -0.4491136226845584 -0.6614455503745954 0.87363987641784746 -4.8167801454789974 0.21016471009837598 2.9507647075545109 -1.2013447760776159 0.19550932973899066 -0.83144993989065885 1.1695752915523381 1.6387899208669985 1.0746149621608925 -0.27122669420523426 -0.43583609892331415 0.65032958187962187 -1.7144352041556516 -0.79612839800021862 -0.34829509130299513 -0.48486253999497447 1.6468788484446497 1.5771072964808162 1.6810953824986468 -0.1711184109374419
decision_type=2 2 2 2 2 2 2 2 2 2 2 2 2 2 2 2 2 2 2 2 2 2 2 2 2 2 2 2 2 2 2 2 2 2 2 2 2 2 2 2 2 2 2 2 2 2 2 2 2 2 2 2 2 2 2 2 2 2 2 2 2 2
left_child=2 3 -1 8 34 9 35 13 18 10 14 -3 36 26 -6 20 17 19 48 53 47 -22 -15 29 -25 -10 52 44 51 33 -9 -26 -20 -14 -4 -5 -13 -28 39 -39 41 -24 -42 -44 58 46 -11 -16 -2 -8 -47 -29 -7 56 -21 57 -17 -56 60 -60 -23 -61
right_child=1 11 4 6 5 7 49 30 25 45 -12 12 23 22 15 16 -18 -19 32 54 21 27 40 24 31 -27 37 28 -30 -31 -32 -33 -34 -35 -36 -37 -38 38 -40 -41 42 -43 43 -45 -46 50 -48 -49 -50 -51 -52 -53 -54 -55 55 -57 -58 -59 59 61 -62 -63
leaf_value=-0.0050348591373131088 -0.0068785294627325367 0.012908768126743873 -0.008619558584722917 0.0011424424016287156 -0.0061795225010745723 -0.0063904035793625981 -0.005267035003893205 0.0076400926113466159 -0.0036847220521483925 -0.0093767705833991168 -0.011493716813126312 -0.0048682402143108254 -0.00078411058451547267 -0.0042620464619987607 -0.011068521131577276 -0.011278035376182646 0.010402184769865628 0.0097892517941711582 0.0044575796020822032 0.0095559778486633221 0.0089927152211442558 0.0044266259175695863 0.010663042214765798 -0.0056667338898164291 -0.010113797619460801 0.0051026033330849162 0.0069634378916274223 -0.011589917678991616 0.0068809240407676662 0.0092183377190048921 -0.0048118061185534787 0.0055729752757933187 -0.0040332917157939645 0.0069533404398354195 -0.0001533579396851427 0.0060106467995299367 0.0036887892198369287 -0.011348344586827994 0.0026097531743976984 -0.0007037178329896243 0.015391576473622054 -0.0068106783006474112 0.0062000373153736224 -0.0021967571677140771 -0.012620957963809572 0.0048714242291510281 0.011659459941842833 0.0011222531361733275 -0.0014784945835290089 0.010395991724096616 0.013953352249807682 0.0064797463265369648 0.0087141096417428423 0.011827133263490363 0.0026931955129659156 0.011091571787227382 -0.0011616419027143654 -0.0077607137661936058 -0.0022588870712407986 0.010367512930853837 0.0084473551394906136 -0.0017731137383223555
leaf_weight=50.963946480071172 415.2534694976639 7.3656471851281813 20.252954110736031 75.824658760335296 5.3943303369451305 1.448638376779855 57.186242777621374 45.244071374647319 15.830740947276356 1.441237356513738 3.0516937696374944 24.163082585204396 12.056386603973808 44.439654330722988 2.3571368169505176 5.1229095989838216 69.252946267137304 35.156379491556436 8.5145453880541044 8.2466008546762186 38.185765924630687 101.3084861766547 6.2209294366184613 13.635879123350604 1.654291307786482 12.529314031824468 10.901160489534957 4.3557027743663639 3.0944080343469977 20.89314300683327 2.6446657390333703 19.475007302127779 13.09075103420764 12.651683331932871 6.9358671819791189 17.592017063405365 5.6579511300660661 3.562625848921015 85.213327241828665 40.650739901466295 1.4571284051053215 1.7299791476689277 6.1636625572573385 31.89271917170845 1.0475962944328774 4.4448449346236911 1.6346383974887428 23.327596585731953 11.283799794735385 1.2864352376200248 25.123565580695868 1.1761724217794816 14.388645628001537 1.0893332054838527 7.9706591959111419 4.0730310510843983 6.8913958673365423 4.1598107903264454 15.73482568212785 10.135046773124484 39.050666566938162 4.1758656525053075
leaf_count=5315 55263 68 2570 1980 510 41 6152 374 927 14 346 2084 736 3288 104 289 972 590 231 123 572 2284 141 1105 139 206 260 118 75 240 29 458 933 506 384 413 129 171 2557 1531 18 63 241 1465 15 63 29 1066 993 26 164 31 166 11 174 88 262 122 739 219 472 152
internal_value=-4.82362e-06 -0.00361058 0.0033525 -0.00473831 0.00392251 0.00431336 -0.000625682 0.00180484 -0.006049 0.00605172 0.00559374 0.00241691 0.00171355 0.000811046 0.00572754 0.00589439 0.00792653 0.00556611 -0.00644432 0.00160835 0.00471113 0.00526554 -0.00156647 0.0035533 0.000409188 0.000194375 0.00221088 0.00447419 -0.00247223 0.00594748 0.00694949 0.00433587 -0.000681939 0.00317499 -0.00646436 0.00206083 -0.00324067 0.00163273 0.00118247 -0.00156607 0.000955589 0.00684472 -0.000228324 -0.000832903 0.00482439 0.0115779 0.00177184 0 -0.00673595 -0.00491901 0.0125936 -0.00772519 0.00732303 -0.00403428 0.00463693 0.00212292 -0.00548939 -0.000886888 0.00493296 0.00206254 0.00554651 0.00681918
internal_weight=1547.06 745.945 801.113 628.392 750.149 722.961 151.889 295.958 476.503 427.003 394.358 117.553 110.187 248.069 391.307 385.912 141.963 72.7101 448.143 37.5537 243.949 218.265 91.9041 80.3664 34.7652 28.3601 156.165 180.079 8.62628 45.6012 47.8887 21.1293 21.6053 24.7081 27.1888 93.4167 29.821 140.328 129.427 44.2134 47.4644 7.95091 39.5135 38.0564 171.452 32.6443 3.07588 25.6847 426.537 58.4727 29.5684 5.53188 15.8373 13.1036 24.4501 16.2035 12.0143 12.1305 170.405 30.0457 140.359 14.3109
internal_count=100807 72589 28218 67124 22903 19949 8571 10345 58553 9604 9334 5465 5397 9942 8988 8478 2631 1659 57420 1069 5847 4677 5216 3184 1702 1133 4726 4105 224 1482 403 597 1164 1242 2954 2393 2213 4519 4259 1702 1928 204 1724 1706 3881 270 43 1170 56256 6178 227 149 207 562 507 384 551 296 3866 1110 2756 371
is_linear=0
shrinkage=0.01


Tree=13
num_leaves=63
num_cat=0
split_feature=104 13 28 44 36 48 113 20 100 79 56 28 144 156 27 123 36 156 23 90 79 153 126 100 77 36 35 33 79 120 42 147 36 17 102 114 144 105 5 155 59 149 70 33 75 124 36 10 69 68 149 75 141 156 83 124 136 36 108 6 141 33
split_gain=161.117 56.7976 43.7521 41.8273 35.6435 17.2777 17.0413 12.9558 10.373 9.25208 10.5354 8.67393 8.47223 8.24855 7.46034 6.73028 6.37723 6.27487 6.03175 6.48549 6.26328 5.8815 5.80562 5.11204 4.71361 4.68704 8.32494 6.06581 4.47665 4.20986 4.50438 4.95844 4.07351 4.06924 3.98887 3.97446 4.72565 3.96254 5.57069 4.82813 4.45448 4.28212 4.23984 4.08454 3.91468 3.89621 3.81725 5.71904 3.75478 3.71796 3.56788 6.53775 5.11321 3.52019 5.27946 3.94695 3.48657 3.4683 3.44821 3.42783 3.4158 3.35387
threshold=-0.38557844725843515 0.91717829821899755 -0.50419618562928725 -0.63444159383661181 0.77326773061746967 1.0000000180025095e-35 -1.1254501137942292 0.41257667749173305 0.79968953821422673 -0.69753805652604373 0.42538392054372909 -0.29300696230591644 -1.7046060711486357 -0.33410990576245253 0.12491467812332398 1.7560903253913887 0.85087925045397161 -0.33376110482330962 -0.19941500297095763 1.4939747307639075 1.3977867100452384 1.0275693580733078 0.37248588639674435 0.75505925036076071 1.0693638798057705 1.6297417186092107 1.9352646642437055 2.4971927994219052 1.4565563623518971 1.8872046686916881 -0.44564228931935607 0.34465789757964332 -0.76712902405307537 1.6094950679192757 1.653015325373725 -0.15874925880253035 1.6773829324902716 0.93063258424633799 -0.37054959279299904 0.032132055849813705 -1.0607795173954513 0.11186348665432824 1.125929099657067 0.70314173793379697 0.38370368866855625 0.040284414434199438 0.82929254511911898 -1.2092337743772434 1.1132465719068281 1.4548964651951357 0.25595369920258643 0.3336364323825754 -0.27574042775331459 -0.33410990576245253 2.3393172762695378 1.6015089640992046 -0.83683755465160548 -0.30613570835497445 -0.14777573778242378 0.75128033791882587 -0.47407878129408793 -0.501781141292584
decision_type=2 2 2 2 2 2 2 2 2 2 2 2 2 2 2 2 2 2 2 2 2 2 2 2 2 2 2 2 2 2 2 2 2 2 2 2 2 2 2 2 2 2 2 2 2 2 2 2 2 2 2 2 2 2 2 2 2 2 2 2 2 2
left_child=2 4 16 -4 11 28 7 12 13 14 34 -2 -5 23 58 29 -1 57 -19 20 -20 -7 -15 -8 35 53 -27 -28 -6 30 31 -14 -32 45 -11 36 -17 38 43 42 41 60 -39 -34 -44 -16 47 -12 -26 -46 51 52 -33 55 -55 -10 -21 -13 -3 -48 -40 -31
right_child=1 9 3 6 5 21 8 -9 25 10 46 17 15 22 33 24 -18 18 19 56 -22 -23 -24 -25 48 26 27 -29 -30 61 32 50 37 -35 -36 -37 -38 39 40 -41 -42 -43 44 -45 49 -47 59 -49 -50 -51 -52 -53 -54 54 -56 -57 -58 -59 -60 -61 -62 -63
leaf_value=-0.0054473074009528345 -0.0070111500632572075 -0.0046621705597102514 -0.0056799466394003078 -0.0062642082783384923 -0.0053258243820177419 0.0017411318572879044 0.0087346678049097896 -0.0098509339535396943 0.0084915245267237968 -0.0038182980847943997 0.004752073195850982 -0.0039578805095161025 0.0013748472717604655 -0.0032328335675545191 7.0061315801623722e-05 0.013040922629760228 0.0012515372813365015 -1.1531390186114876e-06 -0.0064978041857876104 0.006015921587991746 -0.00023105298600100251 0.0096154334807294645 0.0017952169182204863 -0.0065963588741608523 -0.0073786520130329136 0.0088799255296279113 -0.0073298535887223772 0.0064722675421177416 0.0045648245059261025 0.012638163599174563 -0.0090035040501624097 0.0054769877631472086 -0.0016733177443653611 -0.00597830566450253 0.0095530601698337169 0.014141087429298578 -0.011348911937176295 0.011503959629842608 0.0086528197911254403 0.0012386651476154016 0.0035911364562328735 0.011988306959789079 0.002412588231608467 0.011362473738604341 0.013321621143991842 0.01046875272459505 -0.000490760642771321 -0.0027508689604213944 0.0086981686010219102 0.0011183120453493003 0.010607674402913689 0.015250263186589509 -0.0065245851413071945 0.003528660930160537 -0.0064657876132549431 -0.003074746640622151 -0.003146804389088691 0.0067261113738961075 0.0042487889289948393 0.0070989464356155446 -0.0049279604529771674 -0.0038944484869564114
leaf_weight=56.572203633841127 254.8032606150955 7.8450897424481836 39.638527403352782 4.6687897501979014 50.230520963901654 76.404294005595148 17.474147299770269 4.591133519774302 23.89798024343327 45.335413374239579 19.286741480929777 5.0086810090579093 26.764630769845098 38.590745118213817 4.1576030142605296 1.8003380531445172 18.943439563503489 24.041084911907092 161.12629224918783 6.9442960252054062 17.737984456121922 10.832942509790881 56.667744755512103 2.46896650455892 2.108723822515457 49.240339605603367 6.1463732728734595 6.5846028267405927 5.0162491796072564 1.5200310903601346 1.4130467521026719 9.9622785779647511 12.470962269231675 1.8731599589809764 2.3331512555014333 27.396282351575792 1.403398834168911 57.602136206813157 4.826521011069417 6.8367692572064689 17.125142529141165 24.330151231959462 11.975600374396892 2.9655055538751176 10.078937065787612 27.995948240393773 7.6923509379848829 21.432146234903485 4.5883777686394751 3.3446018532849839 15.883369173854588 4.2128731247503302 5.4983030322473523 130.56944883265533 5.4925489318557075 3.346811104565858 10.29140390944667 7.6659394875168783 9.6980017018504423 25.8955150002148 2.9831257401965479 6.1755518002901217
leaf_count=6436 34171 564 4527 439 5577 2146 142 508 183 3178 370 136 711 2312 155 33 705 1482 20721 99 1095 230 2176 24 33 689 456 195 144 14 21 183 470 80 56 192 13 674 70 122 495 263 248 51 95 579 272 1255 54 60 170 38 162 3464 123 40 626 138 334 518 133 157
internal_value=3.2343e-05 -0.00305466 0.00343951 0.00427339 -0.00444988 -4.92743e-05 0.00491724 0.00678126 0.00342479 0.00201046 0.000508084 -0.00573553 0.00706699 0.000982758 0.00556122 0.00730401 -0.0037656 -0.00433876 -0.00473284 -0.00531239 -0.00587694 0.00272108 -0.000240803 0.00682931 0.0112441 0.00467305 0.00701657 -0.000183917 -0.00442531 0.00665277 0.00690908 0.00463139 0.00781829 0.00829167 -0.00315987 0.0129083 0.00232376 0.00797333 0.00608016 0.00933484 0.00772261 0.00991909 0.0100003 0.000830254 0.00658302 0.0091277 0.00286257 0.000800783 0.00361768 0.0102916 0.0070788 0.00422073 0.0012009 0.00378275 0.00312402 0.00706642 0.000540424 0.0024964 0.000257817 0.00535813 0.00345278 -0.000603787
internal_weight=1531.81 803.648 728.16 652.645 630.103 142.484 613.006 272.527 340.48 173.545 121.975 487.619 267.935 115.202 51.5698 263.267 75.5156 232.816 220.141 196.1 178.864 87.2372 95.2585 19.9431 37.2971 225.278 61.9713 12.731 55.2468 225.97 218.274 62.3215 155.952 34.0267 47.6686 30.6 3.20374 154.539 64.7014 89.838 49.2649 32.1398 83.0013 15.4365 25.3991 32.1536 74.3068 40.7189 6.6971 13.4235 35.5568 19.6735 15.4606 163.307 136.062 27.2448 17.2357 12.6746 17.5431 33.5879 7.80965 7.69558
internal_count=100807 73926 26881 19740 66565 8097 15213 5409 9804 7361 5649 58468 4901 4654 1712 4462 7141 24297 24023 22541 21816 2376 4488 166 325 5150 1340 651 5721 4137 3966 1264 2702 814 3234 238 46 2681 1482 1199 961 466 1077 521 403 734 2415 1625 87 155 553 383 345 3810 3587 223 725 274 898 790 203 171
is_linear=0
shrinkage=0.01


Tree=14
num_leaves=63
num_cat=0
split_feature=25 100 14 22 145 24 44 156 31 16 143 138 35 22 149 98 90 19 42 27 107 44 45 94 149 122 5 86 45 113 156 120 81 21 98 23 19 115 136 156 31 30 138 138 29 145 31 122 137 30 156 7 76 70 72 83 23 72 156 81 8 52
split_gain=196.413 42.6681 31.1068 30.1281 31.7338 22.5064 19.6697 18.5594 13.664 13.5177 9.49735 8.45612 11.4579 8.80507 8.66976 12.8352 8.44499 8.42097 8.15845 7.45534 7.36375 9.51803 7.20916 6.4108 4.95584 4.59145 4.42896 4.30133 5.1677 4.26789 4.25175 4.2419 4.21542 4.16773 4.12477 4.11212 3.97718 4.25437 3.96439 3.91551 3.84555 3.77519 3.69109 3.97639 3.56764 3.45421 3.417 3.43815 3.3203 3.31043 5.73996 3.27825 4.00065 3.33708 3.90944 3.22322 3.19745 3.17298 3.14653 3.14295 3.12954 3.11695
threshold=0.020490872426528816 0.65551565209543805 1.7267296890705655 -0.19311594071189422 -1.6094600771317309 0.16697216656808778 -0.67212737041895643 -0.33410990576245253 0.036432797394028549 -1.9583303319865697 3.0892335428466065 -0.086939651441847635 0.32924075183647972 -2.2192215093651853 -0.031814563598083496 0.41405471636243041 -1.4831593366294562 1.3465811681238355 0.80538864636553165 -0.618437709282185 1.2571511624806211 1.8699213090848812 0.91026755889556832 -2.2471172365106122 -0.50689404739577071 -0.27236766045823507 -0.40162991671042281 0.74008538024108617 0.67725966294472306 -1.223909899985262 -0.33410990576245253 2.1058988682967663 0.20162791423676527 -0.12982723294378581 1.6188509499859876 0.19789236538186072 -0.32741415971414012 -0.4271794480809995 -0.80692521259257854 -0.32689973836065361 0.10670827060830788 1.7762866144854046 -0.047462170893658333 -0.0074272586020334283 -0.63195054498144987 1.2540681383484242 -0.075146285759974701 0.15381286781661688 1.0417299823923494 0.07486791852578302 -0.24790138248007743 0.30637173885413094 1.5040946654106324 1.4164750368740571 1.0174428478922275 1.1164224136995913 0.18087169556768568 0.44033325761891978 -0.31333587927964252 -0.80142487573865939 -1.4529352019415738 1.0480970060287949
decision_type=2 2 2 2 2 2 2 2 2 2 2 2 2 2 2 2 2 2 2 2 2 2 2 2 2 2 2 2 2 2 2 2 2 2 2 2 2 2 2 2 2 2 2 2 2 2 2 2 2 2 2 2 2 2 2 2 2 2 2 2 2 2
left_child=3 2 9 4 -1 8 -6 36 30 17 11 12 14 34 15 24 19 39 35 -11 21 -9 26 38 -8 49 55 28 -27 -22 -3 42 -20 -31 -13 -4 46 57 40 -2 -18 44 -29 -44 -10 -12 -5 -48 -14 50 -15 53 59 54 -46 -16 -55 -38 -21 -53 -28 -62
right_child=1 5 18 7 6 -7 10 20 41 16 45 13 48 25 22 -17 23 -19 32 58 29 -23 -24 -25 -26 27 60 31 -30 33 -32 -33 -34 -35 -36 -37 37 -39 -40 -41 -42 -43 43 -45 51 -47 47 -49 -50 -51 -52 52 -54 56 -56 -57 -58 -59 -60 -61 61 -63
leaf_value=-0.0071267084022072361 0.0069739309900775214 0.0047119811120150609 -0.002258154456810844 0.011150483477071926 -0.0069331179036025738 -0.0053496224458074284 -0.015115688677713434 -0.0031698317671245047 -0.0011376426591049732 0.010843464912844219 0.00069607097017194974 -0.0021713551032981884 0.0024312431844233781 0.0096869353997400369 -0.00066800972584479769 0.0085515383832662634 0.010247723482635052 0.012861032100130898 0.0090701463605866589 0.0034246390935373989 0.0082737930744196803 0.0035880587375416405 -0.00022257998049037025 -0.0064112479072206468 -0.00129543266289301 0.0011985785324377127 0.0010396543461190498 0.011054305306052708 0.0078621374485290281 2.7549369081741037e-05 -0.0053253978321323404 -0.0090447640624215595 -0.00039719747543344902 0.0044116591859597902 0.0055540468986597161 0.0097876910170682854 -0.013967603058194862 0.0068412461156853966 -0.0044621912642511096 -0.0049605239867703717 -0.0023669702272973883 -0.0084981324191936939 -0.0068408843019885212 0.0031795213518037123 0.00014732374986548569 0.012441575195803642 0.011905342609270873 0.0020585202112871274 0.013590779469341892 0.0089165982330368359 -0.0097602738904301305 -0.0024880028567404113 -0.0018858829901029783 0.013126670679378963 0.0064876447912284975 0.014225148109959476 -0.0046094159391523006 0.00086730411916771167 -0.0062565106544612914 0.007562772387074871 0.011908471067744555 0.0075175447461469534
leaf_weight=19.150521785952151 3.8022232835646728 5.0188748636283007 28.779119727900255 20.461447418201715 11.369231685064731 51.084277624031529 3.099515967769551 92.970385923283175 12.532539001666008 5.1281458458397564 2.7456234293058506 24.758735693059862 2.9327520076185456 3.4226223411969841 7.3355055865831655 16.194052473641932 4.7628509642090666 5.6787367928773156 18.054891906213019 4.969624320976437 9.5920057205948961 26.841411169385538 9.8025027292314899 458.5174120478332 15.823741512373088 15.310409240657462 3.9943229565396896 5.382945886347442 49.061796294990927 74.484454292571172 26.002253122627735 2.976632689125835 6.3304730742238453 30.605994506273419 9.575990110402925 3.1316510534379622 2.0212893695570555 9.480113757774232 14.020772714400662 9.8204116621054709 4.8690510275773704 2.4807510527316472 4.2976868972182265 48.455054902238771 36.234843216836452 30.895548619329929 5.0945238471031216 11.74437732901424 32.63247881596908 46.323635455220938 2.7089241244830182 3.2948870034888378 5.6448002927936605 5.0526688722893587 13.300147475907577 1.7987295654602347 1.2568357111886141 4.9272612840868533 10.241809352068227 50.598687857622281 41.325134618207812 26.973103223368526
leaf_count=2550 145 141 1248 124 1418 5875 255 6933 399 171 36 1044 61 56 149 227 86 63 285 273 193 707 385 60001 667 447 42 81 787 2359 2890 61 158 621 193 69 26 92 1166 838 163 271 89 1061 1050 232 47 114 218 877 68 61 146 87 307 20 54 63 935 876 426 320
internal_value=5.20355e-05 -0.00339712 -0.00480559 0.00380533 0.00545658 0.000434153 0.00603183 0.00129355 0.0022654 -0.00556755 0.00639367 0.00593524 0.0076576 0.00462075 0.00624377 0.00201711 -0.00588305 0.00264017 0.00225503 0.000423997 7.83648e-05 -0.00165486 0.00786927 -0.00614932 -0.00357118 0.00551534 0.00884454 0.00447431 0.00627925 0.00188996 -0.00369724 0.00257073 0.00660916 0.0013056 -1.28311e-05 -0.00107017 0.00659425 0.00248403 -0.0010669 -0.00161948 0.00386462 0.00368485 0.00316864 0.00236014 0.00392255 0.0114864 0.00840073 0.00504886 0.0126743 0.0080025 0.00107695 0.00447309 0.00610689 0.00272866 0.00185268 0.00226619 0.00957616 -0.00344758 -0.00308691 0.0069461 0.0096739 0.0101772
internal_weight=1517.18 790.609 578.107 726.57 438.347 212.502 419.197 288.223 161.417 521.811 407.827 374.186 161.912 212.274 126.347 35.1173 502.51 19.3014 56.2961 20.3396 234.494 119.812 91.2293 482.17 18.9233 177.94 81.4268 125.485 64.3722 114.682 31.0211 61.1123 24.3854 105.09 34.3347 31.9108 53.729 16.4287 23.6527 13.6226 9.6319 130.396 58.1357 52.7527 127.915 33.6412 37.3003 16.8389 35.5652 52.4552 6.13155 115.383 59.5384 55.8445 49.535 9.13424 6.3095 6.94855 15.2114 53.8936 72.2926 68.2982
internal_count=100807 77758 65601 23049 11770 12157 9220 11279 6282 63841 7802 7534 2770 4764 2491 1149 62795 1046 1760 1379 10813 7640 1342 61416 922 3527 957 2526 1234 3173 3031 1292 443 2980 1237 1317 466 181 1415 983 249 3251 1231 1150 2980 268 285 161 279 1001 124 2581 1083 1498 1357 169 141 89 1208 937 788 746
is_linear=0
shrinkage=0.01


Tree=15
num_leaves=63
num_cat=0
split_feature=25 36 13 44 22 145 53 44 80 104 156 85 77 28 147 105 122 122 149 98 30 28 42 52 118 77 149 28 26 42 157 127 12 119 7 126 108 116 36 31 117 80 122 43 64 77 52 118 142 29 141 115 145 30 11 79 43 31 122 143 98 8
split_gain=200.883 48.5859 28.363 24.7431 28.2792 26.6257 21.5687 14.7068 12.6646 10.6795 10.4668 10.4757 9.11201 7.01982 6.90518 6.0876 6.02412 5.76525 5.62964 7.88533 5.59125 5.43917 5.31285 5.30891 5.02769 4.51993 4.3817 4.29488 4.66885 4.07864 4.0051 3.99049 5.44523 5.28871 3.97725 3.96452 3.95335 3.90838 3.8853 3.74885 3.73442 3.6087 3.54649 3.52024 3.45156 3.40989 3.40967 3.31233 3.28453 3.15092 3.11971 4.74074 3.08932 3.05053 3.03068 3.02235 2.88229 2.87618 3.19979 2.83648 3.22864 3.53902
threshold=0.012221651081018409 0.75667687302997511 1.0722619015519477 1.6218861647090603 -0.21936837889646535 -1.6094600771317309 -0.30947027510528602 -0.67212737041895643 -0.84241217081831843 -0.52570495512346926 -0.33410990576245253 -1.1687036174595462 0.62168658123645926 -0.63592453893615397 0.33581250611296148 0.24993780134647545 -0.68312818837179756 1.2067899021590092 0.31131433224293587 1.0708020657805379 1.8490718170115574 -0.35715778043722463 -0.46459562242263835 0.71365136687889963 -0.53279173946414449 0.46937321075742261 -0.35552488861934084 0.75609493945594375 -0.15521758369969155 -0.18684434357009058 0.17203320138139214 1.5680576851529351 0.84986636041656494 0.11742488666044541 -1.0289363860007417 0.64058162121393114 0.79669262848812916 0.063838804460724041 1.6810953824986468 0.32446875184764479 -0.014142819596174071 1.0952710503071728 3.2677147100442627 1.6130263217069711 -0.70541560790459301 1.2319496497945095 -0.25124703239645835 -0.82566590334302903 -0.45154067477009807 0.46053712903351546 -0.30741088755772422 -0.27247438324150303 0.89883448742326377 0.25006690729478037 1.2872325397349231 1.6494242805143318 1.7704599466304078 -0.64604953223210992 0.41331153008614746 -0.86717461234142201 0.92630167831621602 1.1512850379358552
decision_type=2 2 2 2 2 2 2 2 2 2 2 2 2 2 2 2 2 2 2 2 2 2 2 2 2 2 2 2 2 2 2 2 2 2 2 2 2 2 2 2 2 2 2 2 2 2 2 2 2 2 2 2 2 2 2 2 2 2 2 2 2 2
left_child=3 2 10 4 5 -1 46 -7 25 57 21 15 17 -9 16 54 29 34 19 23 36 -2 -17 26 27 37 -16 28 -14 -15 -20 32 33 -29 -5 -25 -8 -4 44 -26 -21 -41 -35 -32 -18 59 -3 49 -30 -33 -28 -52 -10 -48 -12 -11 -40 58 -6 -38 61 -61
right_child=1 6 8 12 9 7 20 13 52 55 11 -13 24 14 18 22 38 -19 30 40 -22 -23 -24 35 39 -27 50 31 48 -31 43 47 -34 42 -36 -37 45 -39 56 41 -42 -43 -44 -45 -46 -47 53 -49 -50 -51 51 -53 -54 -55 -56 -57 -58 -59 -60 60 -62 -63
leaf_value=-0.0068726527960880713 -0.0043236686441606425 -0.0057471946647050451 0.0095659521623137414 -0.0024960987788726829 0.0005684132426505761 -0.0064334641013311586 -0.0014803529282856661 -0.010670141947611945 -0.0036114532418823858 -0.0040010240359927831 -0.002282234192823879 -0.006628074487602679 0.01370530509074412 0.0036417750968506398 -0.0086663690276938595 -0.0056009633604895883 0.0037216419699983867 0.011960346381399423 0.013777510123321525 0.011883685142944064 -0.009459697751501954 0.0035012266454677505 0.0094023062832827835 -0.002541280977593261 0.00055789080953962101 -0.0038135112800683187 0.0089893873346754295 0.0064019852475389336 -0.0036834209321919944 0.010800503509030168 0.0091150311580475273 -0.00048773843246815296 -0.008698048968147026 -0.0017643645362419398 0.0077002247190687944 0.0096261440501609185 -0.00446079477025109 -0.0036584376195739521 0.0070221318831623948 0.012361351366903289 0.00021551142191259586 0.0028975650359195637 0.012009246637586124 -0.0029493563862367411 -0.00059607482758509533 0.008568739648645296 0.0039712765617499314 -0.0025988259869108715 0.0069850011866709472 0.012820040269727011 -0.0066413340873360408 0.0087206091716240889 0.0048363579744457432 -0.0050517948884932851 -0.012708222286636726 0.0040047126617360198 -0.0026238079946493322 0.00093541535071288255 0.010524256269688399 0.0013663180502480924 0.0070839420432913837 0.0055995587398730345
leaf_weight=19.031659983098507 18.599171329755336 47.879555837018415 20.577706353971742 4.083827542141079 6.0733015076257271 10.222205371595917 19.134456860600039 2.5596190618816754 32.820869112154469 64.545930460561067 17.528960063587878 432.46098355110735 7.5815192004665759 12.632541395723818 1.8521623425185669 3.292111348360776 52.26741722621955 38.767196716740727 20.613010243978351 23.389576882589612 3.8171597463078788 16.980306512676179 8.2233548767399025 15.541258276905866 4.9546145785134312 3.6523904607165596 22.99285250203684 17.079073310829699 4.0023210430517802 21.802861340343952 20.898420845624063 2.2831701049581152 5.2623760965652755 24.694074637256566 56.395930219674483 3.2240841742604962 5.0231399037875226 2.4900283485185346 33.197843697620556 17.526666632387791 3.127423681318759 5.2790282457135609 2.0115911439061156 2.7166244098916641 28.606539511121809 11.557493367232381 7.9325030322652292 2.7160310829058281 10.198266658000644 7.8171505420468748 3.6617136034183204 4.419216353446247 4.9682113972958168 7.0804501434322447 3.3173650822136542 5.0669725842308244 3.3953599021770051 118.59922742447816 6.9385302760638297 74.104217897634953 18.133786153513938 26.970739788142964
leaf_count=2550 1217 5882 525 77 131 1338 1094 295 2584 5065 1458 58700 85 262 133 154 1373 279 159 241 440 334 287 439 146 218 359 274 99 289 284 28 114 498 740 42 249 100 718 264 35 114 24 61 1011 230 504 26 195 60 100 90 233 727 333 180 103 3885 107 2161 432 458
internal_value=3.51601e-05 -0.00345595 -0.0050127 0.00385953 0.00266299 0.00457695 0.000511578 0.00533644 0.00122657 -0.000248582 -0.00581724 -0.00621739 0.00674076 0.00577153 0.00592568 -0.000725798 0.00449921 0.00894555 0.00769413 0.00607716 0.00247555 -0.000586493 0.00510327 0.00379866 0.00477507 0.0064956 0.00621764 0.00354844 0.00736825 0.00817906 0.0105491 0.00220089 0.000899674 0.00205721 0.00700978 -0.000441449 0.00277086 0.00813316 0.00341901 0.00846486 0.0105119 0.0101773 -0.000719024 0.00772228 0.00219327 0.00337071 -0.00444351 0.00716817 0.00397068 0.00980443 0.00711052 0.00174768 -0.00249717 -0.000278083 -0.00395146 -0.00341638 0.00612391 0.00142633 0.00588903 0.00288567 0.00319642 0.00249734
internal_weight=1504.57 786.545 564.911 718.029 507.376 306.152 221.634 287.121 64.5092 201.224 500.402 464.823 210.653 276.899 274.339 32.3618 151.903 99.247 122.436 78.2083 158.741 35.5795 11.5155 51.6913 111.406 26.7201 32.9259 83.6456 21.7821 34.4354 44.2281 61.8635 49.0471 43.7847 60.4798 18.7653 154.924 23.0677 117.467 27.7603 26.517 22.8057 26.7057 23.615 80.874 135.789 62.8925 12.8164 14.2006 10.1003 31.0738 8.08093 37.7891 15.013 20.8463 69.6129 36.5932 131.611 13.0118 124.232 119.209 101.075
internal_count=100593 78320 66143 22273 19250 9882 12177 7332 3660 9368 62483 60932 3023 5994 5699 2232 3756 1096 1943 1439 5064 1551 441 1163 1927 843 682 1403 379 551 504 1024 910 796 817 481 4624 625 3205 524 276 378 522 345 2384 3530 7113 114 294 88 549 190 2817 1231 1791 5245 821 4123 238 3300 3051 2619
is_linear=0
shrinkage=0.01


Tree=16
num_leaves=63
num_cat=0
split_feature=26 13 36 44 28 22 24 15 28 156 103 144 56 36 35 143 34 15 79 124 17 70 22 79 39 0 21 26 94 123 138 36 94 154 69 42 0 28 1 53 116 17 120 96 16 79 36 80 17 2 17 80 136 24 46 69 0 108 98 34 75 70
split_gain=200.456 43.5494 38.0371 35.6274 24.7715 22.3591 21.1857 16.1379 10.17 10.8124 8.84305 8.19235 7.75691 7.14087 6.90567 7.32235 7.18949 6.54839 6.24327 5.88733 5.48804 5.22988 5.17265 5.04564 4.8334 4.81264 4.48865 4.24271 4.46684 4.19209 3.97227 13.3106 10.3345 7.48485 8.71785 4.75535 3.83659 3.82841 3.81526 3.82034 6.84623 3.72855 3.68057 3.64623 3.56787 3.89666 3.44376 3.4333 4.21543 3.35671 3.32944 3.27687 3.23384 3.20977 3.77999 5.71242 3.15468 3.02666 3.01471 2.96586 2.94711 2.9224
threshold=0.059560515619772554 0.91717829821899755 0.77326773061746967 -0.63444159383661181 -0.63592453893615397 -0.4115284617523815 0.16697216656808778 -0.93852821443268974 4.217276929003245 -0.33189702105923019 0.60467342598450269 -1.7046060711486357 -0.49422552062347047 0.66557322021693455 1.9352646642437055 2.4965717817076993 2.5372862720326705 -1.0176412661036807 0.61597091694141215 2.0929373186761677 1.6621342080979675 0.95160153732687291 -0.062268454201322258 -0.057718050214222022 0.31486946099354113 -0.36609483988813601 0.056917870098023592 0.098106890439457847 -2.2471172365106122 1.5881641533649795 -0.086228127954783448 0.96009033092919738 0.61899367382233106 -0.28067637167262799 0.17301178974245812 -0.33336575134914664 0.40064348908580821 -0.28726924438258394 0.28388787772749208 1.7588659870083638 -0.67901646747429856 1.6621342080979675 0.098024987510942671 0.83081577489950864 -0.29950385571414334 -0.16569284229587858 3.1359801007492556 1.1173045631748943 -0.099719190429042856 -0.46339589736081477 0.36524635261675692 1.6302077487580913 -0.74038681008544949 -0.36998089750062985 1.8312060175002338 1.1132465719068281 -0.047272326676130044 0.75192782944480452 1.6188509499859876 0.77252451289408108 1.1612893483236884 1.3002566619872609
decision_type=2 2 2 2 2 2 2 2 2 2 2 2 2 2 2 2 2 2 2 2 2 2 2 2 2 2 2 2 2 2 2 2 2 2 2 2 2 2 2 2 2 2 2 2 2 2 2 2 2 2 2 2 2 2 2 2 2 2 2 2 2 2
left_child=3 2 17 -1 -5 10 57 18 9 12 11 -6 -3 -11 15 24 -16 37 49 22 29 -20 25 -14 26 -9 30 -19 52 -21 32 58 33 34 41 -36 51 -2 39 -23 -41 -13 59 -18 -35 -46 47 53 -49 -7 -50 -24 -29 54 -33 -56 -34 -4 -32 60 -27 -38
right_child=1 8 6 4 5 7 -8 19 -10 13 -12 14 23 -15 16 -17 43 27 21 20 -22 38 36 -25 -26 42 -28 28 -30 -31 31 46 56 44 35 -37 61 -39 -40 40 -42 -43 -44 -45 45 -47 -48 48 50 -51 -52 -53 -54 -55 55 -57 -58 -59 -60 -61 -62 -63
leaf_value=-0.0056239029334260917 -0.0045412371259736586 -0.003389262388749867 -0.0028044637453449209 -0.0060989045535324304 -0.006621354156301839 0 -0.0053975584724736429 0.0073849719305203046 0.014419702812716581 -0.0044293205447616816 -0.010196767259356846 -0.0038607197038740639 0.0085423855438439382 0.0019216053310410087 -0.0046049528397013378 0.012508656715452711 -0.0030786460701596168 -0.0027374698747503067 -0.00041871991912367622 0.0037045387682553238 -0.011217170372100691 0.0076817440238085314 -0.0014824745811111999 0.0016552583754720347 -0.006705088651535112 0.0019339202349577531 -8.0188626029830824e-05 0.0029514237404762744 -0.0068727197097427093 0.011742663628752077 -0.0017524464243045743 0.013958608088693788 0.015474838698906892 0.010287247436868523 0.0011569576267030702 0.0097994539299238789 0.00045606543749775034 0.002797554380045923 0.010543779914616351 0.0077330338807392708 -0.016280150502489835 0.0057368609114988875 -0.00045128168226982949 0.0081284205652817215 0.0077351552134630932 -0.0015099497299268377 -0.0025247665241822786 0.008159268595403819 -0.010778684974890347 0.010485722736530501 0.0035242134044595019 0.0051374400275588077 -0.0054658429674171354 0.0071816999828386721 -0.0077917268340106033 0.011748922847100347 0.004641585159641159 0.0030874255879407638 0.0043265844034732449 0.0059339353313563967 -0.012097317365711742 0.0084843225656866857
leaf_weight=38.174322274047881 17.053521572146568 10.70057012257166 9.662428060313685 22.194660969544202 4.6411845881957552 3.3272046218626192 52.353968449868262 18.270708801690489 5.9179204334504893 39.28461350640282 3.1676720788236699 14.406259375158699 29.460211920319125 32.188080582534894 10.406508659711109 23.712076660711318 3.6264195521362153 29.939253065967932 16.266277932561934 16.472246639896191 1.7707818904891599 6.2288185204379278 103.41679897578433 16.717550027417019 2.6415468235500148 9.7233350207097811 9.0326825762167555 7.9815828439313945 390.17639274848625 10.768416720908133 22.019742142176256 21.769231359008703 21.230611489154402 56.695796556770802 8.9972437219694275 22.019122440367937 10.595725486287849 12.158992276992647 13.153479658067225 2.3695289029274136 2.3549941419623792 5.6133941621519616 39.325490911491215 14.225110062165184 24.267556913429875 5.5881487349979571 3.0365666830912224 12.698645535856487 2.4791080169379702 35.418919277610257 4.6809575632214546 8.045130974147467 10.60723134735599 28.994537980761379 2.2070403648540369 4.5708012422546744 3.1212761104106894 87.137999724131078 12.938806728925554 24.53140212292783 1.7586946990340937 7.9544857093133023
leaf_count=4547 1190 461 587 2715 494 37 6492 392 31 3844 390 573 475 1129 615 175 118 2541 267 299 35 123 4682 586 143 318 364 224 55201 97 921 181 130 716 178 284 517 260 132 31 33 112 1278 285 355 123 47 170 42 341 69 274 1046 437 33 50 30 2188 205 706 79 195
internal_value=9.15159e-05 -0.00354799 -0.00467105 0.00378239 0.00429358 0.00463275 -0.000272857 0.00277354 0.00161258 0.00102022 0.00640073 0.00655343 0.00427387 -0.00156788 0.00673324 0.00716115 0.00199328 -0.00607278 0.00671476 0.00153862 0.0057768 0.00395713 0.0009881 0.00605213 0.00672165 0.00278046 0.00684608 -0.00637812 -0.00664445 0.00688888 0.00707202 0.00565031 0.00808408 0.00701889 0.00397676 0.00729684 -0.000301754 -0.00148331 0.00691287 0.00253787 -0.0042246 -0.0011631 0.00166164 0.00584573 0.0088109 0.00600146 0.00788916 0.00829929 0.00470065 0.00958384 -0.00142222 -0.00100335 -0.00184665 0.00953847 0.0119253 0.00536915 0.0140929 0.00249805 0.00049525 0.00397114 -0.00021519 0.00390675
internal_weight=1492.25 751.34 617.071 740.909 702.735 680.54 149.154 331.752 134.269 128.351 348.788 345.62 56.8783 71.4727 340.979 312.721 28.258 467.917 79.1192 252.633 29.0114 40.3731 223.622 46.1778 289.009 93.6096 286.368 438.704 408.765 27.2407 277.335 115.395 161.939 137.588 51.036 31.0164 130.012 29.2125 24.1068 10.9533 4.72452 20.0197 75.3389 17.8515 86.5515 29.8557 80.4369 77.4003 19.8587 38.7461 7.16007 111.462 18.5888 57.5416 28.5471 6.77784 24.3519 96.8004 34.9585 36.0134 11.482 18.5502
internal_count=100593 76255 69729 24338 19791 17076 9267 9836 6526 6495 7240 6850 1522 4973 6356 5338 1018 60462 964 8872 431 586 8441 1061 5163 2773 5020 59012 56471 396 4656 2155 2501 2341 1147 462 5668 1450 319 187 64 685 2381 403 1194 478 1029 982 281 378 111 4956 1270 701 264 83 160 2775 1126 1103 397 712
is_linear=0
shrinkage=0.01


Tree=17
num_leaves=63
num_cat=0
split_feature=26 13 44 36 24 146 22 156 153 156 36 103 44 56 14 107 148 79 30 124 17 93 79 61 39 44 78 94 44 26 8 128 101 22 30 127 46 114 109 29 143 78 136 150 24 100 19 154 59 57 24 17 17 21 23 148 3 121 128 23 77 20
split_gain=202.056 41.9082 36.7263 36.708 22.2543 19.8385 22.8928 16.2404 8.23155 11.1281 7.96354 7.67447 7.38979 7.19265 6.72089 6.19862 5.34758 5.0615 5.00938 4.59772 6.82824 4.44162 4.43058 4.42828 4.19941 4.08294 3.80179 3.67676 3.47979 3.44815 3.40638 6.04668 3.39391 3.32088 3.38244 3.37619 3.27675 3.19447 3.633 4.59885 3.17328 3.16312 3.09906 3.0738 3.04669 2.96891 2.95354 6.65835 4.02147 3.75673 3.74109 3.57337 3.49571 3.69773 3.28579 3.07844 3.05691 2.89549 2.88739 3.08378 2.93729 3.53283
threshold=0.059560515619772554 0.91717829821899755 -0.65915531433858865 0.77326773061746967 0.16697216656808778 -1.2343156069716394 -0.4115284617523815 -0.33410990576245253 -1.9078355942692118 -0.33083077648808362 0.7088800059538396 0.60467342598450269 1.8699213090848812 -0.49422552062347047 1.7267296890994219 1.0434115343095931 -0.42274474770448506 -0.057718050214222022 1.2938280043884622 1.8859470223875106 1.6621342080979675 0.703217776591191 0.61597091694141215 1.2410515763117516 -0.036492998357275173 1.6218861647090603 0.076307992545055506 -2.2471172365106122 -0.34062237305480331 0.094761947334154009 1.5970111992669647 0.63988946470101216 -1.6230920151338355 -0.10746798804507386 0.07486791852578302 1.0883500887463173 -1.779870784544743 -0.47217170737986042 -0.2389336831535212 0.9192555824968377 -0.19993585072008427 -1.1611243761317189 -0.74038681008544949 0.33413218872294304 0.19297109524711792 0.63750129002089939 -0.093051711736028275 -0.29115011090778004 0.08920828928350609 0.40752483214416341 0.23295335789488059 1.3922974654497626 -0.64954172396514154 -0.028975124624557039 -0.57663808111023152 -0.36364973112506499 0.16392520592709756 -0.04237089465934684 0.50125884054185865 0.018132706811591837 1.0766184029019832 0.061349678837166063
decision_type=2 2 2 2 2 2 2 2 2 2 2 2 2 2 2 2 2 2 2 2 2 2 2 2 2 2 2 2 2 2 2 2 2 2 2 2 2 2 2 2 2 2 2 2 2 2 2 2 2 2 2 2 2 2 2 2 2 2 2 2 2 2
left_child=2 3 -1 14 45 16 11 22 -3 13 -11 12 18 36 27 21 -4 57 24 26 -21 25 -8 -24 28 -9 -17 42 -7 -29 -25 -32 -33 34 -23 -35 -10 38 39 -14 43 -16 -2 -28 -12 -5 52 48 51 -50 56 55 53 -30 -54 -48 -49 -15 60 -60 61 -47
right_child=1 8 5 4 -6 6 7 15 9 10 44 -13 37 17 41 19 -18 -19 -20 20 -22 33 23 30 -26 -27 40 29 46 -31 31 32 -34 35 -36 -37 -38 -39 -40 -41 -42 -43 -44 -45 -46 58 47 50 49 -51 -52 -53 54 -55 -56 -57 -58 -59 59 -61 -62 -63
leaf_value=-0.0060820717261033334 0.0027432232616563792 0.012162172845981567 -0.0069193732841247978 -0.002947718945271387 -0.00573786315602567 0.0004955027463976532 0.010030167279381559 -0.0013591553912061275 0.010646887844703402 -0.0051717576832807218 0.0031522560802634283 -0.0098622692128583055 0.0086435691907658391 0.0034551006650230987 0.005146681653075409 0.0050973223801169575 0.0077561647177470244 0.0013392450601589848 0.001878169323861282 0.0071634840221026135 -0.015598707893534652 -0.0075201057954628206 -0.0014492081457127676 0.010560942095835055 -0.0069019107323606823 0.004883913809482057 0.00050225525630276889 -0.0030700925917544497 0.0062301406599501773 -0.0067598876633648266 -0.0082014171180211457 -0.0016487495532140593 0.012625226959989801 -0.0039002397147543948 0.0077699741678798609 -0.014440583521082847 -0.0058750236991406161 0.010506990439904683 0.011819010375619504 -0.0028655916819037039 0.0018225910003135946 -0.0032232087757721266 -0.0056128983888504439 -0.0082256849746552476 -0.0060169483125287948 0.0059738846332939993 -0.010208239925467651 -0.00060324127073393659 0.011685719446361655 0.00020159003431908303 0.0095989411529084495 0.0031106173251593977 -0.00020439127124447185 -0.0034552449018696368 0.0090923978929002419 0.0061322499601209448 0.0066821331380623053 0.0099475171845843421 -0.0054466639318806491 0.004394871912230469 0.0068404687825769483 0.00057358043972000289
leaf_weight=35.649888633051887 7.9784671261440989 6.8856545663438729 19.175240560667593 9.2005637513939273 50.377965298248455 9.6313181098084879 31.149724701885134 25.010856643086299 1.3759112781845022 35.058094376930967 25.62639790005051 2.8536689181346437 6.9916442860849219 10.027080448810009 6.727334177587184 31.627341812709346 2.8374634995125225 18.219708713702857 29.483021123567596 29.69526966591366 1.3672765311785031 2.179663602262738 8.5117917978204805 12.367389789782466 2.3855993764009318 17.992207294795662 10.730384697671981 27.197817762382329 47.864751259097829 394.86163709056564 3.3802480902522785 2.4749527201056498 4.9999812822788936 19.398678977740932 4.2380849306937307 3.6110480534844092 8.8372253107372654 56.970966739114374 6.9310480793938032 6.8618580047041178 121.53281616675667 13.667891179444267 9.952281763777135 6.4372185438405713 4.204944376833736 18.787964744959027 6.3999312804080546 8.4468275296967494 5.0004808267112804 6.6442902290727943 28.162668575067073 5.735896778292954 3.9523157626390448 4.2755213279742739 87.296341134700924 1.3906194334849731 17.921295991865918 22.291615921072662 7.5888997483998519 5.4623865080066025 22.037375630578026 34.211247467668727
leaf_count=4455 226 73 2565 585 6492 386 209 1726 16 3671 583 363 69 276 175 825 79 674 1163 415 26 110 127 100 154 437 394 2305 692 56030 47 26 32 1425 162 95 515 577 79 115 3652 674 1052 324 447 491 417 291 117 207 364 169 65 176 1303 46 354 271 158 149 442 950
internal_value=0.000120457 -0.00357166 0.00381775 -0.00468226 -0.0003431 0.00431935 0.00462107 0.00276519 0.00152313 0.00093835 -0.00194011 0.00643085 0.00656724 0.00401433 -0.00607376 0.0017121 -0.00502048 0.00556178 0.00576935 0.00261449 0.00615365 -0.000795598 0.00734814 0.00471004 0.00625679 0.00125111 0.00196815 -0.00633391 0.0063924 -0.00652243 0.00697155 0.00286698 0.00788986 -0.0037893 0.00255782 -0.00556429 -0.00363118 0.00927997 0.00590845 0.00293773 0.00125358 -0.000456343 -0.00188973 -0.00276746 0.00185486 0.0024497 0.00664649 0.00509793 0.000838745 0.00514746 0.00706161 -0.00286426 0.00750614 0.00543351 0.00868865 -0.00727451 0.00434518 0.00793799 0.00301485 -0.00131979 0.00377019 0.00249061
internal_weight=1480.15 740.578 739.568 608.052 147.666 703.918 681.905 336.705 132.527 125.641 64.8894 345.2 342.346 60.7515 460.385 273.821 22.0127 50.5384 264.591 201.39 31.0625 72.4305 62.8841 31.7344 235.108 43.0031 170.328 439.99 232.722 422.059 23.2226 10.8552 7.47493 29.4275 6.41775 23.0097 10.2131 77.7555 20.7846 13.8535 138.7 20.3952 17.9307 17.1676 29.8313 97.2884 223.091 79.702 25.1712 11.6448 54.5308 13.5264 143.389 52.1403 91.2487 7.79055 26.3681 32.3187 88.0879 13.0513 75.0366 52.9992
internal_count=100593 76255 24338 69729 9267 19883 17239 10132 6526 6453 4701 7107 6744 1752 60462 9591 2644 1221 5904 5636 441 3955 541 332 4741 2163 5195 59613 4587 58335 205 105 58 1792 272 1520 531 840 263 184 4370 849 1278 718 1030 2775 4201 1965 956 324 1009 632 2236 868 1368 463 645 547 2190 307 1883 1441
is_linear=0
shrinkage=0.01


Tree=18
num_leaves=63
num_cat=0
split_feature=26 13 44 36 145 48 44 46 25 33 156 71 36 150 149 98 149 25 15 6 77 113 65 147 105 51 17 157 123 8 21 79 19 144 132 36 17 156 15 148 144 77 51 79 146 11 19 20 156 26 90 35 0 25 111 124 36 99 64 131 114 93
split_gain=202.76 40.0211 37.4022 36.3355 23.6152 19.2961 15.474 15.4886 9.7437 9.48327 10.3356 9.3565 7.48523 6.11931 6.04937 10.0452 6.95123 6.52436 5.70305 4.83216 4.51187 5.95676 4.64353 5.26375 4.53666 4.43414 4.58054 4.38074 4.03832 3.77319 3.72413 5.45712 4.71683 3.68629 3.65083 3.57508 3.43244 3.41704 3.32397 3.1398 3.06974 3.02927 3.35826 3.02447 3.00285 3.00005 2.97925 4.70401 3.50983 2.92841 3.18193 2.91373 2.9302 2.90713 2.89918 2.8768 2.84561 2.83399 2.96951 2.80713 2.75927 4.21179
threshold=0.059560515619772554 0.91717829821899755 -0.65915531433858865 0.77326773061746967 -1.6094600771317309 -0.34555687105493849 2.1037853494907353 0.36535514889532617 0.21555677351157265 -3.1268660678800937 -0.33083077648808362 0.40955745785390901 0.82929254511911898 0.46566457033838243 0.26730001581044416 1.0027600518087307 -0.35085008351844593 1.0000000180025095e-35 -1.0176412661036807 2.0582772047069393 0.62168658123645926 -0.66014471851409018 0.31181832323653808 -1.480753857938081 1.0179368662895552 1.250518731972359 0.042843650768439649 0.22491622346228493 1.5881641533649795 -0.42467531824660648 0.63083117808861711 -0.83039652619969284 -0.078249795469988406 1.7314823336483347 -0.69047302288171919 0.72472478071337154 -0.96872824740447949 -0.14435678630284618 -1.0413186014312321 -0.33114999145434548 1.5222300998295715 1.089868400425223 0.95368041006762649 0.88158181725120277 0.070940027649476725 0.37464126541421777 0.56118151480508616 -0.069253223365559599 -0.23989922740642097 0.094761947334154009 1.4939747307639075 1.1440829622019388 -0.0064540210870632072 -0.38188784706507545 -0.056879083629871909 0.58242549684756273 2.3572156592072164 1.1147712705937156 0.15773951041860063 0.19341912595221822 -0.0081858091595671794 0.94832953696104216
decision_type=2 2 2 2 2 2 2 2 2 2 2 2 2 2 2 2 2 2 2 2 2 2 2 2 2 2 2 2 2 2 2 2 2 2 2 2 2 2 2 2 2 2 2 2 2 2 2 2 2 2 2 2 2 2 2 2 2 2 2 2 2 2
left_child=2 3 -1 18 -4 -5 7 8 13 -3 30 57 -12 14 15 16 17 -6 -2 35 28 22 24 -24 -22 26 39 -16 29 -8 31 -11 33 -33 -26 38 -32 -17 -13 -15 -29 42 -7 -23 -37 -30 47 48 -18 -20 -51 -27 56 -36 -14 -40 -53 58 -9 -34 -25 -62
right_child=1 9 4 5 6 41 20 11 -10 10 12 19 54 25 27 37 46 -19 49 -21 21 43 23 60 34 51 -28 40 45 -31 36 32 59 -35 53 44 -38 -39 55 -41 -42 -43 -44 -45 -46 -47 -48 -49 -50 50 -52 52 -54 -55 -56 -57 -58 -59 -60 -61 61 -63
leaf_value=-0.0063491890982285623 -0.0016918220694841907 0.0123604775680975 -0.0069535746300839986 -0.0057622613135767768 -0.010175846528621977 -0.0015006615871679878 -0.00094469923573741355 -0.0039505062902456603 -0.0076953199018566067 0.0087192164047413482 -0.0051061115882940471 0.0096114161744583568 0.0046285923983950582 0.00837868973635514 0.011135710533925734 0.0092588301317192839 -0.0024967741941222406 0.0068440671630619499 -0.0031126760607182538 0.0070031060221055468 -0.0083691983446300012 0.013450158748044748 0.013822261327545727 -0.0058069429920088863 0.011004000827722443 0.0082692805985046004 0.0039384293840881912 0.0065689780576353978 0.0041535213101470351 0.0084920480446677195 0.0084640508569538905 0.0079821261942421302 -0.0044082050561566064 -0.011658906633668299 0.00025407444055236344 -0.0065498506549732313 -0.0075416494154865081 0.0033372611614071626 -0.00087765398568113453 -0.0063792848468027389 -0.0082442553140318047 0.0049251192591724807 0.0028614481468566605 0.0022146949698034326 0.0041948545120867181 0.014413734466221191 0.0086058736205170284 0.0067355361295371886 0.0041104618231784708 -0.006771389985492671 -0.0022931127624814429 -0.0051350172685212551 -0.0076885638627673582 0.010118789326613113 -0.0020827664184812212 0.0026549216850200266 0.011789044704472534 0.0025324524934220672 0.0030879465750171704 0.0031941216993430156 0.0057489461411025823 -0.0084434664264210826
leaf_weight=34.379049549344927 27.789197434671223 7.4660773088689885 18.057101438986138 45.195729268249124 6.92693297495134 30.352616618387401 4.5820088128093621 34.881079370854422 5.3908789430279276 20.020721467910334 35.562725277850404 4.4699228047393254 15.828393979929389 1.6442583980970074 41.11282152403146 57.816096220398322 16.433727657189586 3.3197368017863482 26.004829668672755 28.057701885933056 1.9009145945310617 11.805558256804941 2.5582743608392802 8.170003067236399 14.529173715971412 15.829807746224107 13.380427069496362 19.571847643703226 3.4191128835082081 53.073458554921672 1.8156345952302215 13.036377237178383 10.950220225378873 1.0184290064498771 8.5583344236947596 2.657736833440139 4.9952785999048492 11.806278805015607 48.825331886997446 11.015338693978267 1.4923605527728785 27.654811992775649 42.080786796053872 3.0387225998565546 95.952681969618425 18.36067288229242 12.441193511476738 21.985922903055325 15.708959487266844 382.87131264689378 16.636976722627878 1.5448487745597956 2.6755262268707147 4.5978879479225698 10.811431576963512 43.611904805991799 2.720211275620386 13.414428111398591 7.2136725380551061 8.7013200889341515 7.7472864324226922 2.8494015266187489
leaf_count=4455 1450 67 2555 5957 460 1332 87 2220 562 330 3807 40 400 43 483 874 553 124 2285 533 44 150 17 159 127 255 444 363 29 578 39 286 502 17 165 129 239 259 2078 500 39 722 1256 68 2459 104 193 469 327 55588 1139 60 101 67 502 1270 66 354 297 337 125 53
internal_value=0.000144411 -0.00359881 0.00383342 -0.00469177 0.0043301 -0.000339024 0.00462688 0.00384958 0.00559196 0.00142497 0.000758014 0.00220826 -0.00210355 0.00587089 0.006617 0.00550499 0.0030089 -0.00465065 -0.00608657 0.00312072 0.00752686 0.00558384 0.00395416 0.000391447 0.00651769 0.00267926 -0.000135739 0.00923309 0.00913311 0.00774032 0.00369978 0.00458361 0.00212234 0.00654452 0.0075461 0.00256274 -0.00325408 0.00825673 0.00119701 -0.00444949 0.00551133 0.00210922 0.00103221 0.01116 0.00390362 0.0128103 0.00418991 0.00317168 0.000729516 -0.0063733 -0.00658521 0.0059015 0.000482631 0.0037143 0.00190136 0.000788041 0.00563791 -0.00146498 -0.00274152 -0.00103704 -0.0014405 0.00191888
internal_weight=1468.32 728.793 739.529 598.586 705.15 145.284 687.092 541.902 262.817 130.207 122.741 279.084 62.2026 257.426 208.616 146.439 76.8165 10.2467 453.302 223.575 145.191 65.7556 50.9113 21.325 29.5863 48.8104 26.04 62.177 79.4353 57.6555 60.538 53.7271 33.7063 14.0548 27.6854 195.518 6.81091 69.6224 96.9072 12.6596 21.0642 100.088 72.4334 14.8443 98.6104 21.7798 66.5698 54.1286 32.1427 425.513 399.508 22.7704 6.94059 13.1562 26.6398 92.4372 4.26506 55.5092 42.0948 19.6515 18.7667 10.5967
internal_count=100593 76255 24338 69729 19883 9267 17328 15555 6175 6526 6459 9380 4709 5613 4144 3259 2126 584 60462 6509 1773 975 757 354 403 1469 987 885 798 665 1750 1472 1142 303 359 5976 278 1133 3388 543 402 3310 2588 218 2588 133 1542 1349 880 59012 56727 482 227 232 902 3348 126 2871 2517 839 337 178
is_linear=0
shrinkage=0.01


Tree=19
num_leaves=63
num_cat=0
split_feature=25 108 13 44 66 24 145 138 36 79 108 90 70 121 123 154 98 119 63 44 8 79 16 36 36 14 116 77 16 137 17 150 77 127 42 80 14 2 76 105 55 156 31 77 129 20 150 156 65 15 94 69 94 136 99 95 62 33 62 72 90 133
split_gain=198.294 40.6912 26.9508 23.6704 20.5197 19.9479 19.649 25.9554 13.3412 13.3212 11.8642 9.72401 9.08421 8.40588 7.41573 7.29507 10.5477 6.58613 6.5295 6.0616 5.14499 4.89758 4.69735 4.54075 4.50762 4.44604 4.63764 4.41948 4.41901 4.37541 4.03222 3.99175 3.89462 3.74181 3.62156 3.52427 3.49734 3.45125 3.4404 3.37763 3.34517 3.26343 3.3316 3.66415 3.48692 3.23673 3.76521 3.09578 3.94286 2.9908 2.966 3.56392 2.94243 3.3137 2.90732 2.9107 2.90664 2.86322 2.84895 2.84771 2.88862 2.78907
threshold=0.012221651081018409 0.79669262848812916 0.7437771846302762 1.6218861647090603 0.71065992423040425 0.16697216656808778 -1.6094600771317309 -0.086580987120014163 0.82929254511911898 -0.77986056735159381 1.1959103959206323 -2.1701902752586939 0.89349234988347492 -0.10232895106401481 1.5881641533649795 -0.28067637167262799 0.65744119111861665 0.11742488666044541 -0.20348204703951153 -0.52303489165117245 -1.0045741506093517 1.6117866754298567 -1.2993645667639273 -0.25156146833116483 1.6810953824986468 1.6606286216286004 -0.53610276505082177 1.0693638798057705 -0.29950385571414334 1.5023145942177834 1.1221266946688686 1.8748588476824291 1.2319496497945095 -0.082004535426689618 -0.38313343755706797 1.1063970158466006 1.7267296890994219 -0.49813626895090363 1.5040946654106324 -1.6599539743761154 1.7533153056074779 1.100714528219757 1.3237863176085116 0.81702905896657707 0.047991167020363802 0.035805236317888574 -0.49053769669578073 -0.333354546054481 -1.023283975509212 -0.34329061871688499 -0.81406178134414087 -1.0236506602849214 -2.2471172365106122 -0.80692521259257854 1.5910317839425796 0.0030501120411245059 1.0000000180025095e-35 0.83816211036548849 1.0000000180025095e-35 0.81357958258087593 -0.33810777224739313 -0.87965866074115684
decision_type=2 2 2 2 2 2 2 2 2 2 2 2 2 2 2 2 2 2 2 2 2 2 2 2 2 2 2 2 2 2 2 2 2 2 2 2 2 2 2 2 2 2 2 2 2 2 2 2 2 2 2 2 2 2 2 2 2 2 2 2 2 2
left_child=3 2 11 4 6 8 -1 12 25 13 21 18 15 -4 17 16 30 20 34 -12 -5 29 -15 -19 33 -3 -27 -16 49 -9 -8 41 38 -21 -2 37 52 -22 45 -11 -6 42 43 -25 -45 -10 -47 -39 -49 -17 -40 -52 53 -13 55 -26 -30 -44 -34 -37 -61 -18
right_child=1 5 9 14 40 -7 7 10 32 39 19 36 -14 22 27 28 61 23 -20 24 35 -23 -24 31 54 26 -28 -29 56 -31 -32 -33 58 -35 -36 59 -38 47 50 -41 -42 -43 57 44 -46 46 -48 48 -50 -51 51 -53 -54 -55 -56 -57 -58 -59 -60 60 -62 -63
leaf_value=-0.0069426553992947325 -0.0030063987238647411 -0.0045506747992754507 -0.0028814964011467502 -0.00440677640234654 -0.0047461772506455684 -0.0055484539988130159 -0.0062933173389645046 -0.0021073427892869308 0.005840380817480513 0.0080769849389252975 -0.0037979789016330708 0.0029022304475901386 0.012480256911930068 0.0099053032944428649 0.011691404980289569 0.007606658818347622 -0.0038218191332880925 -0.0005156327614783459 -0.0056537784060811834 0.011483356291126076 -0.0063683239909400266 0.0069911231176413595 0.0021849137520002278 0.0082428270824457736 -0.0018731159290994621 -0.0075375644954527735 0.0094677718233157123 0.0034768223289680729 0.00065015521660483501 0.0025513008631038755 0.0020830310103545514 -0.0041478168223279769 0.011267153783841004 0.002839447334086248 0.009456986304347997 -0.0058618706541093933 -0.00073755697168175003 0.011909401136666957 0.012980624041253956 -0.003850307655763534 0.0058318054144070579 -0.0052844469308059054 0.0019623141961687771 0.0032081014934503163 -0.012971403453886143 -0.0096650129523239304 0.002694551789998236 0.011409522782453701 0.0053841527925056233 0.012615213367129377 0.01155730601805648 -0.0055357003606155645 -0.0066369486677548585 -0.0061220062124825482 -0.00017196583331856148 0.0089733883922910179 0.0071800117579098521 0.013113935556914232 -0.00060075742376934464 -0.0068948558439685731 0.010755596296318552 0.0085760152802434077
leaf_weight=17.759268348803744 3.2634196474682531 32.880801058374345 13.592706576455383 3.3693424756638697 38.846256862860173 44.660533806076273 11.094049717765303 83.240954286418855 40.643199930898845 2.4563636409584424 10.081302681472151 6.9862493348773596 26.233994854614139 17.879080396378409 38.247362785041332 29.136146086733788 1.9623395977541829 19.40688939159736 8.7531818978022766 5.2388613121584049 1.4475964601151634 8.2808994457591307 14.169092422118412 17.934791712556034 2.6621444271877399 2.3406780255027115 5.0147912860848001 7.9593952223658553 10.842103134375067 26.577710193349048 11.880335901165379 4.3839577957987776 10.1748257917352 114.06670931680128 8.027804681099953 2.9848355469293884 11.01610088185407 26.23519800696522 1.2048564809374518 60.851968467701226 3.2221649761777362 2.5508390641771248 2.9978537817951283 21.938429534435276 1.4063714335206885 2.5748824146576217 51.928682729136199 17.254451532848176 29.691662396537144 20.495050108525902 1.3767376267351199 9.9898656310979241 386.73093686206266 9.6864276302512717 4.7689997847191981 31.938572012120858 18.524623652920127 10.299154399428515 2.503079737070947 1.2114833216182885 3.7908146418631077 21.75132017233409
leaf_count=2550 171 3462 955 84 3040 5802 593 4923 952 100 1113 203 246 409 271 441 36 460 805 102 19 275 752 228 52 75 110 124 264 670 372 97 166 2943 239 67 518 162 18 5438 66 56 40 459 39 78 1199 187 548 229 44 410 55302 1058 175 590 289 92 54 27 63 281
internal_value=0.000162049 -0.00343049 -0.00486339 0.00394145 0.00274875 0.000361956 0.00336469 0.00378226 0.00200609 -0.000415163 0.00201167 -0.00597859 0.00712447 0.00370159 0.00673123 0.00600488 0.0028668 0.00574772 0.000819127 0.00371295 0.00767588 -0.000418614 0.00649684 0.00369688 0.00419099 -0.00297717 0.00403982 0.0102796 0.00785763 -0.000978843 -0.00195843 0.00502743 0.00367243 0.00322078 0.00584646 0.00817033 -0.00630763 0.00884632 0.00305342 -0.00338475 -0.0039324 0.00573389 0.00625157 0.00484278 0.00222397 0.00370335 0.00210716 0.00914947 0.00760279 0.00967907 -0.00185668 -0.00344824 -0.00645947 -0.00233517 0.00712702 0.00813568 0.00477366 0.0106106 0.00891749 0.0018385 0.00645574 0.00754468
internal_weight=1460.42 748.706 543.413 711.714 498.604 205.293 456.535 438.776 160.632 108.949 286.856 434.464 151.92 45.6409 213.11 125.686 46.688 166.904 20.0444 168.757 85.9854 118.1 32.0482 80.9183 158.675 40.2363 7.35547 46.2068 78.9979 109.819 22.9744 61.5114 120.396 119.306 11.2912 82.616 414.42 74.6289 107.718 63.3083 42.0684 57.1274 54.5766 41.2796 23.3448 95.1468 54.5036 73.1813 46.9461 49.6312 12.5715 11.3666 403.404 16.6727 39.3697 34.6007 29.3667 13.297 12.6779 7.98713 5.0023 23.7137
internal_count=100593 78320 65950 22273 19250 12370 16144 13594 6568 7654 10843 58296 2751 2116 3023 2505 1282 2628 1215 4975 1157 5868 1161 1471 3862 3647 185 395 1223 5593 965 1011 2921 3045 410 1073 57081 916 2701 5538 3106 914 858 726 498 2229 1277 897 735 670 472 454 56563 1261 817 642 553 132 220 157 90 317
is_linear=0
shrinkage=0.01


Tree=20
num_leaves=63
num_cat=0
split_feature=26 44 16 28 108 113 100 33 14 100 156 20 24 31 14 144 31 21 15 35 53 138 131 94 149 98 79 24 141 100 82 4 28 5 52 121 68 44 137 79 16 5 130 17 78 31 95 4 100 10 27 49 149 31 119 99 9 156 27 44 20 95
split_gain=188.4 40.4616 35.344 21.9713 21.71 15.9131 12.537 12.3147 10.659 9.96233 13.2391 9.10287 8.96389 9.65603 7.71588 7.0093 6.90109 6.78435 6.72134 5.835 5.82376 7.9776 9.00051 8.39228 7.64319 7.1178 5.61221 5.4554 5.36199 5.22577 4.9473 5.46981 4.50832 4.44416 4.24191 4.04711 3.99826 3.99138 3.79222 3.66552 4.08244 3.62276 3.60686 3.51012 3.421 3.64426 3.58617 3.24904 3.14507 3.11768 3.05066 3.03134 3.02442 3.01823 2.99588 2.93989 2.85223 2.79947 2.77355 2.77053 2.76008 2.75578
threshold=0.083540691393990799 -0.63444159383661181 -0.62389005779945628 -0.64547792108431967 0.73733028067636175 -1.1657118754063867 0.80736431940885767 -3.1268660678800937 1.7267296890994219 0.67273357301230641 -0.33063848602576068 0.42120221736842151 0.16697216656808778 0.070873185821065846 1.6201150641349784 -1.5953832798775867 0.10670827060830788 0.042519989085834244 -1.0413186014312321 1.1440829622019388 1.6880957659283846 -0.083871884166641666 -1.7145490834712918 0.41427146594140646 0.079655646472650984 0.14855568092830543 0.012866185909593217 0.19678383333885169 -0.47847205258740388 1.1060639477314214 1.034703535440896 -0.01150023400710682 -0.28726924438258394 0.29145008631458358 0.94059346460650983 0.19644962342519814 0.94108303097314272 1.5024455596432429 -0.68197055784231198 0.64729354022500685 -3.0467200863920234 3.0614418792041884 -2.0354731668764048 -0.63091166967678813 0.82117767602940561 1.1016235939042807 0.37789667309929581 5.6508598251286637 -0.27044666904214176 -1.0837756404884491 0.14519760697006404 1.138089457635622 -0.049483262629710541 3.0905712391048197 -0.68718047549716876 1.0009304864340076 -0.82729603609525248 -0.23560541628936546 -0.42158842568215599 0.48108997174981138 -1.2545982616090543 0.37789667309929581
decision_type=2 2 2 2 2 2 2 2 2 2 2 2 2 2 2 2 2 2 2 2 2 2 2 2 2 2 2 2 2 2 2 2 2 2 2 2 2 2 2 2 2 2 2 2 2 2 2 2 2 2 2 2 2 2 2 2 2 2 2 2 2 2
left_child=1 -1 7 51 8 11 14 -2 -4 10 26 15 13 -6 41 -5 18 20 -8 35 21 23 -23 24 25 28 33 -11 38 -24 49 -32 -10 48 56 37 57 61 -17 40 -16 47 -41 -25 -15 46 -46 -7 -9 -27 -50 -3 -30 58 -37 -20 -26 -36 -21 -22 -31 -18
right_child=2 3 4 5 12 6 16 9 32 27 -12 -13 -14 44 39 17 19 -19 55 53 59 22 29 43 34 30 -28 -29 52 60 31 -33 -34 -35 36 54 -38 -39 -40 42 -42 -43 -44 -45 45 -47 -48 -49 50 -51 -52 -53 -54 -55 -56 -57 -58 -59 -60 -61 -62 -63
leaf_value=-0.0066729554629170532 0.012162900358543498 -0.0075747156383753509 -0.0064322572665874043 -0.0069734144891703707 -0.0048707322505310551 -0.00097732936963307163 0.010738933293158096 -0.0079445026570240419 -0.003745676418598673 0.0054470217688544556 -0.0052625354379994905 -0.0094370629040934906 -0.005538810335093125 0.00054928583130793704 0 0.0078631479960450407 0.00037889762394254081 -0.00085940631323337571 -0.00448658496768753 -0.0038904547226911901 -0.00019220892517186864 0.009489858996974217 -0.00028953795442611722 0.0054079090460673494 0.0013836724892264973 -0.0049530375892818789 -0.0046435454096292288 -0.0073982960840094317 -0.008763212505089964 -0.0040360838897822524 -0.014051480044963463 0.0050154761505172918 0.0050268446356068813 -0.0082655344790551061 0.00067369197757121584 -0.0071711225621764662 0.011490084158358583 0.012801978466640485 -0.0071491728986342396 -0.012126916150368877 0.010071867241823804 0.0056834643853638086 0.002920778885147645 0.014182704033771681 -0.0049518094381677856 0.0094190220983490398 0.0056343637570179872 0.012266567486027192 0.0028920486139954226 0.011082472057972022 0.010501228807101293 0.0011317825815743952 0.0017171421835362919 -0.0047117634808862361 0.0050568462183127388 0.0015949004216493576 0.010741633443026212 0.0077712747401601483 0.0044617782127951266 0.010558496042842097 0.0099209823558218738 0.0080239626020034479
leaf_weight=37.516103508882225 9.0360421510413271 17.915199721930552 388.37310725077987 3.9248723504133514 26.290050439769402 116.12670872337185 7.4322033943608394 1.4073090208694399 12.053853432415055 35.099354472011328 48.284024531021714 3.7221072069369248 36.930474021472037 42.898248601704836 5.3560963198542622 7.5899942589458078 5.3799741305410853 12.109396127052603 9.3376446862239373 4.1554569522850207 2.5135210370644918 17.725734001258388 42.599658561404794 5.8192254612222341 3.5442575532943001 1.300119287800048 7.5066926747094831 3.6350490108598015 8.4375161875504947 1.6776992948725808 1.984405474970117 6.1128945779055375 11.373572343494741 2.2285790094174436 15.13799563236535 2.151709500700238 7.9356889170594505 17.124278411269188 2.1460181903094036 1.7743597482331122 16.150897364597768 9.3937731517944467 14.743316484149544 22.046165660955012 5.0466672019101706 11.271228056866674 8.6844247914850694 1.8715106016024936 8.9504838525317627 15.581532055046406 12.98719635652378 5.1195970936678341 4.0594110623933437 4.0865498839411876 26.589736911468208 52.957291038706899 44.519322539912537 8.8051660251803696 83.065168457338586 44.617097554262727 8.6347791156731528 39.85459668468684
leaf_count=4975 107 2482 55011 506 2908 6248 46 102 704 915 5401 443 5083 1313 56 148 97 516 538 139 67 202 1387 57 48 37 478 417 513 20 45 81 226 69 267 46 78 157 64 26 165 312 279 180 151 232 269 31 287 233 174 308 139 181 491 1298 549 133 1868 324 135 622
internal_value=7.93574e-05 0.00345404 -0.00379024 0.00397249 -0.00490868 0.00428438 0.00303075 0.000911265 -0.00603711 6.29344e-05 -0.0019234 0.00607318 -0.00136376 0.00027255 0.000890632 0.00627373 0.00443433 0.00645682 0.00175602 0.00545743 0.00678198 0.00611254 0.00332389 0.00738231 0.00629058 0.00309592 0.00294751 0.00423737 -0.00101576 0.00125497 0.00675853 0.000318834 0.000509278 0.00518058 0.00817539 0.00724919 0.0053375 0.00868169 0.00453992 0.00484328 0.00756426 -0.000288678 0.00129192 0.0123564 0.00226585 0.00520568 0.00173552 -0.000765405 0.00647146 0.0098394 0.007404 -0.00563566 -0.0053522 0.00366804 0.00413575 0.000681143 0.0100541 0.00329018 0.00406231 0.00998311 0.00763896 0.00711719
internal_weight=1442.7 770.647 672.056 733.131 542.922 710.096 417.551 129.135 411.801 120.099 81.3643 292.545 131.121 94.1906 165.417 288.822 252.135 284.898 69.7271 182.407 272.788 225.658 70.6379 155.02 127.154 47.2119 33.0803 38.7344 22.2329 52.9121 24.979 8.0973 23.4274 25.5736 79.9424 91.1003 31.8789 62.3588 9.73601 38.0247 21.507 127.392 16.5177 27.8654 67.9006 25.0023 13.7311 117.998 23.345 16.8817 21.9377 23.0348 12.4969 91.3072 28.7414 62.2949 48.0636 23.9432 87.2206 47.1306 10.3125 45.2346
internal_count=100384 26537 73847 21562 65897 18772 12600 7950 55941 7843 6511 6172 9956 4873 7117 5729 5483 5223 1882 3601 4707 4316 1744 2572 2335 1260 1110 1332 864 1542 396 126 930 632 1075 1413 478 876 212 526 221 6591 305 237 1965 652 420 6279 563 270 461 2790 652 2188 537 1836 597 400 2007 391 155 719
is_linear=0
shrinkage=0.01


Tree=21
num_leaves=63
num_cat=0
split_feature=25 13 21 145 100 35 33 18 15 21 138 48 36 53 36 100 156 138 149 98 141 6 78 143 85 36 138 100 36 25 122 42 79 17 42 148 104 18 120 103 78 35 46 149 149 3 36 145 43 71 5 2 5 46 147 30 137 71 152 47 94 119
split_gain=181.944 29.873 26.5237 22.8504 17.2239 12.8149 12.3479 11.8639 9.85048 10.7503 18.4969 8.81448 8.26632 7.87376 7.49055 7.35408 9.87548 6.88067 7.19718 13.2477 8.76162 7.00225 6.48535 5.4813 5.2867 4.81516 4.79189 5.13777 4.67781 5.13094 4.93432 4.56608 4.17942 4.10193 4.09228 3.83806 3.64106 3.62189 3.59784 3.49861 3.41612 4.07039 3.52255 3.41149 3.40036 4.12104 4.71748 3.85668 3.36389 3.28943 3.25566 3.25121 3.24487 3.23373 3.13655 3.11427 3.11162 3.03859 3.01369 2.95676 2.90497 3.20449
threshold=0.077534525566696572 0.67385256602184984 -0.19433228084585938 -1.7751997500834233 0.65551565209543805 1.1440829622019388 -3.1268660678800937 -1.4860393656936377 -1.0413186014295168 0.08543716366256994 -0.091133158187742494 -0.19639167351147874 0.82929254511911898 0.39625606998335988 1.6297417186092107 0.67273357301230641 -0.33063848602576068 -0.049477560085210891 0.079655646472650984 0.14855568092830543 -0.47847205258740388 1.8172946527912983 -0.67436705277137843 2.4965717817076993 -1.1687036174595462 0.77326773061746967 -0.086228127954783448 0.92575818262343612 0.74022958406539674 0.012221651081018409 1.1787310521450121 3.5242790916649898 0.16694135749078029 1.2376289418982374 -0.71840365842647647 0.26134406362740886 0.94332311283395331 0.28203462416028885 0.5051502861004159 0.5415777390245361 0.81236480287979251 0.80862290413818028 -0.50652929339875219 -0.031814563598083496 0.75589873455456935 -0.18688180349119207 0.45494422289136061 0.47532068413723194 0.45732954685725241 -1.8223765549757156 5.9055720259870705 -0.059660720033403065 -0.44387447250432194 2.9876452757030751 0.066033979259528544 -0.47160803522745398 -0.65732536147950027 1.5875226312917665 0.89941270575640864 0.50911848018063544 1.0284380895841803 -1.0035959745191254
decision_type=2 2 2 2 2 2 2 2 2 2 2 2 2 2 2 2 2 2 2 2 2 2 2 2 2 2 2 2 2 2 2 2 2 2 2 2 2 2 2 2 2 2 2 2 2 2 2 2 2 2 2 2 2 2 2 2 2 2 2 2 2 2
left_child=2 4 3 -1 24 14 36 23 44 10 -10 -6 -13 -9 17 16 22 18 19 20 56 38 49 31 39 58 -15 -28 29 30 32 -7 48 -32 -21 -29 -3 -17 -19 -2 42 59 -14 -22 45 46 57 -47 -12 -8 -25 -16 -20 -40 -51 -44 -5 -4 -11 -42 -37 -62
right_child=1 6 8 5 11 7 15 13 9 25 28 12 40 26 51 37 -18 21 52 34 43 -23 -24 50 -26 -27 27 35 -30 -31 33 -33 -34 -35 -36 60 -38 -39 53 -41 41 -43 55 -45 -46 47 -48 -49 -50 54 -52 -53 -54 -55 -56 -57 -58 -59 -60 -61 61 -63
leaf_value=-0.0067167013834357053 0.0030074321683884733 -0.00080299263511465963 0.00063635657151343698 0.0078470588909936544 -0.0059599238036998625 0.005891128822237893 0.013645037566095822 -0.0044596395915890699 0.010516812642490232 -0.0051620645844520649 -0.00079326252252210694 -0.0058792612199742144 -0.0021649393795974744 0.012689553070416025 0.0041544010068342982 0.0042641509709502945 -0.0055944537786565282 0.0032167601480837618 0.0013000271633529402 -0.0020485212262435029 -0.010544307229383199 0.0064644904438540766 -0.0031623168220935843 0.013993756871488763 -0.0064204205224174049 0.0031559217299315053 -0.00058783423829860391 0.0053821674963765009 0.0032928912181808445 -0.0055817571253887607 0.0060768409355253395 -0.010221173914872188 -0.0024819536142658728 -0.0054761235208515505 0.0084227968458234926 -0.0043497391353392034 0.0144300922806215 -0.0056513510819165402 -0.0032829339165255846 -0.0048212632205365501 0.0012710025495191429 -0.0050492080890932566 -0.0072874325401745431 0.0012317909703462647 -0.0015328067985475979 -0.0030977020526786942 0.013434885434302421 0.011047933426324047 0.0070076671104233722 0.010520926534164199 0.0033485221907578388 0.012111489248512214 0.008998859669305477 0.010502304446359743 0.0011554863642368508 0.0054395755842463287 -0.006540169042264548 -0.017786631291814563 -0.0011487753548509144 0.010462395186345015 -0.012459329285163544 0.0043224829233935117
leaf_weight=17.050907857483253 9.8879937944002467 1.9710553686600158 7.7245898211840522 8.0299460825044644 32.679856527596712 13.667677296791224 3.2910843850113478 18.705095777986571 20.872731217416003 45.286573692923412 12.347869829041885 17.13806188153103 23.429679614957422 4.4491120404563835 6.3427806808613232 32.564656253205612 43.56641660653986 35.128363304538652 5.8289636273402712 4.0787427206523708 9.249982809647916 48.491301559843123 20.83630117890425 14.643638162408026 354.3007815531455 12.616841141367329 43.613693386316299 48.199278827058151 43.667492426000535 17.224805782549083 20.07028726418503 2.0052641630172721 52.109187180642039 3.6115777082741252 41.689609766937792 8.1799448379315454 7.4386779651977122 4.1367663785349569 18.84186682198197 13.45112445601262 5.2031232428271386 3.0650253370404235 2.1917568785138455 3.3275380358099929 5.5216128802858284 2.1324894591234651 2.7853065892122677 18.703614085912704 9.9665019717067462 4.4238439169712391 3.6154901329427949 28.242249307222664 99.675784417893738 1.858182135503738 18.681015428155661 14.924567737383766 1.8333617914468074 1.001417178660631 32.018419180298224 10.868513658177106 1.2229938949458308 14.435463401954618
leaf_count=2529 583 61 183 155 4584 197 48 1969 251 5104 550 2071 860 38 95 1022 5292 1031 105 86 696 563 1411 120 51183 364 1997 1182 1271 1915 558 21 2626 130 592 282 51 421 600 1382 181 173 65 104 93 47 25 175 300 49 31 280 1175 26 692 443 53 11 1679 174 44 385
internal_value=0.000113867 -0.00394417 0.00324018 0.00465621 -0.00510405 0.00505609 0.00018217 0.00286881 0.000927414 0.00025656 0.00166827 -0.00161067 0.000238757 0.00157189 0.00626422 -0.000633296 -0.00216081 0.0057171 0.0069369 0.00440135 -0.00188835 0.00368446 0.00100474 0.00816916 -0.00611666 -0.00256603 0.00251239 0.00211895 0.00050544 -0.0005493 0.00033373 0.00381807 -0.000930339 0.00430918 0.0074872 0.00375896 0.0112311 0.00314258 0.00126727 -0.00150036 0.00199793 0.00547953 0.000351294 -0.00742235 0.00570284 0.00694112 0.00212535 0.0095946 0.00268805 0.00429785 0.0118944 0.0106567 0.00857462 -0.00203617 0.00295677 0.00380073 0.00515876 -0.0014844 -0.00350149 0.00749558 0.000471892 0.00299825
internal_weight=1434.12 624.05 810.069 502.407 487.14 485.356 136.91 172.738 307.661 269.792 179.87 109.501 76.8207 138.806 312.619 127.5 90.7987 278.034 173.714 68.2092 22.4408 104.32 47.2322 33.9321 377.64 89.9218 120.1 115.651 158.998 115.33 98.1054 15.6729 74.4236 23.6819 45.7684 72.0377 9.40973 36.7014 55.8284 23.3391 59.6827 19.1367 40.546 12.5775 37.869 32.3474 11.5113 20.8361 22.3144 26.3959 18.2591 34.585 105.505 20.7 23.1049 17.1163 9.86331 8.72601 77.305 16.0716 23.8384 15.6585
internal_count=100384 70746 29638 14356 61699 11827 9047 6266 15282 14748 7601 8551 3967 5897 5561 8935 7492 5186 2966 1686 1008 2220 2200 369 53148 7147 3928 3890 7350 6079 4164 218 3476 688 678 1893 112 1443 1657 1965 1896 528 1368 800 534 441 219 222 850 789 151 375 1280 626 741 508 208 194 6783 355 711 429
is_linear=0
shrinkage=0.01


Tree=22
num_leaves=63
num_cat=0
split_feature=26 13 44 36 28 24 113 36 33 15 25 104 56 135 144 44 79 28 75 14 28 53 36 80 30 65 45 52 77 149 126 34 77 23 118 30 79 106 23 156 28 18 142 35 146 28 92 71 156 116 24 91 79 129 109 9 35 143 109 14 36 142
split_gain=179.751 42.1194 39.8674 26.4323 20.4649 18.6294 15.6646 14.714 11.0277 10.1402 10.0052 8.72358 8.64325 7.7031 7.53817 5.99391 5.81811 5.5198 6.57502 5.22777 5.31675 4.40479 4.3389 4.93869 4.09807 4.54571 3.97588 3.9271 3.88993 3.87512 4.45078 3.82378 3.75413 3.68811 3.58413 3.3569 3.34426 3.31935 3.54366 3.2035 3.09454 2.9918 2.98465 2.96903 3.94276 2.95856 3.08855 2.85229 2.81935 2.80595 2.66438 2.59114 3.65042 3.15171 3.45357 2.58985 2.58524 2.57636 2.55785 2.82512 2.5522 3.38079
threshold=0.083540691393990799 0.91717829821899755 -0.63444159383661181 0.75667687302997511 -0.64547792108431967 0.16697216656808778 -1.1657118754063867 0.74022958406539674 -3.1268660678800937 -1.0413186014312321 0.21555677351157265 -0.77144676963006542 -0.04259288830223986 0.68747263373227918 -1.5953832798775867 1.5024455596432429 -0.55687040845308977 -0.24279480794897265 1.0000000180025095e-35 1.7267296890705655 -0.28726924438258394 1.6880957659283846 3.1359801007492556 1.0952710503071728 1.4805949960247067 -1.023283975509212 0.99486221773809558 1.5419044983323731 1.0967671495099478 0.02744051774122672 0.46878954192023342 -0.60601392631788331 1.0766184029019832 0.082989562352746668 -0.38420614777577139 3.044349589332199 -0.48251025695526778 1.2756105600748957 0.034670196230868845 -0.32664498997995534 2.563449513654477 -0.17707332244704074 0.73356139636819617 0.80862290413818028 2.0160714038476972 3.2582902632633677 2.6165059114818048 0.16156478976172847 -0.33063848602576068 -0.39970177547378727 -0.50667851809323339 0.32529729058563867 1.2879691036861591 -0.95655349385462018 -0.32491171209742886 1.6667884342575729 0.21376438985654736 -0.010944916773346533 -0.2464399340298635 1.7267296890994219 1.6810953824986468 1.1840849531527027
decision_type=2 2 2 2 2 2 2 2 2 2 2 2 2 2 2 2 2 2 2 2 2 2 2 2 2 2 2 2 2 2 2 2 2 2 2 2 2 2 2 2 2 2 2 2 2 2 2 2 2 2 2 2 2 2 2 2 2 2 2 2 2 2
left_child=2 3 -1 19 57 32 10 9 -3 -8 11 14 48 50 -6 24 39 18 29 -2 -21 27 23 -17 25 51 -26 35 37 30 -16 -18 47 41 42 -19 -15 -13 40 -14 -39 -34 -25 44 49 46 -38 -5 -10 -29 -11 53 55 54 -9 -53 -30 -4 -33 -60 61 -55
right_child=1 8 4 5 6 -7 7 15 12 13 -12 28 16 36 17 22 31 21 -20 20 -22 -23 -24 34 26 -27 -28 43 56 -31 -32 58 33 -35 -36 -37 45 38 -40 -41 -42 -43 -44 -45 -46 -47 -48 -49 -50 -51 -52 52 -54 60 -56 -57 -58 -59 59 -61 -62 -63
leaf_value=-0.0067760334408497906 -0.0063397593264307153 0.012521991652498817 -0.006804744774879491 -0.0056654304335831216 -0.0070850227531287025 -0.0059495454595536205 0.0090436529301569889 0.0043495643575607902 -0.00031451242149483429 0.0061307586911516386 -0.0080475833143038005 0.0014378625005327808 0.0092781014558309706 0.0078621293013713765 -0.005286122387144431 0.0096696133062562275 0.0055613838853490897 0.0079233127021287406 0.012633567918084789 -0.0054426657666390103 0.0041852058837152078 0.010926617822540952 -0.0051719921329852992 -0.0028967236458302971 -0.0035527296483688258 0.0023692835865853023 0.0053728516298605653 -0.0047476439285909144 -0.0093966645251744325 0.0070509361918381789 0.0046959320791469797 -0.0028228921181164797 0.0026125870610338646 -0.0031375499825313062 0.010630711998767327 -0.0061395484792577506 0.0012476390300261448 0.010157600273462566 -0.0047508136766360749 0.00082828136748853412 -0.0016604341166839573 0.010307420541915057 0.010555617896567273 0.010238878881690412 0.011454300098311722 0.0060816140435767307 -0.0089477576622403049 0.0014284919859682032 -0.0060247821118002177 0.0096645397635181669 -0.0026252800779383114 -0.0069274970962407562 0.010566427989865764 0.0073534887171441271 -0.011229491299798026 0.0099262330380803059 0.00076638877594692499 0.0023615155008509885 -0.00076232226795005869 0.008943795983628133 0.011259487436262965 -0.0033172204106717207
leaf_weight=36.375330941751599 392.82308671553619 8.8641720856539887 19.286452520638708 6.3985514498781404 3.6714628145564339 45.428327488945797 14.756674634758381 8.8466206062585098 17.287269161082804 3.6497746980749062 4.9576229751110068 23.190274722175673 16.936614326667044 9.0179418099578452 10.884656024863949 44.570797048509121 13.013877732679246 138.4091454683803 6.4072721649426958 13.987264576135205 9.6991628746036422 40.150714098941535 2.5896069938316932 8.3004802479408664 13.627062250860037 58.685370959574357 7.8595652582589528 8.6448793336749059 3.6959717543795687 8.240932257845996 7.5543542462401083 22.386954903369766 8.8821747226174956 4.2962534255348137 4.2949502193368962 1.7035776870325197 92.111329424427822 15.448779518948873 2.2683828966692081 6.1417246011551461 2.5668480624444774 11.865795862162486 2.047277368605136 3.8882440356537691 2.5158598250709465 12.56634741835296 3.0585306058637789 48.856870954157785 17.368948300601915 1.5877855892758841 66.969829495064914 4.5941114220768196 2.6610947316512465 32.937803780427203 1.6833575041964639 1.1236847611144183 7.6599020960275084 3.6225052932277313 8.2220837208442408 4.6946456646546713 15.527554458472876 3.2439892012625924
leaf_count=4975 57548 74 2590 200 506 6474 118 149 772 88 528 831 281 178 530 519 524 2053 83 943 208 263 59 168 895 1541 222 157 91 127 164 1257 217 176 67 38 3077 257 101 392 49 215 31 49 38 266 117 1739 2172 24 3907 148 59 646 31 27 283 200 564 91 205 82
internal_value=0.000152565 -0.00368601 0.00343958 -0.00485152 0.00394809 -0.000831963 0.00424911 0.00299745 0.00181259 0.00106501 0.00601755 0.00625987 0.000915423 0.00043567 0.0071025 0.00483417 0.00290503 0.00732972 0.00354353 -0.00606458 -0.0014959 0.00796523 0.00745863 0.00801348 0.00375742 0.00442944 -0.00028222 0.0072054 0.00266656 0.00135287 -0.00119078 0.000929252 0.00206237 0.00527373 0.00296241 0.00775119 0.00201296 0.00402858 0.0069834 0.00703506 0.00846824 0.00702094 -0.000217936 0.00260094 0.00025736 0.00152174 0.000918027 0.000604333 -0.00318017 -0.00249431 -0.00217053 0.00613949 0.000903836 0.00684247 0.00184127 -0.00358633 -0.00253792 -0.00535056 -0.000776535 0.00276187 0.00785841 0.00639336
internal_weight=1424.61 657.154 767.455 542.237 731.079 125.728 708.17 414.724 114.916 202.13 293.447 288.489 106.052 187.374 233.659 212.593 71.3959 229.987 33.0872 416.51 23.6864 196.9 61.8031 59.2135 150.79 129.304 21.4866 156.749 54.8302 26.6799 18.439 48.3176 80.2996 25.0442 14.6427 140.113 116.754 43.4743 20.284 23.0783 18.0156 20.748 10.3478 16.6368 12.7485 107.736 95.1699 55.2554 34.6562 10.2327 70.6196 70.6182 8.37889 62.2393 10.53 5.7178 11.3559 22.909 35.3037 12.9167 51.7093 36.1818
internal_count=100384 73847 26537 67720 21562 9021 18772 12600 6127 7751 6172 5644 6053 7633 4032 4849 3109 3526 904 58699 1151 2622 844 785 4005 2888 1117 2359 1612 821 694 2436 2547 608 266 2091 3638 1238 407 673 306 432 199 268 219 3460 3194 1939 2944 181 3995 1347 234 1113 180 175 374 2790 1912 655 933 728
is_linear=0
shrinkage=0.01


Tree=23
num_leaves=63
num_cat=0
split_feature=26 13 44 36 28 24 104 36 28 143 138 153 35 138 99 56 16 25 23 148 137 14 28 142 50 14 142 18 78 36 98 35 145 103 154 145 143 45 99 156 123 146 145 16 28 145 49 134 8 36 66 15 120 77 53 45 114 142 24 136 69 145
split_gain=178.445 41.8555 39.0289 25.2795 20.1591 18.8826 14.1961 11.3585 10.2515 9.10367 9.21417 11.4748 8.60543 7.62293 7.90302 7.50866 7.49541 7.39459 7.0179 6.42789 5.98802 5.15063 5.46012 4.80389 4.74923 4.71343 4.62019 4.18936 4.16938 4.0671 5.97109 6.21336 3.93294 3.92189 3.68534 3.48814 3.43987 3.91001 3.42979 3.40191 3.28374 3.8226 3.17308 3.1405 3.12902 3.11748 3.07249 3.03172 3.21971 3.01446 3.18006 3.01133 2.85952 2.85469 2.83313 2.82997 2.80222 2.79921 2.7478 2.6926 3.41191 2.67205
threshold=0.083540691393990799 0.91717829821899755 -0.63444159383661181 0.87041864665053303 -0.64547792108431967 0.16697216656808778 -0.78630356323896622 0.89248103394604761 3.6325442961122119 3.0892335428466065 -0.086228127954783448 0.37904215777006051 1.3923213058856734 -0.090927067390154187 0.42169354495521444 -0.04259288830223986 0.12998999580515402 0.21555677351157265 -0.39278261585158941 -0.3434439679994245 -0.080956923310028447 1.7267296890705655 -0.28726924438258394 -0.39327410503899046 1.236355322671419 1.6890037890335103 0.55294927299302865 -0.17707332244704074 0.82117767602940561 1.6810953824986468 0.59954165665153913 1.8502327979308686 1.6419166074046234 -1.9141053995329453 -0.30368302060801883 -1.4680181323797636 1.4002684961848517 1.6572043967683789 0.87379705068899949 -0.33063848602576068 1.833036952101798 1.4942738742697623 1.6026724689349308 0.62310481394725492 -0.17812729194325203 1.2420832270897315 1.138089457635622 1.0124837508360103 0.20005602888726068 0.85087925045397161 1.4347347253760889 -1.0413186014312321 -0.033485935834998329 1.0831230044448386 1.298874467064659 -0.35556079768794374 -0.76685742918160227 -0.26097461724674925 -0.0585684470576932 0.88594860115210161 -0.42531943527123178 0.79520769398965296
decision_type=2 2 2 2 2 2 2 2 2 2 2 2 2 2 2 2 2 2 2 2 2 2 2 2 2 2 2 2 2 2 2 2 2 2 2 2 2 2 2 2 2 2 2 2 2 2 2 2 2 2 2 2 2 2 2 2 2 2 2 2 2 2
left_child=2 3 -1 21 46 28 9 13 15 10 11 17 26 14 42 39 29 19 -15 23 -21 -2 -23 34 32 49 36 -25 58 33 -31 -32 44 40 -6 -36 37 59 51 -3 41 -12 -8 -18 47 -35 -4 48 -13 50 -17 -20 -11 61 -34 -51 -40 -38 -5 60 -9 -27
right_child=1 8 4 5 6 -7 7 12 -10 52 16 24 -14 18 -16 25 43 -19 38 20 -22 22 -24 27 -26 53 -28 -29 -30 30 31 -33 54 45 35 -37 57 -39 56 -41 -42 -43 -44 -45 -46 -47 -48 -49 -50 55 -52 -53 -54 -55 -56 -57 -58 -59 -60 -61 -62 -63
leaf_value=-0.0067913387856216268 -0.0061954124731834516 0.00028862780196106099 -0.007363805318397032 0.0068405123056348906 -0.0047097331476743803 -0.0061627555840166465 0.0013859754111082998 0.013972702209514885 0.012985796292868787 0.0020756961794879901 0.0087168674625112651 0.0093939882943656506 -0.0022998876498545331 0.0033526509481354521 0.0093193433841482053 -0.0035151050707934173 -0.0018155696384765988 -0.0079690284640470416 0.0077484385033241071 0.0095720617817440651 0.0013788550931196706 -0.0055642140706896595 0.0040859087306458469 -0.0004355809438838383 0.013124299034181316 0.0050100798803870998 0.010960396164412686 0.011981180657718957 0.0058123700968966191 -0.010302138596495716 0.013229069493932826 0.0038631075379628528 -0.013834723059857324 0.005014646826936359 -0.0077524412287583036 0.0061309320934941633 -0.011354356238647809 0.011072444926825657 -0.0069423612880104967 -0.0059545616102109093 0.015999407975400587 -0.0064328750370753231 -0.012262708488008221 0.003636607889052203 0.0096875980619018504 0.0019036753637961764 0.0013495566548219009 0.0086051554589862168 -0.0084859867381008331 -0.0027730524922356483 0.0068611741782756332 -0.0035106932359989986 0.011054334677246685 -0.0032735942314248518 0.0039674521842182255 0.0053350045587234338 0.0012896189749792275 0.0044774827380062651 -0.00033420881523126586 0.0010714479160493658 0.0048751969900772589 0.012219105838172213
leaf_weight=35.503890190739185 405.45123921823688 17.719224157510325 17.400509581435475 6.2471843198873094 12.404584550997241 37.655515077291057 9.496195879532026 4.8108470751903871 7.6745748850516966 4.0041925949044517 8.1842192285694164 1.4915260598063449 12.906759322388096 47.258861829293892 20.083193020895123 17.854951459215957 30.827967682853341 4.753156650112941 2.4727941143792114 32.791688344674185 12.298564756987615 13.619252505013721 10.271191207692025 4.5321993257384747 24.079386181198061 15.675340112764394 17.990567988250405 6.7167434436269087 25.939336244016886 1.6910924199037278 15.591412642505022 13.062327402876688 1.282951911445706 58.627705270424485 2.2702743862755588 8.693255571182819 2.1711244792677462 11.613720523426307 4.517738801194354 17.13315034029074 4.3961718287318936 2.0748409833759061 2.0635689147748044 16.059409625828266 43.95760610117577 71.857530712150037 5.2448634060565373 5.1989218308590353 3.0357847854029387 5.6422939754556891 3.5242730008903882 52.863549368921667 33.501306962221861 2.7875305847264817 2.87764663528651 17.896757304202765 47.466879850020632 2.2695193625986567 36.200406291522086 15.008809015154837 29.39919798239135 7.7252878658473483
leaf_count=4975 58967 778 2482 155 636 5569 348 55 56 62 117 24 638 1027 233 1650 936 521 42 460 261 948 212 119 161 320 275 123 614 51 132 439 24 1243 269 181 41 130 236 2179 20 25 67 423 521 1471 308 73 102 454 130 3997 254 74 43 401 1979 42 1255 310 661 85
internal_value=0.000179216 -0.00367957 0.00344539 -0.00484956 0.0039426 -0.000476139 0.00423949 0.00249978 0.0018319 0.00539171 0.00493704 0.0067176 0.00529066 0.00105775 0.00552881 0.00102193 0.0036041 0.00412833 0.000141567 0.00485189 0.00734035 -0.00592947 -0.00141119 0.00160648 0.00938499 0.00288619 0.00646861 0.00697364 0.00265403 0.00455305 0.00788563 0.00896575 0.00782467 0.00385512 -0.000974758 0.00324247 0.00522756 0.00584838 -0.00127168 -0.00277843 0.00876308 0.00563989 -0.00105034 5.01022e-05 0.00855076 0.00330249 -0.0053416 0.00339787 -0.00256565 0.000917253 -0.00179754 -0.00300444 0.0100992 0.00625789 -0.00151802 0.00338691 0.000571095 -0.00324869 0.000720731 0.00461168 0.00616118 0.00739848
internal_weight=1415.82 649.018 766.805 535.384 731.301 106.042 708.656 282.393 113.633 426.262 388.757 166.384 96.1705 186.223 31.643 105.959 222.373 84.4605 154.58 79.7073 45.0903 429.342 23.8904 34.6171 81.9238 71.1064 83.2638 11.2489 68.3869 175.485 30.3448 28.6537 57.8444 145.14 23.3681 10.9635 65.2732 60.8326 107.321 34.8524 14.6552 10.2591 11.5598 46.8874 53.6838 130.485 22.6454 9.72623 4.52731 44.9183 21.3792 55.3363 37.5055 26.1882 4.1606 23.5391 51.9846 4.44064 42.4476 49.2189 34.21 23.4006
internal_count=100384 73847 26537 67720 21562 7593 18772 10081 6127 8691 8375 3518 2152 7929 648 6071 4857 2570 7281 2049 721 60127 1160 1328 948 3114 1514 242 2024 3498 622 571 787 2876 1086 450 1239 1156 6254 2957 162 142 415 1359 720 2714 2790 199 126 2635 1780 4039 316 479 67 855 2215 83 1410 1026 716 405
is_linear=0
shrinkage=0.01


Tree=24
num_leaves=63
num_cat=0
split_feature=26 13 44 36 22 28 48 25 28 138 98 149 44 122 56 126 14 107 14 156 36 29 100 148 54 78 80 36 28 141 128 119 143 126 122 14 145 149 34 78 112 145 6 81 0 122 142 65 130 18 96 36 112 17 20 17 28 156 70 113 36 28
split_gain=171.569 41.4545 38.5706 24.38 23.8477 24.7975 15.6089 10.0185 9.8639 8.28341 8.31732 7.99776 7.60752 7.46977 7.41748 7.07681 6.4551 5.72174 5.33134 5.07571 4.94394 4.90713 4.83687 4.55091 4.21426 4.08086 4.01768 4.1804 3.93731 3.6367 3.51056 3.39715 3.30443 3.85061 3.29722 3.24178 3.38836 3.22446 3.15931 3.08204 6.07772 3.59749 3.1375 3.02134 2.97573 3.8626 2.92743 3.11816 2.8622 2.83707 2.8331 3.16348 3.03417 2.82727 2.7446 3.33651 2.72361 2.70425 2.6553 2.63993 3.46016 2.62122
threshold=0.083540691393990799 0.91717829821899755 -0.63444159383661181 0.87041864665053303 -0.09012669540736952 -0.56540221507013688 0.1019387215754409 0.21555677351157265 3.6325442961122119 -0.049477560085210891 1.0856174556156757 -0.17335442454700692 1.5024455596432429 2.3505596880150614 -0.28765757159666067 -0.58383056741095241 1.6201150641349784 1.0434115343095931 1.7267296890994219 -0.33189702105923019 0.85087925045397161 0.49331599863745085 0.81579968578712625 -0.060977266380106303 1.2761855182571842 0.82117767602940561 0.99398456056695428 3.1359801007492556 -0.274997368985403 -0.47634660775476806 0.85718077361126566 1.4920785617311785 1.1257699841462623 0.30177932598472057 -0.25528712786656976 1.726729689111427 -1.2052621114776241 0.1206799665817145 0.077533758277686063 0.93168260262370695 -0.76247048795394301 1.6222156049068623 1.133524482994839 1.2069432949583732 -0.29270903113659724 2.1390759856617927 0.067169879145389841 0.31181832323653808 1.0500559951456474 0.19212257700743351 1.5144563279612269 0.4049038858285226 -1.3408000766125989 -0.29930395975129725 -0.069253223365559599 1.6621342080979675 -0.19794413499822525 0.82006535815397774 0.83538316244007704 -0.28173813386368135 0.69455792514298464 1.4910214242950979
decision_type=2 2 2 2 2 2 2 2 2 2 2 2 2 2 2 2 2 2 2 2 2 2 2 2 2 2 2 2 2 2 2 2 2 2 2 2 2 2 2 2 2 2 2 2 2 2 2 2 2 2 2 2 2 2 2 2 2 2 2 2 2 2
left_child=2 3 -1 18 5 24 -5 9 14 10 11 15 22 16 35 29 17 38 -2 58 -21 23 -11 31 -4 -8 27 39 -20 53 43 37 33 -23 -24 -3 -37 54 -6 46 41 -41 -42 -15 45 -28 -14 -48 -12 -22 51 -18 -52 -7 55 -13 -36 -46 -16 -19 -61 -35
right_child=1 8 4 6 13 7 25 -9 -10 12 48 21 26 30 19 -17 50 59 28 20 49 32 34 -25 -26 -27 44 -29 -30 -31 -32 -33 -34 61 56 36 -38 -39 -40 40 42 -43 -44 -45 57 -47 47 -49 -50 -51 52 -53 -54 -55 -56 -57 -58 -59 -60 60 -62 -63
leaf_value=-0.006904156840318405 -0.0060983815622795527 -0.0050326853048483352 -0.0069916402302759766 -0.0051521685138814742 0.0030735671887748973 0.0063054719837516053 0.00062627051198148895 -0.0084556020980805589 0.0128207468270298 -0.00044472618657001285 0.010145555442416288 -0.0016000244857824705 0.010360403367317292 0.0081666336325734654 0.0063256979652550486 0.0056283595960921395 -0.0018335653204964943 0.0021316288274871777 -0.0048378294027972947 -0.0035432133386790409 0.0049342495374463417 0.0063121243451560232 0.0065132076266337579 0.010820087560207288 0.0046814098884477139 0.005842149909265089 0.00089551670150670077 -0.006109912831130067 0.0041927807526415542 -0.010999743718781563 0.011509767774181546 -0.0012541572940532226 0.0071469309702483688 -0.0016663641105299088 0.0079386522828323956 0.013021674982235193 -0.0039254259362510001 0.0080608922666413913 -0.003823034728262164 -0.010294128343524405 -0.0004889974079722813 0.0086559722635868325 0.013917807130991749 -0.0041843504278733876 0.0058716501378545281 -0.019665701462944992 0.0072083876181269317 -0.004759384056144662 -0.0024756629521812345 -0.0041765948017270698 -0.00037673888706569444 0.0065431952775053702 0.0082029354580429367 -0.0094456635470070941 0.0079178210488892019 0.010177494377837723 0.002011389204351597 -0.006940823709928802 -0.0016679601439342877 -0.0033635884930742848 0.0034126101059389858 -0.015283814181941415
leaf_weight=34.644701968412846 404.96822786005214 22.41728361626156 19.033603990683336 42.615396961802617 7.6996732603292903 3.1807510710787028 38.066649513086304 5.0083707466255865 7.6450331364758304 32.586943341651931 73.453702199272811 11.271018560975792 43.911288451869041 4.3196744252927628 32.434627462178469 11.70328253507614 12.286822682712229 75.80439193896018 10.617991593666376 19.020479499362409 19.266759022139016 3.2203344837762398 34.239967687055469 29.416221031686291 3.6745498355012378 24.80162528087385 4.5476334965787855 2.1322891847230485 8.8309858804568631 5.7714132042601722 9.6538441004231554 5.6060875467956057 5.9134155730716875 3.4691326399333775 8.8465748387388867 2.225441797170788 2.4781021324452004 57.239853343227878 47.438129862304777 3.6121990527026355 2.1876233937218768 1.3707563281059263 4.7837658524513245 3.6307210572995245 21.021947366883982 1.1307385042309759 17.628793565556411 2.4661748171783975 1.8252420346252609 4.1345881046727291 5.2226957874372628 7.0996501073241225 19.148543166927993 1.7614211761392651 9.1730345103424025 3.0452595930546513 63.332201871089637 1.7720440095290531 4.7398616902064523 23.591025046305731 11.049844285007564 2.4013076000846922
leaf_count=4975 59281 2294 2587 5722 315 100 1321 565 56 1461 846 386 432 125 695 246 231 2286 677 1922 450 87 762 333 172 550 79 53 169 527 82 135 108 112 176 25 98 854 3558 73 42 17 48 126 353 15 180 32 39 409 41 114 201 89 166 70 1701 42 178 1170 359 66
internal_value=0.000195139 -0.00360494 0.00340261 -0.0047834 0.00389287 0.00510959 -0.00047978 0.00559373 0.00185452 0.00574256 0.00711398 0.00577404 0.00446611 0.00120235 0.00106685 0.000250568 0.000675541 -0.000226656 -0.00585273 0.00260644 0.000239844 0.00672014 0.00292338 0.00741776 -0.00509712 0.00268613 0.00647707 0.00765047 -0.000732212 -0.00561446 0.00745723 0.00625623 0.00133028 -0.00244608 0.00395563 -0.00344726 0.00408235 0.00677911 -0.00285777 0.00803881 0.00336069 -0.00505424 0.0093884 0.00251555 0.00325364 -0.00320865 0.00891031 0.00573302 0.00983792 0.00331916 0.00409109 0.00123078 0.00636083 0.000663738 0.00364924 0.000903583 0.00274025 0.00486859 0.00530362 0.00108611 -0.00119885 -0.00727012
internal_weight=1407.59 644.263 763.329 529.901 728.684 501.739 105.484 479.031 114.362 474.022 228.451 153.173 245.571 226.945 106.717 22.4169 209.341 165.583 424.417 79.5963 42.4218 130.756 139.006 115.751 22.7082 62.8683 106.565 78.0929 19.449 10.7136 17.6042 86.3353 15.0042 9.09077 106.419 27.1208 4.70354 80.7292 55.1378 75.9606 11.9543 4.98296 6.97139 7.9504 28.4724 5.67837 64.0063 20.095 75.2789 23.4013 43.7577 19.3865 24.3712 4.94217 23.4893 14.3163 72.1788 22.794 37.1745 110.445 34.6409 5.87044
internal_count=100384 73847 26537 67720 21562 12954 7593 10195 6127 9630 4164 3279 5466 8608 6071 962 8275 7688 60127 3654 2781 2317 4100 1944 2759 1871 1366 877 846 716 333 1611 373 265 2639 2417 123 1476 3873 824 180 90 90 251 489 94 644 212 885 859 587 345 242 189 622 456 1877 395 873 3815 1529 178
is_linear=0
shrinkage=0.01


Tree=25
num_leaves=63
num_cat=0
split_feature=25 22 13 145 156 36 24 147 48 28 107 27 36 127 33 30 123 145 156 36 66 29 77 126 24 28 17 30 148 65 138 31 23 4 33 61 33 87 33 110 28 20 71 140 103 17 23 115 9 140 123 149 71 129 53 3 29 30 2 121 77 12
split_gain=147.382 30.4075 29.2359 19.7277 16.8324 13.6266 12.9614 9.11333 10.0024 8.82167 7.83971 7.72328 9.02706 7.71691 7.68719 7.03938 6.54805 6.31963 5.98759 7.33939 5.76589 5.35478 4.6595 4.2626 3.98727 3.97395 3.80587 3.68798 4.52165 3.67888 6.13641 4.93178 4.0552 3.79307 3.65553 3.63916 3.5353 3.53381 3.79725 3.40919 3.37295 3.3639 3.3159 3.31326 3.43359 3.38255 3.18681 2.98869 2.96156 3.21764 2.95875 2.94303 2.914 3.97431 2.88197 2.86323 3.99381 4.14963 2.95235 2.83976 2.80706 3.3176
threshold=0.083453849350819134 -0.09012669540736952 0.7437771846302762 -1.7751997500834233 -0.33410990576245253 0.87041864665053303 0.16697216656808778 0.33581250611296148 0.25110391911890073 5.2119101641902708 1.0434115343095931 5.2872314164320864 1.6810953824986468 0.044641414139770901 0.90090345373963421 1.5890372345997674 1.6955443757120221 0.87352367780603146 -0.33026960508388958 0.85087925045397161 1.3864630719663766 -0.52488505957494758 -0.58717315252404367 0.83615690424533262 0.20468408601445989 -0.66572536948408823 1.1221266946688686 -1.096250124162282 -0.41434621972544688 0.40718277314694878 -0.091524761169772359 -0.30277314143464501 -0.73340883876154628 -0.0094433443702232819 2.0007620871104863 -0.82470588912818277 0.39510170117292231 -0.87202845900179538 1.1018425055859158 -1.4937151773233046 0.21152898914294291 -1.1270868025928173 -1.1093976342106966 0.5024679260527779 -1.570708944681521 1.5663017769641121 -0.3343391849794547 -0.26059286933004061 0.91227240533947629 -0.59614968154886838 -0.41213713258776269 0.079655646472650984 1.2465327126650183 -0.60148187464066583 1.191267172490025 1.5046807624709719 -0.29802175895616678 0.72523775738280993 0.6292870316272966 -0.75106110888563971 0.89095978265730202 -0.53311839786214033
decision_type=2 2 2 2 2 2 2 2 2 2 2 2 2 2 2 2 2 2 2 2 2 2 2 2 2 2 2 2 2 2 2 2 2 2 2 2 2 2 2 2 2 2 2 2 2 2 2 2 2 2 2 2 2 2 2 2 2 2 2 2 2 2
left_child=1 3 5 -1 21 27 -7 8 -5 18 20 12 13 -10 25 17 35 40 22 -20 -6 47 26 -18 -21 -9 -4 28 36 30 33 51 52 -15 -17 -12 -2 60 42 -27 -14 -33 -39 44 -13 -46 -24 -3 49 -41 -37 -31 -32 -54 -19 56 -22 -58 -57 -34 -23 -62
right_child=2 4 9 7 10 6 -8 14 11 -11 16 43 15 29 -16 34 23 54 19 24 55 37 46 -25 -26 39 -28 -29 -30 31 32 41 59 -35 -36 50 -38 38 -40 48 -42 -43 -44 -45 45 -47 -48 -49 -50 -51 -52 -53 53 -55 -56 58 57 -59 -60 -61 61 -63
leaf_value=-0.0066257638056593958 -0.0026721313319890854 -0.0084135931630545547 0.0072391158902522026 -0.0038607205347492321 -0.0039196222715514222 0.0014809812085370736 -0.0060665492243061822 -0.0073485700534927654 0.0058450558896506093 0.014455187690604334 -0.0066496810049024961 0.012391518948963938 0.0091294970304744739 -0.0010713163349634102 0.0095687523596564676 -0.0036215672203604721 -0.0017763195043324423 0.0074357279399668167 -0.0051117261684030784 0.0038839210293282168 -0.0058728598963902626 0.010576779229280724 0.011980070917258018 0.011105642609150167 -0.0067862834970612417 -0.0067175022980010277 -0.0030458176042195873 -0.0060691704864039584 -0.0058777615152080069 0.0020519531900734167 0.0081980944756619729 -0.015690741949900108 0.0065674417659206666 0.011090663823029208 0.0051507958859294571 -0.0052448254372258821 0.011024673169929684 -0.010147001782589656 -0.0091503317591863746 -0.005943448662150335 0.00048210875800634527 0.0030818190036259775 0.0068273400111009365 -0.0018177952256519039 0.0086121524673388548 -0.0055550346107791273 -0.0012012675010406486 0.005281306991635498 0.0094754077946926987 0.0051034465908288938 0.00092268459716414095 -0.011852065300271629 -0.0025598035330720715 0.012077739329537228 0.013335355553522388 -0.0070727960284743584 0.010295085140623874 -0.0096024827784378496 0.0085689213555045201 9.6107536537914161e-05 -0.0040112614344956481 0.0091013231665276369
leaf_weight=16.498101623612456 3.58531301096082 3.9854394630528986 21.268030124250803 17.251001168275252 94.93438644008711 55.67733177030459 38.448027869686484 2.5652600198518476 51.503567505860701 4.3749575200490645 7.789579836651682 18.07098838407547 7.2619297250639674 3.3356765881180772 52.894783129682764 8.4106282100547123 3.5458582488354287 14.189223309978841 35.242619956145063 20.112072286661718 2.673969170777128 21.149386819917712 1.9541619047522569 9.1696565602906031 4.2253739640582344 2.327052873093634 4.3091789379250249 361.47692943143193 9.5292937674093974 1.9886938948184267 13.200664760079237 1.0322945527732361 7.2457680699881157 10.852190311532464 10.871239933185278 8.4421598780900222 3.9338114617858082 1.286525064613669 2.3108420628122976 2.7047994937747708 11.952142743393777 11.219189916737376 10.03270822484046 2.6134543269872657 5.8970250468701106 2.3411889551207423 27.618010168196633 2.6333525138907126 15.789204525761305 84.941522158682346 97.217633657390252 6.289505222113803 7.5386697379872203 2.4476197864860278 20.42097093956545 4.9295073966495684 8.6172772820573282 1.1799351521767683 1.5828879056498406 104.21776064368896 3.3242248483002186 4.5507666626945129
leaf_count=2507 357 107 516 1725 9162 1932 5880 273 901 24 406 107 103 76 733 572 187 213 4322 578 296 182 35 125 572 63 204 53075 1007 110 159 12 206 137 334 387 78 36 33 85 183 305 132 22 70 31 1414 65 266 1709 3826 323 117 27 157 142 338 75 55 3384 50 39
internal_value=-0.00010122 0.0026777 -0.00389216 0.00412844 8.08378e-05 -0.00500795 -0.00160126 0.00448264 0.00355361 0.000534903 -0.00101152 0.00395014 0.00346426 0.00245519 0.00644177 0.00651078 0.000704936 0.00836813 1.99769e-06 -0.00219486 -0.00291327 0.00540447 0.00237713 0.00750694 0.00202527 0.00491325 0.00550192 -0.00585473 -0.00130127 0.00142348 0.00197124 -0.00254186 0.00131093 0.0082255 0.00131927 -5.71516e-05 0.00448553 0.0067036 0.00249065 0.00521227 0.00375863 0.0014804 0.00488198 0.00888246 0.00994947 0.00457205 -0.000323094 -0.00295011 0.00548225 0.00476076 0.000428508 -0.00850135 0.0051154 0.00102632 0.0109224 0.0021135 0.00492178 0.00788116 -0.00324832 0.00051823 0.00867705 0.00355543
internal_weight=1398.98 807.228 591.755 517.872 289.356 472.651 94.1254 501.374 340.151 119.104 240.083 322.9 293.978 220.872 161.223 73.1061 126.165 53.8243 114.729 59.5801 113.918 49.2732 55.1494 12.7155 24.3374 108.328 25.5772 378.525 17.0484 169.368 148.838 20.5297 134.65 14.1879 19.2819 113.449 7.51912 42.6545 13.6301 105.763 19.2141 12.2515 11.3192 28.9227 26.3092 8.23821 29.5722 6.61879 103.436 87.6463 105.66 8.2782 23.187 9.98629 34.6102 18.9836 12.4712 9.79721 6.5124 111.464 29.0244 7.87499
internal_count=100547 30553 69994 14910 15643 62329 7812 12403 9274 7665 14999 7549 7319 5757 3129 1562 4931 656 7641 5472 10068 644 2169 312 1150 2396 720 54517 1442 4856 4106 750 3893 213 906 4619 435 472 201 2123 286 317 168 230 208 101 1449 172 2060 1794 4213 433 303 144 370 906 709 413 197 3590 271 89
is_linear=0
shrinkage=0.01


Tree=26
num_leaves=63
num_cat=0
split_feature=26 44 7 28 22 36 24 15 28 56 145 14 103 9 2 36 14 155 35 97 14 144 28 77 136 104 32 36 138 27 45 100 120 80 144 145 7 98 144 71 79 71 79 121 88 57 12 150 98 114 35 77 29 115 28 18 115 90 148 5 77 142
split_gain=142.096 32.0827 29.2203 19.1388 19.1329 17.1388 13.9381 12.7433 9.5238 9.0636 8.9879 6.19553 6.09327 5.79083 5.57468 5.57461 5.38672 5.24646 4.99491 4.69168 4.24701 4.2152 4.2023 4.13841 4.04081 3.90686 3.7531 3.4442 5.20596 7.61214 5.85476 4.45039 3.42128 3.32015 3.29338 3.35595 3.13974 3.11706 4.34176 3.11121 3.09341 3.07691 3.52989 3.06717 3.4212 3.06354 3.03876 2.97913 2.96333 2.92151 3.22897 3.04519 4.51089 3.13974 2.90759 2.74302 2.71251 2.85677 2.66202 2.64852 3.48091 2.78302
threshold=0.063205591657648094 -0.63444159383661181 0.54395956634385945 -0.62601298067123701 -0.2858285305920053 0.75667687302997511 0.16697216656808778 -1.0176412661036807 4.217276929003245 0.37282229054364552 0.75324347363769706 1.6387899208669985 0.34944944344355439 -0.87125549449723094 -0.37930381479751191 0.85087925045397161 1.7267296890994219 0.026779926586262437 1.6468080224578319 1.7443758622608987 1.7267296891086616 -1.5953832798775867 0.17827659179010177 -1.4908952015244679 4.3118245474930834 -0.24246588078083028 2.067579222406827 1.6810953824986468 -0.083871884166641666 5.2872314164320864 3.9374579417359192 0.90340452444852726 -0.3267567260185093 1.0000000180025095e-35 1.0399652162584714 1.5201623468482028 1.040011330321424 1.0440260721419341 1.5845637712929623 0.96754096106131515 0.52161140941731576 0.50255470838847671 -0.48251025695526778 1.6493195543327763 -2.0414313568792992 -0.84157644092391148 -1.0412400847269419 -0.27067114251841118 1.5771072964808162 -0.054476480495082059 1.9352646642437055 -1.4527362741326657 0.29404505916417029 -0.14693904507199801 0.70888098474746208 0.20210484846799123 -0.28971409466523118 -0.33810777224739313 -0.1649503300547184 -0.10053226605191477 0.089413950721855748 0.14314025452857992
decision_type=2 2 2 2 2 2 2 2 2 2 2 2 2 2 2 2 2 2 2 2 2 2 2 2 2 2 2 2 2 2 2 2 2 2 2 2 2 2 2 2 2 2 2 2 2 2 2 2 2 2 2 2 2 2 2 2 2 2 2 2 2 2
left_child=1 -1 5 -3 10 11 -7 19 9 16 12 -2 21 47 45 33 -4 18 27 34 -8 -5 -13 -18 41 49 -20 28 37 30 31 46 -33 36 -6 -36 -15 38 -12 -34 -41 42 -16 44 -26 -9 -30 -11 -28 50 56 -51 53 -53 -25 -17 59 -58 -39 61 -61 -23
right_child=2 3 8 4 7 6 20 14 -10 13 17 22 -14 15 24 55 23 -19 26 -21 -22 25 -24 54 43 -27 48 -29 29 -31 -32 32 39 -35 35 -37 -38 58 -40 40 -42 -43 -44 -45 -46 -47 -48 -49 -50 51 -52 52 -54 -55 -56 -57 57 -59 -60 60 -62 -63
leaf_value=-0.0068751871796517306 -0.005974721155282017 -0.0058261617003485125 -0.0042861212222119376 -0.0077508139446597138 0.0078511681866652965 0.0016498399396154815 -0.0061919621050018367 0.0079114279206698099 0.013516125878332964 0.0012741198416674358 0.008512760133213065 -0.0029865085560611369 -0.0087940484271066301 -0.0042170602224641659 0.0076456765512787263 0.0039897169402030577 0.0088439907942246612 0.0036739773235889834 -3.9986538763916021e-05 0.0097226709675606211 0.013171547181756922 0.00068363640633660743 0.0068802681526899945 -0.0031456518099428682 -0.013468196247545725 -0.0041570730990449483 0.00015382096676351556 0.011020156738829638 -0.0066225834691628896 0.011618900366199144 -0.0099386729678627838 0.013180433798963592 0.013834233161271879 -0.0060223725036997735 -0.0018427947499459194 0.0075914979053154797 0.0056607714400484068 0.012142008499634845 0.00021855949183937623 0.009674495769858845 0.00092022693878678139 0.001740616439443371 -0.0018306427132743872 0.0092593391387082499 0.0046272836271304121 -0.0043693506611052878 0.0026403474203536689 0.0091429492734422229 0.0091836200422066461 0.0099992467148725412 -0.005546732367623106 -0.0068171959778921811 0.0065093501798540419 0.0016166981761475835 0.0086863023214863739 -0.0034481311139994836 0.010731600898999698 -0.0052119348987762657 0.0056736329759152692 0.0096805019385162606 0.0032715629811363111 0.010940092116203209
leaf_weight=31.490866567473859 359.54525282303803 21.559927196707577 58.724449930246919 3.329895057482644 11.261487617623063 67.827955000335351 41.210559380007908 2.1874917617533383 5.1447249143384388 7.3764577247202423 30.480274408357218 20.706971606705341 4.3040937052574 6.2609324797522294 4.2502991133369497 33.753408813849092 5.7612231671810177 64.298455830197781 16.200493930373341 22.086878856644034 1.1524170944467176 20.769813538063314 5.4397394829429677 12.265684141311793 1.3861192092299459 6.0457505458034566 5.117532663280147 25.736381497932598 4.3524066947866222 14.132425885647534 3.0945904264226547 6.4750708700157729 3.3621103842742768 15.520018921233712 12.686095330864193 5.3491238607093683 6.5925156485754997 31.2111287987791 7.9907470475882283 5.6518718432635096 14.177744140848516 128.36528165428899 50.433328870451078 10.608368294313548 4.1415535896085229 26.204705631360412 18.756825195159767 14.019532073754815 12.727301008999346 3.5938275007065412 2.7088947177398941 8.8687898344360345 7.7853382728062561 8.742651205044238 2.4876437205821267 5.789511637762188 13.38825060543604 1.2120763480197627 8.1067725345492345 16.362681784434251 17.733869143528864 3.0270212367177001
leaf_count=4586 53954 2731 6967 479 141 2364 6258 91 31 213 493 1122 457 718 133 812 77 1510 502 154 18 559 101 475 21 187 113 211 126 74 37 75 33 1715 168 56 322 251 169 81 266 4345 2635 109 69 1230 525 250 173 54 229 206 196 191 43 497 220 54 75 227 305 63
internal_value=-8.48077e-05 0.00299318 -0.0034028 0.00344363 0.00374273 -0.00463915 -0.00115973 0.00174274 0.00012633 -0.000282554 0.00517389 -0.00563289 0.00286566 0.00190092 0.000726542 0.0004698 -0.00274479 0.00617414 0.0069479 0.00624052 -0.00565986 0.00330916 -0.000928089 0.00166244 0.00131784 0.00364482 0.00343896 0.00763552 0.00704474 0.00506167 0.00339945 0.00418518 0.00674798 -0.00291004 0.00360947 0.000952467 0.000841954 0.00882716 0.00679309 0.00494283 0.00342404 0.000894145 -0.001091 0.00611458 5.54761e-05 -0.0034172 0.000889326 0.00643663 0.0066012 0.00409883 0.00513892 0.00139653 0.000171786 -0.00262624 -0.00113929 0.00289761 0.0055403 0.00939851 0.0108126 0.0045641 0.00635203 0.00199653
internal_weight=1391.34 721.757 669.579 690.266 668.706 495.883 110.191 278.961 173.696 168.551 389.745 385.692 117.873 89.3124 227.577 67.9164 79.239 271.872 207.574 51.3836 42.363 113.569 26.1467 20.5146 199.185 110.239 34.0453 173.528 147.792 70.003 55.8706 52.776 29.6668 28.3735 29.2967 18.0352 12.8534 77.7889 38.471 23.1917 19.8296 183.049 54.6836 16.136 5.52767 28.3922 23.1092 21.396 17.8448 104.193 75.2026 28.9906 25.3968 17.6114 14.7533 39.5429 72.4937 14.6003 39.3179 57.8934 34.0966 23.7968
internal_count=100547 24610 75937 20024 17293 63817 8640 9152 12120 12089 8141 55177 3427 4527 8633 4064 7562 4714 3204 519 6276 2970 1223 595 7312 2491 788 2416 2205 1217 1143 1106 455 2755 365 224 1040 988 662 380 347 7113 2768 199 90 1321 651 463 286 2304 1657 647 593 397 518 1309 1428 274 326 1154 532 622
is_linear=0
shrinkage=0.01


Tree=27
num_leaves=63
num_cat=0
split_feature=25 13 44 21 144 36 45 78 16 156 100 46 2 26 28 13 75 80 33 46 147 137 122 21 156 144 85 148 26 31 15 123 42 32 13 33 31 81 61 64 123 77 122 15 100 76 28 115 80 81 123 0 130 53 33 105 78 124 17 116 5 45
split_gain=143.226 28.4676 22.0946 21.7066 19.8463 12.335 9.21772 8.25449 7.16034 6.87218 5.90907 5.86541 5.11191 5.03419 4.98802 4.83584 4.90428 4.69079 5.94082 5.88134 5.24585 4.64979 4.59349 4.31883 4.2104 3.96014 3.88114 4.41172 3.81318 3.79089 3.73767 3.70771 3.60382 4.01441 4.16939 3.57128 3.55179 4.51783 3.43462 3.38044 3.35126 3.34353 3.17607 3.07634 3.04701 3.00064 3.40245 2.98003 2.93384 2.86252 2.81746 2.77875 3.3367 3.24452 2.77123 2.68486 2.67887 2.67091 2.75004 2.67011 2.61192 2.55568
threshold=0.083453849350819134 0.7437771846302762 -0.63444159383661181 -0.17906936814804841 -1.5953832798775867 0.87041864665053303 -0.5909420138521434 -1.1408983629938036 -0.29950385571414334 -0.32407669762985231 0.67273357301230641 0.20133577835221059 -0.49996324069642561 0.063205591657648094 -0.45209986382611911 1.4121688326753896 -0.384518714174855 0.85712515427551483 0.75135034458570304 0.57776642813937895 0.33760645710324672 1.0417299823923494 -0.31065034535070762 -0.72490525470061395 -0.26212970613696718 0.91667902964763426 -1.1687036174595462 -0.41434621972544688 0.30967728629213415 1.1315680876652776 -1.0049884438944543 0.10332131703968155 1.6975262854803452 1.8484503401473165 2.2303708592866696 0.39510170117292231 0.99484821361482367 1.6073756840454354 -0.82470588912818277 0.30159869680579965 -0.36771048533072698 0.21932527591656806 -0.21031954978264045 -1.0413186014312321 0.83255684540841823 -0.69432435744524645 0.18933091675568567 -0.34853921639457885 -0.98453044124637701 1.2069432949583732 1.238851135429843 -0.32625454466190712 -2.2533562238113269 1.6503275773928849 0.52934015377553267 -1.8357064500433788 -0.077134357853345853 0.064733715014620816 -0.90811393477605096 -0.60197040576174776 -0.56813966650629599 -0.46017891619027423
decision_type=2 2 2 2 2 2 2 2 2 2 2 2 2 2 2 2 2 2 2 2 2 2 2 2 2 2 2 2 2 2 2 2 2 2 2 2 2 2 2 2 2 2 2 2 2 2 2 2 2 2 2 2 2 2 2 2 2 2 2 2 2 2
left_child=2 5 -1 4 -4 26 -7 15 17 12 55 21 -5 39 -14 30 48 18 19 24 22 36 -19 32 60 -23 27 35 40 43 -3 42 -20 -34 -35 -2 -11 -38 -33 50 -8 57 45 -25 -32 -16 54 -40 -17 -30 -13 52 -24 -53 -47 -9 -31 -10 -59 -55 -6 -12
right_child=1 7 3 9 8 6 28 10 41 11 61 13 14 -15 31 16 -18 20 23 -21 -22 25 51 29 -26 -27 -28 -29 49 56 44 38 33 34 -36 -37 37 -39 47 -41 -42 -43 -44 -45 -46 46 -48 -49 -50 -51 -52 53 -54 59 -56 -57 -58 58 -60 -61 -62 -63
leaf_value=-0.0062555406400173407 -0.0023066375569549711 0.0055284508062459119 -0.0066115182580666699 -0.0065230803093126923 -0.010319003540076315 -0.0056320226567818377 -0.0060012863888679628 0.010970073306486097 0.0075242394357547659 -0.0016595431914972173 -0.0029583235313158148 -0.0020829110019396579 -0.0024909901628182352 -0.0047559523287465585 0.0064185521977318007 0.01245315885871978 -0.003117321390158626 0.0078647725323238403 0.011044539133996764 -0.0037069254360790945 0.0088971849684743951 -0.0069105937159144992 -0.019645059575965313 0.011261538062576628 0.0080872015607043376 0.0081548170532773703 -0.0060178086804574685 -0.0053335629773486829 -0.0049858858865053195 -0.00077687594879564113 -0.0048601197247911399 -0.0057872649802546373 -0.006535950804181301 -0.0043403923449723417 0.010371756124886089 0.01020020988198493 0.0062966942893864647 -0.014673476374027682 -0.00052507209184238907 0.0036800787630045448 0.0036052337610804125 0.0018214624645617288 0.0084779028947902998 0.003863934476749925 0.010467774427814849 0.0044350390810246991 0.0063032055463237884 0.0057533842505095778 -0.0018313932850426329 0.004383573332080201 0.0038245945286234442 0.0014237431602845622 -0.00072816035002495753 0.0083680482548974429 -0.011671503535637924 -0.0034812722746210968 0.012903788872652153 -0.0028282282487923391 0.0046802156485568833 0.0006287667300735099 0.0035972892533140356 0.0044455796560316273
leaf_weight=26.688917831284925 4.7900804255623388 10.285542703932153 16.198968347162008 5.4430760140530756 1.3826471799984563 36.416025378741324 4.041195342084392 1.3045152784325171 22.593637820100412 27.955914287362248 6.0988755838479873 60.178857339546084 12.354313832009209 36.124141019303352 11.906087245792149 12.432305573485792 3.066418247530236 16.279018941102549 46.152781277196482 8.296819963725282 17.796485356520861 1.9464266069699103 1.0049187336117018 6.4219185002148143 29.290679818950593 15.79672327195294 349.22087205084972 13.776524335145949 14.601230731001126 1.6439902326092131 9.7198259741999191 4.9850721990223965 2.3639156625140432 2.3532582148909578 10.281496924813835 4.3303214136976749 12.479958824813364 1.1075449544005085 12.901534290751444 17.027409928617999 34.585051846457645 102.90179502544925 26.267655303236101 46.003608149243519 1.4836170114576805 1.5330489352345447 3.3914287043735385 18.151045300997794 1.6094576192554093 4.1781671738717696 9.3046781318262202 49.891755492193624 11.677350697573273 15.091650358866902 3.4256361129228026 53.616787868784741 10.336985592264679 6.4611383618321296 19.66226684069261 6.368286967277526 40.143701868364587 19.525932020274922
leaf_count=3878 488 213 2507 337 64 5119 160 33 521 1662 448 3250 847 4319 347 175 130 323 554 284 256 65 12 33 442 286 52492 1452 1137 24 915 240 59 27 83 85 284 21 318 562 1139 2828 617 906 48 74 87 495 107 257 356 1306 249 167 180 5042 111 167 475 134 796 554
internal_value=-6.38887e-05 -0.00382368 0.00268722 0.00299623 0.00426747 -0.00493909 -0.001697 0.000537648 0.00463929 0.000786419 -0.00128349 -0.000372002 0.00288713 -0.00162091 0.00342845 0.00434 0.00830637 0.00548166 0.00639829 0.0042483 0.00389197 0.00220953 0.0030022 0.00775175 0.00518212 0.00649354 -0.00575618 -0.00176065 0.000798042 0.00593881 0.00117518 0.00431563 0.00965828 0.0053814 0.0076224 0.00362527 0.0003763 0.00457048 0.00190304 -0.000310262 0.00259629 0.00284506 0.00618147 0.00477399 -0.00281388 0.00319588 -0.00138941 0.0031423 0.0108086 -0.00289476 -0.00128995 0.00205822 -0.00224928 0.00282545 -0.0066729 -0.00313426 0.0110192 0.00500428 0.00281894 0.00607742 0.00312916 0.00267903
internal_weight=1384.65 585.083 799.569 772.88 490.599 465.939 93.8217 119.143 474.4 282.281 80.5461 181.922 100.359 122.635 94.9158 38.5972 17.1082 322.781 204.672 79.1138 118.109 59.2866 100.313 125.558 70.817 17.7431 372.118 22.8969 57.4056 64.4065 21.489 82.5615 61.1515 14.9987 12.6348 9.1204 41.5434 13.5875 36.0377 86.5109 38.6262 151.619 46.5239 52.4255 11.2034 20.2562 8.35011 31.0526 14.0418 18.7794 69.4835 84.034 12.6823 71.3517 4.95869 54.9213 11.981 48.717 26.1234 21.4599 41.5263 25.6248
internal_count=100547 69994 30553 26675 12328 62329 7812 7665 9821 14347 6077 10805 3542 8487 3205 1588 412 5830 3383 1586 2447 2318 2191 1797 1302 351 54517 2025 2693 1074 1176 2358 723 169 110 573 1967 305 1053 4168 1299 3991 1305 939 963 688 341 813 282 1394 3606 1868 261 1607 254 5075 135 1163 642 301 860 1002
is_linear=0
shrinkage=0.01


Tree=28
num_leaves=63
num_cat=0
split_feature=25 13 44 21 145 36 48 78 16 15 46 137 108 25 26 30 36 33 156 13 118 80 72 154 31 105 21 85 148 13 115 103 80 33 77 16 15 108 133 0 55 77 63 17 145 150 80 78 69 109 128 30 105 56 45 64 80 115 122 77 28 61
split_gain=141.213 27.5466 22.3031 21.7521 19.5067 12.4426 10.7501 8.19989 7.53095 6.69638 7.45361 8.08413 5.70993 5.37695 4.73685 6.50914 9.32834 5.04826 4.81637 4.61914 4.43615 4.21996 4.00743 3.99967 3.91346 3.8736 3.8596 3.84561 4.61321 3.77471 3.73308 3.6478 3.60628 3.60401 3.54827 3.49024 3.30137 3.23176 3.098 3.65801 2.98954 2.97929 2.92783 2.90286 2.86204 3.99705 2.797 2.78385 3.18037 2.7685 2.7164 2.91239 2.68959 2.67507 2.61993 2.60369 3.43661 2.87129 2.57559 3.00062 3.62103 3.55665
threshold=0.083453849350819134 0.7437771846302762 -0.63444159383661181 -0.17906936814804841 -1.7751997500834233 0.87041864665053303 1.0000000180025095e-35 -1.1408983629938036 -0.29950385571414334 -1.0413186014297455 0.18750267270688312 1.2181165087300665 0.83964117281555217 0.012221651081018409 -0.90748593984251724 1.6468788484446497 1.6297417186092107 0.99196912856574138 -0.22481551080599854 1.4121688326753896 -0.82566590334302903 -0.98453044124637701 -1.1721532347346819 -0.31876476452900843 0.99484821361482367 2.0401939049538287 0.11606572119398799 -1.1687036174595462 -0.41434621972544688 2.6233719300131013 -0.54002505498399922 0.055399142665265688 1.3947466304350167 0.39510170117292231 0.21932527591656806 -0.99191221538003493 -1.0049884438944543 1.2376419289557092 1.4458186451026522 -0.20042556541023737 0.7311420114838395 -0.12967935252493476 -1.0891254272287487 -0.68558666531624979 0.86068509910620106 0.73757766715919704 0.90862505495719581 0.089569599765335947 1.0277706826191582 -0.55729592026529717 0.9832817581977098 -0.15059775330931721 -1.8357064500433788 0.23945670776542896 -0.46017891619027423 -0.84927479429179209 0.084316227835082483 -0.21465941106360115 -0.099767102832400825 1.0693638798057705 -0.15091882536532653 -0.21436845615729322
decision_type=2 2 2 2 2 2 2 2 2 2 2 2 2 2 2 2 2 2 2 2 2 2 2 2 2 2 2 2 2 2 2 2 2 2 2 2 2 2 2 2 2 2 2 2 2 2 2 2 2 2 2 2 2 2 2 2 2 2 2 2 2 2
left_child=2 5 -1 4 -4 27 -7 19 14 22 11 24 52 26 17 16 23 18 38 36 -19 -21 -5 29 -11 -17 47 28 33 40 31 -24 44 -2 -10 -15 -3 -38 -6 41 -16 -40 -32 49 45 -18 -44 48 -12 -13 -49 -52 -9 -23 -14 -22 -57 -58 -8 61 -61 -60
right_child=1 7 3 9 8 6 58 12 34 10 13 43 54 35 15 25 32 20 -20 21 55 53 30 -25 -26 -27 -28 -29 -30 -31 42 -33 -34 -35 -36 -37 37 -39 39 -41 -42 -43 46 -45 -46 -47 -48 50 -50 -51 51 -53 -54 -55 -56 56 57 -59 59 60 -62 -63
leaf_value=-0.0064055254594852975 -0.0023657463695536166 0.0051923036932854192 -0.0065807998340683968 -0.010699208653852791 0.004986710415920104 -0.0054554602444953351 -0.0016781552841467519 0.010848104298842089 0.0049549527413514215 -0.00073622887055853087 0.0087593015362434218 -0.011850368136982339 -0.0033379878107541905 0.0025351846378006211 -0.0090352621251906153 -0.0016323527332223686 0.012152429552858538 0.012859658704597333 0.0097097607513363694 0.01061242702581138 0.010285737659108425 -0.0095544307401047752 -0.0037795434622247739 0.0031284915929956697 0.0052361406532587494 0.0099432824339081537 -0.0029568141158464178 -0.0059949567875400853 -0.0054744232596700675 0.01309423292650061 0.012530323846553735 0.013114249242431281 -0.0008838061682486624 0.01013734434018914 0.0016930385853591674 -0.0055353026988883489 -0.004898724653074886 0.010548704024952399 0.0036454633044794363 0.0077112522845979772 0.0059073469198727517 -0.011298350260402924 0.0074661571004444984 0.010839022205922418 0.012099246737068799 0.0015606448682800808 -0.0040849327442518462 -0.0002333081464372504 0.00047110553580737209 0.0057153864488959909 0.014190627547363249 -0.0015436110365180371 -0.0035640426416025288 0.0082509585034412029 0.004249570873922544 0.010521112282267544 0.0056431044206870055 -0.0094555967626611982 -0.0074957048802144219 0.010755925263873421 -0.0016304167375093984 0.0027945320988724399
leaf_weight=26.139648557640612 4.7151025834027696 10.469698080793025 16.07561408332549 1.4938227953389311 33.152888033306226 40.811729926615953 17.606846356997266 1.3152051265351463 49.79900916502811 40.216956380754709 8.9686061327811348 1.0903696040622888 5.8706181433517513 6.3986898681614539 1.3777678012847889 21.977583462372426 6.7115337792783958 23.403060982935131 18.675984631525353 13.774173167301344 7.2023996775969854 1.9272844668012106 5.8122749682515886 112.82352389907464 15.067122858716173 3.3182492600753895 32.920876790070906 346.14601097907871 13.392829045653341 7.6087565207853904 8.9231707369908744 1.6275638188235459 3.1787026678211978 4.4772372585721314 101.44225334725343 32.31947306683287 9.3506095856428129 1.5707916077226389 2.0112129864282906 2.7768866964615864 35.380662873154506 3.8814921183511615 9.7898328099399752 13.882053478388114 26.453189763706177 7.64186210045591 2.6476021148264399 79.88961981376633 9.6167619323823583 4.8100022417493191 2.7570313140749931 2.0250180698931208 52.010723788756877 1.4816491175442932 19.965025430778041 2.9823751263320428 2.1929463120177388 2.9188683368265629 4.1071721147745874 8.1751938841771317 3.2946425343397996 18.178810267010704
leaf_count=3878 488 213 2507 44 616 5987 711 33 1163 2197 232 30 448 490 47 929 75 185 217 222 87 138 123 2369 325 52 2473 52492 1452 52 97 19 52 85 2828 3968 915 48 44 25 579 93 123 170 214 117 52 3508 349 86 27 34 5043 52 553 19 28 30 122 143 138 711
internal_value=-4.70597e-05 -0.00380964 0.00267641 0.00298364 0.00424826 -0.00491239 -0.00162441 0.000506542 0.00461362 0.000758667 0.000220035 0.00285594 -0.00133472 -0.000910842 0.00547031 0.00467049 0.00527163 0.00729467 0.00548521 0.00428713 0.0101186 0.00814753 0.00519817 0.00413094 0.000890325 -0.000106607 2.34563e-05 -0.00573398 -0.0017288 0.00667658 0.00602963 -5.77356e-05 0.00934398 0.00371756 0.002768 -0.00419866 0.0011791 -0.0026602 0.00359445 -0.00171768 0.00534225 -0.00618347 0.00815356 0.0083408 0.0101432 0.00652525 0.00499789 0.000974802 0.00447862 0.00243781 0.000204099 0.00751758 -0.00320475 -0.0017848 0.00252096 0.00591283 0.00200148 -0.00296042 0.00141818 0.00303619 0.00719099 0.000891107
internal_weight=1378.02 578.641 799.383 773.244 492.987 460.906 92.1744 117.736 476.911 280.257 249.963 75.0665 79.1616 174.896 325.67 226.472 201.176 99.1981 60.4985 38.5742 38.6997 17.1831 30.2943 157.191 55.2841 25.2958 136.178 368.731 22.5852 44.3672 28.8004 7.43984 43.9853 9.19234 151.241 38.7182 21.3911 10.9214 41.8225 8.66959 36.7584 5.89271 21.3606 19.7824 40.8066 14.3534 12.4374 103.257 18.5854 5.90037 84.6717 4.78205 53.3259 3.40893 25.8356 15.2966 8.09419 5.11181 51.3627 33.7558 11.4698 22.286
internal_count=100547 69994 30553 26675 12328 62329 7812 7665 9821 14347 13889 2808 6077 11081 5830 4486 3505 1344 995 1588 349 412 458 3047 2522 981 6623 54517 2025 678 414 142 458 573 3991 4458 1176 963 778 162 626 137 272 286 406 192 175 4150 581 116 3569 61 5076 190 1001 164 77 58 1825 1114 281 833
is_linear=0
shrinkage=0.01


Tree=29
num_leaves=63
num_cat=0
split_feature=26 16 44 36 28 22 24 14 145 14 28 14 36 155 129 103 21 148 44 144 18 39 138 31 80 46 11 105 123 71 93 77 61 58 68 36 144 145 34 121 121 22 42 9 36 138 145 154 95 132 1 45 29 53 2 23 69 120 65 73 77 145
split_gain=133.866 32.4024 30.0368 19.3439 18.7034 19.3769 14.0454 11.9006 7.99426 7.57468 7.52529 7.69732 6.45537 6.38496 6.16275 5.68134 5.27694 4.87253 5.02597 4.43581 4.25188 4.22661 5.04599 7.83625 7.38452 4.17242 3.7614 3.70609 3.59616 3.54358 3.60941 3.26214 4.41179 4.35903 3.19468 3.04002 2.83562 2.97937 2.78183 4.92003 2.86786 3.1903 2.76717 3.78949 2.71452 3.29884 3.09274 3.03225 2.70768 2.77112 3.69659 2.65689 3.44477 2.62605 2.55847 3.75829 2.72738 2.54851 3.45674 2.5351 3.28774 2.51635
threshold=0.063205591657648094 -0.64547433711036228 -0.63444159383661181 0.87041864665053303 -0.62601298067123701 -0.2858285305920053 0.16697216656808778 1.7267296890705655 0.75324347363769706 1.6606286216286004 4.217276929003245 1.7267296890705655 0.85087925045397161 0.026779926586262437 -1.949658678080042 0.34944944344355439 -0.1505377098499707 -0.4105574200763506 1.5024455596432429 -1.5953832798775867 0.2743098497149018 0.101716634588274 -0.083871884166641666 -0.034990994592013824 0.84642147348048169 -0.9709266955272956 2.888345074658881 1.8051297932319097 1.6955443757120221 0.37855837434238648 -0.15467338470328862 -0.58717315252404367 -0.21436845615729322 -0.49975285471771169 0.76981188623247854 0.81008644757825998 1.0399652162584714 1.5201623468482028 0.75688931370931722 -0.18009565929801202 -0.31506345268878694 -0.10136798201225576 -0.28794735305593105 0.85962952874987375 1.6810953824986468 0.052563201877644884 0.91121470247317682 -0.30554103226946278 1.1275897952156375 -0.43210933618676967 0.035461421038113831 0.42897866822990999 0.78486454734914057 1.5544790901396655 -0.33718318709151346 -0.57663808111023152 -0.68174710313424158 0.1448491956692963 0.88400502269900239 0.8733715188079646 0.89095978265730202 1.6419166074046234
decision_type=2 2 2 2 2 2 2 2 2 2 2 2 2 2 2 2 2 2 2 2 2 2 2 2 2 2 2 2 2 2 2 2 2 2 2 2 2 2 2 2 2 2 2 2 2 2 2 2 2 2 2 2 2 2 2 2 2 2 2 2 2 2
left_child=2 10 -1 9 -4 8 57 14 15 -3 11 12 17 21 28 16 19 18 -2 -6 -14 22 42 48 -25 -11 54 36 35 30 34 -13 -33 -34 -16 -7 -9 -38 39 -31 41 -40 43 -10 46 47 -26 -46 49 -24 51 -51 -53 -44 -21 56 -56 -5 -59 -58 -61 -29
right_child=1 3 4 6 5 7 -8 27 13 25 -12 31 20 -15 29 -17 -18 -19 -20 26 -22 -23 23 24 44 -27 -28 61 -30 38 -32 32 33 -35 -36 -37 37 -39 40 -41 -42 -43 53 -45 45 -47 -48 -49 -50 50 -52 52 -54 -55 55 -57 59 58 -60 60 -62 -63
leaf_value=-0.0068082589610054846 -0.0014584521240597226 -0.0057608056242182612 -0.0059417242847073382 0.0037413593809789937 -0.0076112160877628877 0.00078314023239333232 -0.0056824953091249818 0.0079607884598895118 0.0024166692490774321 0.010037819772792545 0.012850975490785748 0.0085265621394164364 0.0039034455357686154 0.0032351240337461958 -0.0083867566892984694 -0.0086876971836929179 -0.0055498829921160195 -0.0046981735997299852 0.011269843387126948 0.0012639338414493692 -0.0056072070291334191 -0.0091469183536721389 0.0089518482903567214 0.0092039448722961645 0.011902231627596509 -0.0019268897611954838 0.010068424175431507 0.012694472866001824 0.0096195084511447055 -0.0050354735271076704 -0.0032898320437938205 -0.0046561995554912422 -0.0046450687987815986 0.0091610854110543011 0.0070920963362525978 0.011648216757223367 -0.0016271740165499451 0.0078977524770589592 0.0092759099379135703 0.001070749296913909 0.0010050099233074646 0.0014274514254131005 0.011660394385553054 0.011874967468843353 0.0066401488332318293 0.0088040903086666275 0.0005962351971299895 -0.012825741852118183 -0.013035693914890937 0.0081780276131703886 -0.0072511017570581864 -0.005754749310424875 0.0071588424451048153 0.0073105261157233878 0.014408522566492466 0.0058338382826744065 -0.010189699940778348 0.0011605011286241471 -0.0095548462846737573 0.0078802121320336576 -0.0073070183832552151 0.0052445101413347182
leaf_weight=30.221831164089963 12.421123460866513 388.06113309389912 20.875388651154935 40.625923306681216 3.2563005299307397 17.274193527875475 34.499614786356688 10.271422308404 12.499673379119487 3.2245687493123105 5.2343632485717526 13.808311722707002 31.266136420425028 62.956737955799326 1.6610241855960319 4.0631435292307279 6.303458198439329 41.704662716714665 4.1204815686214706 31.449525960022576 5.5154973056633017 1.6216854932717968 4.1062349425628843 61.614995738491416 2.6920967861078706 29.355508633423597 9.9400778277777118 11.349184378981592 10.54226521681994 18.557428477099165 44.132310448447242 6.3360040786210456 3.0514356144703934 8.9629602916538698 6.524528740439564 3.0223689326085141 11.043793566059319 4.6569700650870791 10.216189778875561 45.554532458540052 62.909205107251182 10.573571712477131 37.693344141822308 6.4317461401224127 1.7121295817196371 14.856826450442894 23.402961803134531 1.4809971703216458 1.3442619564011682 5.2877723767887828 5.2333694444969288 5.3747462476603669 3.3389206931460649 22.355721958912909 1.0268875993788231 52.303857837570845 2.9924814230762333 22.65610899520107 3.4611487386282525 3.2033661319874227 2.5487863617017865 7.6801479673013082
leaf_count=4586 999 58664 2731 1259 479 357 5431 118 209 62 41 183 847 1510 101 457 238 4959 103 759 644 66 68 742 43 1516 146 74 101 687 2537 206 91 127 244 47 150 44 204 1633 2382 410 413 82 25 254 449 18 18 170 165 145 117 220 15 1146 71 678 127 46 70 63
internal_value=-3.44596e-05 -0.00330645 0.00294647 -0.00442743 0.00337525 0.00366705 -0.000502005 0.0016375 0.00509884 -0.00537195 0.00111069 0.000625763 -0.000804531 0.00603381 0.000720265 0.0029097 0.00332823 -0.00287631 0.00171099 0.00385402 0.00247345 0.00686801 0.00699292 0.00578206 0.0069662 -0.000736914 0.00421653 0.00634172 0.00488074 7.84447e-05 -0.00215739 0.00485428 0.00208237 0.00564531 0.0039325 0.00241093 0.00387652 0.00119486 0.000870591 -0.000695668 0.00207145 0.00529164 0.00899056 0.00563988 0.00383924 0.00682177 0.00177056 -0.00236892 0.000704013 0.00150484 -8.3573e-05 0.00259159 -0.000792496 0.0100441 0.0035925 0.00477022 -0.000912891 0.00217475 -0.00025882 -0.00273792 0.00113237 0.00969729
internal_weight=1372.46 654.305 718.158 521.884 687.937 667.061 101.243 275.969 391.092 420.641 132.421 127.187 95.0279 274.004 230.968 117.088 113.025 58.2463 16.5416 106.721 36.7816 211.047 209.426 130.445 105.76 32.5801 103.465 45.0015 30.8388 200.129 52.3179 32.1587 18.3504 12.0144 8.18555 20.2966 25.9722 15.7008 147.811 64.112 83.699 20.7898 78.9805 18.9314 44.145 18.05 26.0951 3.19313 24.6853 23.341 19.2348 14.0014 8.71367 60.0491 93.5249 62.0754 9.77152 66.7432 26.1173 8.74463 5.75215 19.0293
internal_count=100547 75937 24610 67737 20024 17293 7495 9152 8141 60242 8200 8159 7552 4714 8703 3427 2970 6061 1102 2732 1491 3204 3138 2214 1531 1578 2253 449 505 8198 2882 607 424 218 345 404 312 194 5316 2320 2996 614 924 291 789 297 492 43 683 665 597 432 262 633 2107 1348 202 2064 805 187 116 137
is_linear=0
shrinkage=0.01


Tree=30
num_leaves=63
num_cat=0
split_feature=26 7 44 28 36 44 48 66 28 108 156 81 78 123 14 149 14 147 149 114 131 156 66 155 88 32 122 21 153 1 114 91 150 140 137 78 21 31 149 28 31 99 149 53 142 99 150 4 43 77 108 88 112 114 140 43 154 36 142 45 80 75
split_gain=140.769 28.0354 26.5872 17.4313 16.5638 13.2302 12.9275 9.39055 8.87037 9.40849 8.85263 7.05539 6.77808 6.3119 6.30086 5.89298 5.24704 5.11602 9.19866 5.17019 5.02653 5.32652 4.73162 4.62254 4.23643 3.91277 3.87631 3.86325 3.64043 3.62268 3.61513 3.47451 3.40235 3.86779 3.31504 3.68548 3.4405 3.17479 3.12894 3.09903 2.88262 2.80554 2.8395 2.80085 2.73773 2.72488 2.70336 4.27747 2.80482 2.69799 2.64031 2.62301 3.0758 2.60945 2.60358 2.58952 2.5927 2.58138 3.6881 3.25685 2.5352 2.52789
threshold=0.059560515619772554 0.53260521055079313 -0.63444159383661181 -0.64547792108431967 0.87041864665053303 2.1037853494907353 1.0000000180025095e-35 0.17967173672356881 4.217276929003245 0.82462823837763766 -0.33063848602576068 -0.3812357123512532 0.85696678085638289 1.7560903253913887 1.7267296890705655 -0.11835145973249046 1.6606286216286004 0.33674974484228176 0.28964496925860822 1.8424987101465631 -0.69764815346416664 -0.28703460994131519 1.0485614980983904 0.0010679113142651089 -1.4361824619677523 0.59324137082702244 0.035284917551411561 0.6465179180539099 -0.52097449325005429 -0.039193959334000043 -0.75923027574471569 -1.0191099747333872 1.8748588476824291 -0.18852740078285621 0.65261449260780813 0.11473944965122211 -0.26769996748416619 -0.65905765257521032 0.071797690524749033 0.92252342396693077 -0.21982132137964744 1.5910317839425796 -0.23290276618174641 -0.17047751960412907 -0.3056315200287596 0.82162868527041388 -0.17413123924847096 -0.015614013280873895 -0.41376038603797283 0.92371885177920776 1.5340213174545714 -1.4361824619677523 -0.3189670117849665 -0.069187156612692868 0.98066054450765061 2.2461573421481908 0.12405744901657137 1.6297417186092107 1.0065227568029751 0.69182554943407271 0.499951368628338 0.75134663466069418
decision_type=2 2 2 2 2 2 2 2 2 2 2 2 2 2 2 2 2 2 2 2 2 2 2 2 2 2 2 2 2 2 2 2 2 2 2 2 2 2 2 2 2 2 2 2 2 2 2 2 2 2 2 2 2 2 2 2 2 2 2 2 2 2
left_child=2 4 -1 -4 16 7 -6 17 9 10 11 15 13 26 37 -3 -2 23 20 55 21 41 32 34 -24 29 30 -17 -18 38 -7 46 33 -14 -5 -36 45 -9 -23 -38 -16 42 -19 -11 -26 -37 47 48 -22 -34 60 -39 54 -15 -53 56 -20 58 -25 61 -33 -59
right_child=1 8 3 5 6 12 -8 14 -10 43 -12 -13 22 53 40 27 28 18 19 -21 31 25 24 57 44 -27 -28 -29 -30 -31 -32 50 49 -35 35 36 39 51 -40 -41 -42 -43 -44 -45 -46 -47 -48 -49 -50 -51 -52 52 -54 -55 -56 -57 -58 59 -60 -61 -62 -63
leaf_value=-0.006359817472525702 -0.0058413572079134141 -0.0018393185476109216 -0.0058766163830289231 -0.0011310861237845142 -0.0053836614886246734 0.00040025796519235594 0.0022002165537087664 0.0051415826946680622 0.012756521496636655 -0.0037868586386087984 -0.0044181528256405965 -0.0030506790770116823 0.0021347336946035767 0.0047462743590926159 0.011574025687672938 0.0099581192777204331 0.0057072892279212296 -0.0095883793402684742 0.0081347362268442396 -0.0075435244356696074 0.0078212277525105903 0.0023952330142521954 -0.011007948033319644 0.00056762614464062066 -0.0065877923787164682 -0.0088514146319810319 0.0046507501400399739 -0.0032117691995577464 -0.0032983001335501754 -0.011230962985406849 0.010688403093648869 -0.004738350030765121 0.0054068966339873804 0.0097144511579231683 0.0066856473388619674 0.0080987404764088153 -0.00026861195578456833 -0.0062239038999199157 0.0094613049204617401 0.0068245212684080623 0.001521187717865104 0.012860396227830671 -0.0013149798223739051 0.0037515179268830167 0.0088441968334779485 0.0034706630019647796 0.0036774958923290802 0.011133591271631316 -0.011679622903386082 -0.011527937060653574 0.0050530738390718649 -0.00019935351324285209 -0.0048540869009052034 0.013715138868478922 0.0099374040538051951 -0.00075798452005444597 0.013624290691809577 0.0031744640935520768 -0.0085915054061995663 0.0083743151788027072 0.0035559230939081104 -0.0078575105776388012
leaf_weight=28.777485464233905 361.82087162346579 9.1903888790402579 19.450644324882887 13.457294226158409 37.60225865105167 3.9758431441150632 55.827060833806172 6.7544311915989956 5.3211617227643719 5.4422000690829 64.801703362958506 21.343110850080848 13.141852321568878 3.9190917201340225 5.8468372588977218 15.100621640216561 6.0855813946109292 6.0320350942201957 39.752498650690541 1.9850415063556273 1.4768271720968189 14.112214662833148 4.057043582201004 66.641318006906658 1.8654823214747009 2.2995600916910908 47.693174364510924 2.5948161268606773 16.987596867140383 1.3418704103678454 25.171108155278489 7.0582383824512345 1.6661568088456982 13.897387544624509 39.492400439456105 16.082542527932674 36.523647495545447 12.192840778734533 11.348121565999461 7.3935712478123596 5.6175576476380211 1.0413314257748414 13.36497721192427 50.362411442911252 2.9465941265225393 61.892381086945534 13.270207089371977 19.111503902589906 1.4501678985543538 2.1225242498330772 22.009330522967502 31.087192028295249 14.682616838952525 20.336850143969059 2.7471702927723518 2.6528239741455755 11.117613443406297 7.8811606878880429 4.6967359960544846 9.2497924608178419 7.6842099851928651 2.8083024425432086
leaf_count=4463 55283 615 2668 622 5478 82 1781 194 35 541 8167 1185 241 32 49 311 171 410 624 65 49 465 81 2514 50 84 571 87 970 53 300 249 22 167 820 206 1309 554 125 206 84 13 420 1526 48 1528 269 234 37 52 437 1422 1076 119 104 65 95 220 177 155 253 117
internal_value=-2.44761e-05 -0.00337885 0.00305291 0.00345008 -0.00462961 0.00372396 -0.000851227 0.00298995 5.58588e-05 -0.000344566 -0.00200375 0.00123849 0.00644507 0.00782055 -0.000186742 0.004647 -0.00554647 0.00355586 0.00487354 0.00824769 0.00333194 0.000877139 0.00293855 0.00267838 -0.00348868 0.00362613 0.00641244 0.00802055 -0.000917288 0.0047033 0.00928908 0.00501782 0.00479142 0.00603634 0.00363079 0.00402853 0.00316634 -0.00135294 0.00555111 0.00092454 0.00666247 -0.00303206 -0.00389659 0.00301402 0.00283973 0.00442742 0.00725971 0.00940951 -0.00181321 -0.00405951 0.00285986 -0.00207788 -0.00103282 0.0122727 0.000623436 0.00883652 0.00933888 0.000852746 -3.51084e-05 0.00403272 -0.000408866 0.000262197
internal_weight=1363.66 652.48 711.178 682.4 478.323 662.949 93.4293 522.156 174.156 168.835 113.031 48.2289 140.793 101.096 78.9286 26.8858 384.894 443.228 177.109 55.508 121.601 49.5401 39.697 266.119 8.86912 29.1018 76.8401 17.6954 23.0732 26.8022 29.147 72.0605 30.8279 27.0392 174.842 161.385 121.892 67.4643 25.4603 43.9172 11.4644 20.4383 19.397 55.8046 4.81208 77.9749 35.3087 22.0385 2.927 3.78868 36.7518 60.7098 48.517 24.2559 33.8344 53.5229 50.8701 91.2773 71.3381 19.9393 14.7424 10.6895
internal_count=100350 76150 24200 19737 63683 17069 7259 15304 12467 12432 10365 2198 1765 1104 3483 1013 56424 11821 3947 849 3098 1570 661 7874 179 727 953 398 1141 643 382 1528 482 408 4691 4069 3249 3350 590 1515 133 843 830 2067 98 1734 589 320 86 74 939 3156 2602 151 1526 784 719 3183 2691 492 502 337
is_linear=0
shrinkage=0.01


Tree=31
num_leaves=63
num_cat=0
split_feature=25 22 16 28 44 108 44 104 156 16 75 45 36 28 138 30 144 30 31 33 78 118 92 10 69 42 85 80 28 31 3 15 98 137 149 126 82 33 77 128 52 35 85 31 33 77 156 71 77 31 140 114 64 80 156 76 65 58 98 71 52 31
split_gain=135.011 28.7722 22.9957 18.8634 15.6543 13.7188 12.8371 12.4246 8.01644 6.89135 6.80542 6.49993 7.25239 5.93998 5.55764 7.48742 5.48051 5.61431 5.53167 5.34476 4.37997 4.77044 4.69147 4.37213 4.33345 4.5661 4.09686 3.95542 3.93899 3.95053 3.90724 4.37094 4.82176 5.60105 3.96653 3.82379 4.57214 3.70733 3.64734 3.61416 3.33336 3.32376 3.24392 3.06326 2.95645 2.93063 2.85721 2.91642 2.81417 2.71913 2.70001 2.69201 2.66573 3.28132 2.82904 3.1051 2.64955 2.64897 2.64242 2.87786 2.59028 2.57291
threshold=0.080564987545191355 -0.16996073092120015 -1.0596336097332009 -0.64547792108431967 1.6218861647090603 0.79669262848812916 -0.63444159383661181 -0.64108433415601151 -0.33410990576245253 -0.29950385571414334 -0.79068868752269761 -0.5909420138521434 0.87041864665053303 -0.28726924438258394 -0.049477560085210891 0.07486791852578302 1.4640838016056708 1.6468788484446497 0.10670827060830788 0.94525593467114033 0.52882730082758989 -0.38925279286492981 2.2766446576403263 -1.2760205253499557 1.369674239769838 -0.33336575134914664 -1.8766072473468765 1.0166332502758724 3.6325442961122119 -0.34233123516952763 4.1525528472583373 -0.32868878773389915 -0.13467502473586412 0.1833593355839033 0.079655646472650984 1.1101261672519247 1.034703535440896 -1.0697777174551766 0.13262321022565896 0.9832817581977098 1.2068786768329283 -0.4270315996549704 0.48307151894422434 0.34875418923591023 3.0397589456966507 1.1359615465730712 -0.33161946127630043 0.50255470838847671 -1.4527362741326657 -0.055293918410059276 -0.51175987077780261 -0.71868488828491051 -0.12997886235579731 -0.36688789975053088 -0.27558801745829753 1.2081885810985042 -1.023283975509212 0.38498906017579204 1.6656997270547726 1.2775317961765411 0.8353670482448895 1.162474927033724
decision_type=2 2 2 2 2 2 2 2 2 2 2 2 2 2 2 2 2 2 2 2 2 2 2 2 2 2 2 2 2 2 2 2 2 2 2 2 2 2 2 2 2 2 2 2 2 2 2 2 2 2 2 2 2 2 2 2 2 2 2 2 2 2
left_child=1 3 10 -1 7 8 -5 23 13 14 28 60 -13 -4 19 -16 17 35 42 30 21 49 39 -3 48 -26 38 52 29 -2 31 32 33 34 -8 43 -37 -12 -10 -22 -36 -21 -18 -17 56 -14 57 -48 -11 -6 -39 -29 53 -20 55 -55 -44 -9 -19 -60 -7 -50
right_child=2 4 5 6 20 11 9 46 26 24 37 12 45 -15 15 16 18 58 27 41 22 -23 -24 -25 25 -27 -28 51 -30 -31 -32 -33 -34 -35 40 36 -38 50 -40 -41 -42 -43 44 -45 -46 -47 47 -49 61 -51 -52 -53 -54 54 -56 -57 -58 -59 59 -61 -62 -63
leaf_value=-0.0062792654773978045 0.0096152098986637576 0.0063222720072403961 -0.0042144213114237005 -0.0057461937563290742 0.010268892067930323 -0.0063951194799550587 -0.0018605041313233906 0.0060087002828853068 -0.006285538987521007 0.0079523033198432378 -0.0064899441526902451 -0.0042431630853042327 0.00095500555839049767 0.0047482672409060334 -0.0020780076613978811 0.00060820459714369657 -0.0082903608096994551 -0.0036191110338622064 -0.0044918427417287004 -0.00025904455305642232 0.0015473998068325581 -0.0066769773704173085 -0.0096653266128882264 0.00064066161582913026 0.0029452663615330216 0.0095246181542644002 -0.0059093318440177059 -0.0084647184820145632 0.014358533744584049 -0.00026477372925146693 -0.01305674044998123 0.0095272404893025735 0.0071903676004854379 -0.0090785689208691279 0.010816388657332603 0.0073250623405308832 -0.011470116189977711 -0.0065800536377794931 0.0040046337154979227 0.0088491895975365553 -0.00088433293726314518 0.010740538984305849 -0.012849819172179436 0.0067448599312830851 0.010731470489500149 0.0065849042191466426 -0.0055043912158295625 -0.0020756685073920478 0.00098602845634602533 0.0043180459244866578 0.0020403529151639651 0.0054386242084439448 0.013343492344603658 -0.00056615003809617841 0.01218946223736833 0.0097868355596995183 0.0031785039303678644 -0.0019192125172824456 0.01192892873800167 -0.0023662125114183976 0.0048648704054596792 0.0051614964144129031
leaf_weight=16.427995707490481 7.3147205808199987 15.771431903587652 17.037274897331375 11.619769587181507 19.067033611470833 25.488046990241859 8.276890488341456 5.5922057731077102 6.0118221112061283 7.7564371859189114 8.0253732379060221 26.214948577573523 44.825438372557983 13.046522523742167 15.245231584645806 9.8284404585137946 2.7031193841248742 13.462577312719079 1.880886430852114 2.9101239230949423 34.533267478924245 2.4132936047390094 3.1328836050815871 96.004420028999448 23.674684132449329 19.122935471590608 351.6637783779297 1.6211162214167405 4.9516523606143883 9.0006040974985808 1.0728701616171736 24.683489331044257 28.671762823360041 4.3913101572543374 7.9030957268550974 2.2951210835017255 2.9335301029495895 4.0986605174839488 8.0341396189760399 8.4436985151842219 3.4928145539015532 44.111311054555699 1.3225885555148114 48.28018692554906 3.9520979770459235 11.661742974771185 52.900645629502833 46.977365678409114 85.821638876805082 13.014945792499928 31.202692965278402 9.3809650447219592 16.141249197768051 4.8936014473438263 13.988716120366007 7.0248900195583701 4.5453495741821817 17.003965525422245 2.7124713519588104 2.8927157963626087 2.2035363002214572 17.842689451295882
leaf_count=2485 218 267 1149 1842 205 3667 298 213 628 198 786 3229 1841 326 370 310 42 560 28 138 998 84 85 3634 572 323 54759 42 38 653 24 389 431 142 87 38 52 337 429 81 54 450 27 773 31 237 6241 3817 2679 243 1806 174 120 53 153 53 82 695 54 83 128 399
internal_value=3.3263e-07 0.00268385 -0.00370302 0.0042433 0.000341322 -0.00442009 0.00462236 -0.000966342 -0.0052896 0.00489355 0.00191453 -0.00130155 0.000101541 -0.000323939 0.0058007 0.00459283 0.00527222 0.00353899 0.00738728 0.00738827 0.00414247 0.00683843 0.00212238 0.00144372 0.00318315 0.00588894 -0.00569779 0.00875473 0.00654628 0.00416181 0.00578675 0.00605082 0.00442026 0.00111398 0.00339767 0.00497128 -0.00320263 -0.000357651 -0.000393894 0.00298604 0.00722375 0.0100577 0.00137891 0.00570892 0.00405643 0.00212002 -0.00316663 -0.00389307 0.0021425 0.00785998 0.00103507 0.00337511 0.0100987 0.00820619 0.00913331 0.00553072 -0.00043286 4.01908e-05 -0.00121351 0.00454263 -0.00549407 0.0017061
internal_weight=1358.52 787.74 570.781 472.885 314.855 506.187 456.457 234.25 395.794 444.837 64.5937 110.394 82.7021 30.0838 290.619 165.105 149.86 82.405 67.4546 125.514 80.6051 34.4953 46.1098 111.776 154.218 42.7976 365.71 54.9314 21.267 16.3153 78.4922 77.4194 52.7359 24.0641 19.6728 63.3373 5.22865 43.3267 14.046 42.977 11.3959 47.0214 12.5232 58.1086 9.82004 56.4872 122.474 99.878 111.421 32.082 35.3014 11.0021 43.9293 27.7881 25.9072 11.9185 5.86794 22.5962 19.0678 5.60519 27.6916 103.664
internal_count=100350 30119 70231 13556 16563 66393 11071 14867 57291 9229 3838 9102 5307 1475 5058 3045 2675 1870 805 2013 1696 532 1164 3901 4171 895 55816 623 909 871 1425 1401 1012 581 439 1173 90 2929 1057 1079 141 588 182 1083 140 2078 10966 10058 3276 448 2143 216 407 287 259 106 109 908 697 137 3795 3078
is_linear=0
shrinkage=0.01


Tree=32
num_leaves=63
num_cat=0
split_feature=26 13 36 16 24 25 21 45 28 45 28 156 28 80 46 123 8 14 15 35 45 96 36 78 61 31 153 46 46 27 155 29 7 27 30 77 23 153 150 153 8 24 142 107 17 106 24 0 108 78 29 55 119 156 17 52 17 1 92 24 154 152
split_gain=137.045 35.6478 23.5285 19.6387 15.359 8.58909 8.67087 8.58425 7.66022 6.63222 6.0397 5.87101 5.51492 5.5909 5.04876 4.68214 4.99716 4.5003 4.42065 4.26517 4.57998 4.42297 4.16123 3.92858 4.32629 3.92623 3.80751 3.58746 3.57552 5.66648 3.84519 3.60213 3.3596 3.19258 3.05088 3.05024 2.91154 5.45519 2.86157 2.97551 2.75542 3.37806 3.17282 2.58048 2.54144 2.93652 2.60978 2.54072 2.53118 2.51459 2.45108 2.67879 2.39728 2.40922 3.23482 4.16346 2.39706 2.39489 2.38583 2.37093 2.33251 2.52774
threshold=0.063205591657648094 0.95646491158452018 0.87041864665053303 -0.29950385571414334 0.16697216656808778 0.16600764114760336 -0.20249937485759525 -0.066007715722915208 -0.62601298067123701 -0.68322285920063752 3.6325442961122119 -0.33145400987841683 -0.23010792431320617 0.94993248618722237 0.54995033741080224 2.2319048108126509 -1.2928281663738124 1.6890037890335103 -1.0413186014295168 1.1440829622019388 0.8019598607836661 0.90017181106774891 0.81008644757825998 -1.5269522529895252 -0.21436845615729322 0.89648026082140209 0.30208224714566551 -0.92452468223796724 0.55893190105184998 4.1579286525788062 0.030488642683055227 -0.58369867886102333 0.23997079360525217 -0.67136505292897308 1.0434139523479162 -1.3171073922938812 -0.19941500297095763 0.031848243811164606 0.58118910632540299 0.77798888533469557 1.437823284519048 -0.25998300385222822 -0.25729086767948756 1.0434115343095931 -0.17712989851561683 0.45516775894893846 -0.11654564116757955 -0.21918573667482416 0.79669262848812916 0.52882730082758989 -0.60941172345370631 1.3440917564087869 -1.1179739391315733 -0.3284732257321698 -0.21338855137947302 1.3829625640925445 1.0970820035625601 -0.49347571052531941 0.40740776151219305 0.20656465003835497 0.50488628822149584 1.7905094443002112
decision_type=2 2 2 2 2 2 2 2 2 2 2 2 2 2 2 2 2 2 2 2 2 2 2 2 2 2 2 2 2 2 2 2 2 2 2 2 2 2 2 2 2 2 2 2 2 2 2 2 2 2 2 2 2 2 2 2 2 2 2 2 2 2
left_child=3 2 17 5 48 6 7 34 -5 -10 11 23 44 15 -15 16 -14 -2 38 25 -21 -22 -13 56 -25 36 57 -19 30 43 31 35 -20 -33 -1 -11 37 -18 39 -8 41 -34 -42 -30 46 -46 -9 -31 -4 -40 58 -52 -16 -54 60 -56 -3 -26 -50 -24 61 -55
right_child=1 10 4 8 -6 -7 18 12 9 28 -12 22 13 14 52 -17 19 27 32 20 21 -23 59 24 26 -27 -28 -29 29 47 -32 33 40 -35 -36 -37 -38 -39 49 -41 42 -43 -44 -45 45 -47 -48 -49 50 -51 51 -53 53 54 55 -57 -58 -59 -60 -61 -62 -63
leaf_value=0.0037622366621252535 -0.0058036389780971517 0.010169239936410945 -0.0034735127368648831 -0.0057565993042758071 -0.0058053572596620572 -0.0076631221264411541 0.0014313438912776388 -0.0047370792298515986 -0.0061043118079455753 0.0094183248301918671 0.011406381544104383 -0.0034529139105019691 -0.011529080081352543 0.0091290510237748406 -0.0085981988376558714 0.01289459284330919 -0.0062512287501284526 0.010487818793331881 -0.0051657480267610989 -0.00082894819828464622 -0.0025052570062695277 0.0073483044127836154 0.0033529388476868228 -0.0028652187520247017 0.012033102098195969 0.011486151658505731 0.009002161469463343 -0.0026168156489465239 -0.0034378090841259354 0.012528829658893053 0.00086216585993971386 0.010313442145414544 0.005820963589834369 0.004191746801017319 -0.0043352945333206055 -0.0032434617190176423 0.0088964947384773257 0.0062710369862308702 0.010473021480564631 0.011030047650388071 -0.0038722352150659762 0.00072394715137184308 0.0027176682641774025 0.00045465559700472435 -0.0077933926043902511 0.0024737350785150685 0.0062987349490491555 0.0017916025600566037 0.0015761068479140192 -0.0086482845912263986 0.0029751577055552557 0.01201366582402969 0.0060390288154113523 0.0025625792827143785 0.0018037373386147199 -0.0085391610503068611 -0.0010147266544775517 -0.00034601736253729912 -0.0096430614687141609 -0.0065521199602748608 0.00066842820948420775 0.010147866344124798
leaf_weight=7.6382399937137988 391.20471915998496 11.206742806360124 7.0928549454547456 16.295883469167165 35.137881564442068 5.8980739733669898 4.6214116006158319 2.6668414608575395 11.489406685577704 2.3504566678311667 6.1389333396218708 31.337185388198122 1.4972257306799281 15.35369551531039 1.7854887153953303 12.612930599367244 3.665686185238882 2.2930676387622979 7.8194811972789457 13.018387315329162 5.2468525343574575 33.6491126306355 20.071695798542354 12.381187559803946 1.7603900143876625 22.632196904160082 10.356767301447688 22.291278663789853 22.277406988898292 5.0525866181124002 61.849578871391714 10.145345197059212 24.030725904973224 54.229993986431509 11.848711282480506 9.7735540077555907 44.366089217364788 63.23076136293821 1.0142539995722466 10.93734693340957 15.494049830595033 28.439107282552868 13.795337346382437 72.102299231570214 5.2952354792505485 5.8379028532654047 10.599826829740779 3.9523124564439041 5.5097568864002806 2.0730024566873908 56.250361206941307 3.4833377515897146 19.798910517711192 9.1504354705102759 12.235727295279508 5.6897233636118463 2.2900225438643238 13.219743703491991 2.8694048305042088 2.7321145271416745 13.194660294102503 8.5374682913534325
leaf_count=269 60553 133 477 2357 5669 642 87 166 1656 58 49 3535 36 198 49 78 98 46 389 475 177 449 500 612 37 204 176 1232 2009 68 2302 211 624 1444 1148 429 673 832 17 85 527 1359 426 2715 378 147 299 79 149 42 1519 57 240 260 297 140 56 480 90 385 327 129
internal_value=3.66328e-06 -0.00336487 -0.00445337 0.00301543 -0.000347367 0.00430881 0.0044705 0.00527719 0.000885843 0.00131392 0.0017707 0.00120726 0.00568184 0.00607168 0.00393209 0.00698862 0.00658972 -0.00554276 0.0020129 0.00673687 0.00429794 0.00601624 -0.0010872 0.00363451 0.00197321 0.00768136 0.00434171 -0.00138667 0.00166715 0.000259139 0.0027185 0.00421773 0.00108913 0.00515951 -0.0011559 -0.000774767 0.00690556 0.00558254 0.00644251 0.00818812 0.00168913 0.00306091 -0.000765101 -0.00046333 0.00111301 -0.00240324 0.00407091 0.00783449 0.00220184 -0.00232056 0.00279473 0.00350583 0.002796 0.0030952 0.001898 -0.00147656 0.00826488 0.0011091 -0.00226084 0.00215948 0.00385981 0.00623311
internal_weight=1350.82 637.627 526.133 713.194 110.344 443.675 437.777 329.552 269.519 253.223 111.495 105.356 310.065 285.665 85.7461 199.919 187.306 415.789 108.225 185.809 51.9144 38.896 54.141 51.2149 37.7181 133.895 25.3369 24.5843 241.734 103.385 138.349 76.4993 89.5787 64.3753 19.487 12.124 111.263 66.8964 18.646 15.5588 81.7592 52.4698 29.2894 94.3797 24.3998 11.1331 13.2667 9.0049 75.2057 3.08726 68.1129 59.7337 70.3924 68.6069 48.808 17.9255 13.4968 14.9801 8.37916 22.8038 30.8826 17.6879
internal_count=100350 75755 69792 24595 7961 11267 10625 7069 13328 10971 5963 5914 5652 4662 1640 3022 2944 61831 3556 2908 1101 626 4420 1494 1305 1807 693 1278 9315 4871 4444 2142 3325 1655 1417 487 1603 930 231 172 2936 1983 953 4724 990 525 465 147 2292 59 1815 1576 1442 1393 1153 437 189 517 239 885 716 389
is_linear=0
shrinkage=0.01


Tree=33
num_leaves=63
num_cat=0
split_feature=26 13 44 108 44 144 22 48 31 156 123 122 73 56 14 7 77 71 77 150 46 11 93 97 129 138 19 120 121 64 5 46 75 97 2 20 52 114 150 114 65 156 34 71 112 80 135 2 147 22 121 128 112 121 94 137 150 20 151 45 120 5
split_gain=133.831 35.3439 24.9194 21.8916 15.5967 13.1126 16.7735 8.60284 7.87532 6.18987 5.79071 7.59609 5.49758 5.58229 4.90424 4.73877 4.50492 4.09466 3.80124 3.49618 3.47805 3.25171 3.2535 3.1715 3.1129 3.59539 4.12039 3.10173 3.086 2.84707 3.75539 2.83831 3.63493 2.80494 2.76397 2.56074 3.18889 2.52786 2.52007 2.51468 2.50996 2.50453 2.51127 2.49736 2.408 3.10099 3.9119 2.40742 2.49741 6.40167 2.88893 2.3925 2.7697 2.38421 2.37743 2.47957 2.64542 2.36777 2.2925 2.27674 2.23486 2.1766
threshold=0.059560515619772554 0.95646491158452018 -0.63444159383661181 0.83964117281555217 2.1037853494907353 -1.5953832798775867 -0.30826916725336095 0.1019387215754409 0.070873185821065846 -0.33376110482330962 1.7560903253913887 0.035284917551411561 -1.3618202236812849 0.39795218899239965 1.6387899208669985 0.38789152446973935 1.116804814538028 0.50255470838847671 1.2510718290762604 1.8748588476824291 -0.92452468223796724 1.6000136143011543 0.45810601622133978 1.9647498337305456 -0.34967044828205757 -0.086228127954783448 -0.093051711736028275 1.0043985820308317 -0.13472130318153228 -0.41769723513019524 -0.18586290265552774 1.1007450751314047 1.2617799629747408 1.1266293404231129 -0.30967487859813464 -0.13570339487581559 1.0881308769214519 -0.73184154416449854 1.7782885334899026 -0.11199777669807762 0.88400502269900239 -0.33161946127630043 -0.51337066835019496 0.56455287541152199 -1.0664470939412112 1.1749102667600027 0.53304137880010738 -0.44214855734526531 0.34244756466742199 -0.18525275607562311 -0.4646592260645907 0.52151192787887146 -0.4310259078450302 -0.27834522305626802 0.82371588170325549 1.8345904883269952 -0.22228450860281215 0.19497234892834217 0.14489533659179574 2.3338391959709348 -0.15387598051177792 -0.031639418090549404
decision_type=2 2 2 2 2 2 2 2 2 2 2 2 2 2 2 2 2 2 2 2 2 2 2 2 2 2 2 2 2 2 2 2 2 2 2 2 2 2 2 2 2 2 2 2 2 2 2 2 2 2 2 2 2 2 2 2 2 2 2 2 2 2
left_child=2 3 -1 14 5 -4 15 -5 -9 23 11 19 28 -14 -2 21 39 -11 -18 37 -16 -7 -23 44 34 26 -26 61 -3 30 -28 -29 -33 -21 35 36 -17 59 57 -12 -10 -15 -43 -27 -8 51 -47 -19 54 -50 -51 52 -46 -37 55 56 -49 -36 -24 -6 -42 -13
right_child=1 12 4 7 10 6 9 8 40 17 16 27 13 41 20 24 18 47 -20 33 -22 22 58 -25 25 43 29 31 -30 -31 -32 32 -34 -35 38 53 -38 -39 -40 -41 60 42 -44 -45 45 46 -48 48 49 50 -52 -53 -54 -55 -56 -57 -58 -59 -60 -61 -62 -63
leaf_value=-0.0061451564913774306 -0.0057358494760555443 -0.0014544164554601475 -0.0063047859521217012 -0.0048933808474955097 -0.0038274562109697459 0.0023178599824303803 0.0099780970150482578 -0.0042683161674796398 0.0035123836641255657 -0.0024134943693163401 0.0033822533374394028 0.0098117909983036263 -0.0024562834227174453 0.0054070079106733043 0.0099410246600540354 0.0030439728070357492 -0.01438888716629854 -0.003656207428109415 0.0068257147309516491 -0.014773700234724369 -0.0023773017656171019 0.008309481857481012 0.0044837448625251186 0.013169738468359456 0.011392361641969988 -0.00062253006435195133 0.0010337529724153663 0.0091973294843155882 0.007316103333822736 -0.0066294680408156637 0.011657252222478279 -0.004271078341512473 0.0037813473488932303 0.0056329032202501799 0.0060478652499546971 -0.00069384168687330623 -0.0086762523766524113 0.010651599083375199 -0.0030821587370771825 0.012299889872609705 0.0030931796968736262 0.0049234460048758798 -0.0012489770712446927 0.0061066400768992612 -0.0070029299213845873 0.0080793687884440878 -0.012744609752315934 0.0059065515559771579 0.012318966762463746 -0.0042981569746950946 0.0032813242743842527 0.010943402760746701 0.005334778428154714 0.010149986860413263 0.0018271538830346896 -0.0097036890526034422 -0.0016208973614138481 -0.0061477600616227047 -0.0047735282720138775 0.0095940029889926282 -0.0070729643671840082 0.0038191720480159294
leaf_weight=28.330731241032481 383.53659234649967 4.8675195176620063 15.855954515980555 33.819004000397399 2.4739108525682232 111.35948345181532 4.8918796582147541 21.071216432144865 57.218546048738062 45.526037768693641 3.6307448036968735 7.4253491042181841 35.537121049128473 20.542260853340849 2.5608120325487134 4.618308901088314 1.2685035187751048 10.257949060993267 2.4773174985311925 1.0532619860023253 21.022322750184685 20.939729727106169 10.096154677681623 4.3989032693207255 27.181730486219749 7.1030074241571155 6.5041211976204041 3.2645371076650944 22.260963047854602 1.8695875087287266 6.8561463546939203 12.848235254641624 9.9219541545025987 1.821826012805104 60.308156881015748 3.9162662394810468 4.6335877131205052 31.157675049267709 3.4064908474683753 26.859674616716802 4.0812102544587106 9.9762880173511821 19.342776763718575 24.235147755360231 2.6418487792834693 1.3529136683791869 2.6418445326853544 5.4200626723468295 6.8592577502131453 6.4812977388501194 22.210271280724555 3.8855040133930734 5.7694936576299334 4.156057639513163 61.133512776810676 3.2064924030564717 33.190951463533565 1.6193122181575734 3.6202700438443562 2.5516420672647655 4.5592406676150841 33.800898364977911
leaf_count=4463 59525 297 2533 4835 56 3076 59 2485 1691 2908 30 78 3118 506 64 99 22 453 35 24 1247 447 240 26 234 322 184 53 547 81 74 247 126 31 1052 125 166 372 119 170 134 332 1210 510 41 19 40 189 99 199 698 51 82 80 1945 81 1542 93 105 30 159 491
internal_value=4.15176e-05 -0.00326985 0.00304094 -0.00435457 0.00342462 0.00264948 0.00292163 -0.000614231 0.00104973 0.000819258 0.00639127 0.0052366 0.00181763 0.000570297 -0.00546364 0.00444969 0.00997159 0.000209758 -0.000351061 0.00874532 -0.00103181 0.00315222 0.0058289 0.00544232 0.00566003 0.00715594 0.00905652 0.0031966 0.00573881 0.00487628 0.00649758 0.00048972 -0.00075778 -0.0018335 0.00432343 0.000765003 -0.00281805 0.00958895 0.0052652 0.0112427 0.00275312 0.00272946 0.000848843 0.00457853 0.00382749 0.00196953 -0.00566457 0.00101335 0.00136016 0.0036454 0.00156477 0.00446026 0.00144414 0.00488241 0.000569773 -0.00126601 -0.000560379 0.00572641 0.00203143 0.00297273 -0.00226153 0.00490306
internal_weight=1347.43 640.396 707.034 527.869 678.703 538.148 522.292 120.749 86.9302 219.868 140.556 106.319 112.527 85.3984 407.12 302.424 34.2362 194.286 3.74582 39.0583 23.5831 146.016 34.6562 25.5824 156.408 73.7497 42.4116 67.261 27.1285 15.2299 13.3603 26.0347 22.7702 2.87509 82.6582 17.3242 9.2519 36.1832 65.334 30.4904 65.859 49.8613 29.3191 31.3382 21.1835 16.2916 3.99476 148.76 138.502 35.5508 28.6916 12.2968 8.41134 8.07232 102.951 41.8175 38.611 61.9275 13.7164 5.02555 8.64045 41.2262
internal_count=100350 76150 24200 70140 19737 17972 15439 9304 4469 8432 1765 1508 6010 5166 60836 7007 257 8114 57 513 1311 3868 792 318 3139 1405 573 995 844 339 258 426 373 55 1734 470 265 458 1264 200 1984 2048 1542 832 292 233 59 5206 4753 996 897 174 123 205 3757 1812 1731 1145 345 86 293 569
is_linear=0
shrinkage=0.01


Tree=34
num_leaves=63
num_cat=0
split_feature=26 13 100 16 22 48 106 28 14 22 22 35 18 28 28 156 14 69 98 78 56 122 42 22 78 63 46 27 147 35 129 93 146 30 148 137 73 57 22 147 30 28 27 86 99 135 17 95 140 114 152 112 71 119 92 12 19 74 62 95 122 129
split_gain=131.654 34.6885 21.1395 20.253 11.3403 8.54649 7.33578 7.1666 6.49966 6.41323 6.10535 5.75614 7.64291 6.61472 5.75602 5.79061 4.87408 4.69884 4.5665 3.83903 4.05707 3.82107 3.76408 3.69602 3.47854 3.42798 3.22195 3.1961 3.23118 3.10514 4.35576 3.02647 2.91871 2.86284 2.77426 3.46952 3.43356 3.16786 2.7412 3.81849 4.01565 3.70904 3.96419 3.04157 2.63858 2.60125 2.65028 4.01711 2.59828 2.5677 2.51715 2.36708 2.32389 2.58199 2.80179 2.31038 2.24558 2.24355 2.62656 2.24352 2.23166 2.50831
threshold=0.063205591657648094 0.95646491158452018 0.67273357301230641 -0.29950385571414334 -0.19311594071189422 0.1019387215754409 -0.59819673792920336 -0.62601298067123701 1.7267296891051551 -0.046257504175527944 0.028475929122120838 1.9352646642437055 -1.0251282301649873 -0.28726924438258394 3.6325442961122119 -0.33145400987841683 1.6387899208669985 1.369674239769838 0.62858444686224957 -1.5269522529895252 0.18273088277829874 1.240411694244713 -0.36632449608005879 0.060555344521494373 0.40069817296473781 -1.0891254272287487 -0.92452468223796724 5.2872314164320864 0.21985052679126318 0.35998617566990282 -0.9181152398325666 0.703217776591191 -0.43253768099900342 0.22537879806684621 -0.24833260889134182 0.74125372693205438 1.3772493834250701 0.40752483214416341 -0.4115284617523815 0.3339194697901392 -0.071113559450209099 0.64345878330366346 0.98505828626206837 0.64017954483527628 1.2261004356909588 -0.021397252638385555 1.0213525292843193 0.45286598531092997 -0.16735478838714479 -0.67354769317111263 0.89941270575640864 -0.51262867157803937 0.47155562487695418 0.11742488666044541 1.9367834037988472 -1.0768839753122119 -0.63527613801700999 0.64851006436543945 1.0000000180025095e-35 1.35249773185054 1.4129254424193693 -0.83628404764643161
decision_type=2 2 2 2 2 2 2 2 2 2 2 2 2 2 2 2 2 2 2 2 2 2 2 2 2 2 2 2 2 2 2 2 2 2 2 2 2 2 2 2 2 2 2 2 2 2 2 2 2 2 2 2 2 2 2 2 2 2 2 2 2 2
left_child=3 2 16 4 6 -4 -1 -5 21 17 -7 13 31 32 15 19 -2 27 -19 -3 55 50 60 -17 -10 -26 -18 28 57 -27 -31 -13 -8 51 35 36 -30 44 41 40 -40 42 56 -44 -37 -42 48 -48 -47 -50 -6 -11 53 -23 -55 -21 -15 58 -9 -54 61 -20
right_child=1 14 5 7 8 10 11 9 24 33 -12 12 -14 38 -16 23 26 18 22 20 -22 52 -24 -25 25 29 -28 -29 34 30 -32 -33 -34 -35 -36 37 -38 -39 39 -41 45 -43 43 -45 -46 46 47 -49 49 -51 -52 -53 59 54 -56 -57 -58 -59 -60 -61 -62 -63
leaf_value=-0.010367146479391461 -0.0057341458280297944 0.0081351989723475026 -0.0049605974529007184 -0.0056650543141113152 -0.0019967318944682593 0.0024082018613656533 -0.006702496658209163 0.0024650398434523978 0.0096617670417106158 0.0026926013172340357 -0.0041262773533737359 -0.004855980641750972 -0.0041492466125100389 -0.004635132960728202 0.011164676651979177 0.0016047287886258874 0.0094056426534090271 -0.015536350561387056 -0.0064258709990607553 0.0063895695821754184 0.0044158853151422886 0.0069774713229320664 0.0080058438507666571 -0.0036378025009675082 0.0086536752697918481 -0.0061218134071226197 -0.002345369629981641 0.010583784586641528 -0.0023715532002416989 0.0092385754241576176 -0.0055552993345482872 0.0074578656236186612 0.0026186623040198444 -0.0042179306382328346 0.0064930041255825679 0.0091889268116636443 0.0095502216766373185 0.00085628834248262307 -0.0099122086568691637 0.0099944689078619951 0.011056961344423579 0.0083945876381545399 0.0032358299431711648 -0.0077649488005628597 -0.00071470177321141708 0.0068240962399650079 0.0079413719159896895 -0.01106016164700528 0.012830584202335973 -0.00083345017571215642 0.0014243777369343711 -0.0019353133430232608 0.0075896697585787877 0.0018692111271435027 -0.0099627339429526913 -0.0043316239238723872 0.0068974042063109746 -0.0035004288758568218 -0.0047854664566733245 -0.0037241760137752401 0.011212311727053963 0.0028985410178047257
leaf_weight=2.8877942494582376 377.49454064317979 13.800768844084812 33.167601798661053 16.028456129250117 38.912375958636403 67.286099505377933 4.0982467075809863 21.665585248963911 14.317077421117572 19.692428565816954 18.138766532298177 2.2761390572413864 13.393452916294335 1.7172954489942629 6.1674181735143057 26.349054732592776 2.6171826142817762 1.0755453598685552 3.3377017963212046 2.4357794392853931 24.333727178396657 4.4355326069053289 24.496042116777971 27.413893747841939 7.5338180949911466 4.8867252850905087 20.735790165374056 3.514245616272091 25.614185571437705 5.4607128854840976 3.111236231867224 15.381001933244987 18.35738138249144 23.392823317088187 12.654362230794503 11.660701184533535 2.6552728915121397 20.226322411792353 2.2164444103837004 10.176783157512544 4.4759704163298002 105.38931017252617 11.666722183814271 3.1904695022385559 3.4704814713913938 15.672167719108982 1.7584590506739903 2.9771341709420085 1.5496792979538394 11.563840984832501 48.046723764855415 25.157796637620777 15.836370625765996 5.5208550556562823 3.1187865745741874 11.156271023442971 63.798207069281489 21.422603315906599 6.4781085047870866 1.9521230980753888 2.68087309366092 20.684789953287691
leaf_count=387 59281 189 4821 2357 2143 2389 440 906 109 803 1996 61 1100 60 49 1283 64 38 102 83 623 108 448 3137 87 69 1241 52 1377 50 52 254 586 2138 220 299 69 531 82 119 103 1298 190 57 143 251 27 55 34 250 1596 1376 347 168 54 599 1084 1133 603 46 52 681
internal_value=4.94171e-05 -0.00327552 -0.00436253 0.0029984 0.00430155 -0.000652642 0.00545584 0.000813778 0.00209552 0.00122997 0.00101921 0.00561429 0.00154113 0.00610288 0.00178045 0.00122985 -0.00545983 0.00221212 0.00474266 0.00361856 0.00197066 0.000966458 0.00517357 -0.00106677 0.00585885 0.00325709 -0.00102068 0.00118848 0.000924502 0.000224621 0.00385719 0.00586301 0.000910834 -0.00138262 0.00221646 0.00136346 -0.00124526 0.00345181 0.0065961 0.00452042 0.00313049 0.00715835 0.00553524 0.000863136 0.00691186 0.00389634 0.00293421 -0.00398142 0.00407637 0.000782212 -0.000105401 9.45874e-05 0.00398874 0.000778411 -0.00239697 -0.00239968 0.00659293 -0.00106181 0.000791461 0.00634107 0.00256964 0.0015967
internal_weight=1342.68 631.097 519.44 711.587 445.679 118.592 292.546 265.908 153.132 249.88 85.4249 289.659 31.0506 258.608 111.657 105.489 400.848 181.637 52.275 51.7265 37.9258 117.823 51.1994 53.7629 35.3096 20.9925 23.353 129.362 125.848 13.4587 8.57195 17.6571 22.4556 68.243 76.2813 63.627 28.2695 35.3575 236.152 50.3905 40.2137 185.762 80.3727 14.8572 15.1312 37.9973 33.5213 4.73559 28.7857 13.1135 86.9591 44.8502 30.8637 13.0752 8.63964 13.5921 65.5155 49.5663 28.1437 17.7885 26.7034 24.0225
internal_count=100350 75755 69792 24595 11267 9206 6438 13328 4829 10971 4385 6051 1415 4636 5963 5914 60586 6654 1321 1494 1305 4462 1283 4420 367 258 1305 5333 5281 171 102 315 1026 4317 2639 2419 1446 973 3610 921 802 2689 1391 247 442 720 617 82 535 284 3739 2179 723 330 222 682 1144 2642 1509 393 835 783
is_linear=0
shrinkage=0.01


Tree=35
num_leaves=63
num_cat=0
split_feature=26 13 44 36 28 24 21 28 156 31 36 99 25 3 20 80 149 28 36 122 14 14 121 18 121 35 28 24 36 21 36 121 45 143 7 150 0 45 141 0 120 17 102 140 36 142 46 0 120 150 95 46 125 146 40 53 131 74 1 156 89 150
split_gain=125.395 27.2182 24.9707 23.6043 16.35 14.5341 10.382 6.49211 6.63769 6.28553 8.54463 5.94356 5.88182 5.37113 6.70217 5.90167 5.0637 4.78505 4.64946 4.60636 4.06534 3.87323 3.79079 3.75254 3.68358 3.55842 3.52702 3.52113 3.34586 3.39972 4.65768 4.31777 3.71018 3.43115 3.36211 3.29756 3.60024 5.24537 3.07809 3.05499 3.16571 3.04125 2.94955 2.94761 2.87603 2.863 2.85746 2.83095 3.85252 3.76126 2.80508 2.76354 2.67421 2.61831 2.81543 2.748 2.56659 2.5361 2.44584 2.44428 2.75468 2.40751
threshold=0.063205591657648094 0.91717829821899755 -0.63444159383661181 0.87041864665053303 -0.64547792108431967 0.15551656169424338 -0.26769996748416619 4.217276929003245 -0.33189702105923019 -0.6398023011885593 0.69455792514298464 0.77520881943895725 0.21555677351157265 0.27925901724269969 -0.70287518270722416 0.86692186518415182 -0.25283680793653135 0.42639399142591311 0.66557322021693455 -0.47033848622424673 1.5674500084280465 1.6606286216286004 -0.0071451792273830471 -0.37832682518673494 -0.11536920397001448 1.6468080224578319 -0.37444469256535357 -0.36998089750062985 3.1359801007492556 -0.76363896841835255 1.5783824450239619 1.0746149621608925 1.0707109851359886 2.2835508814061294 1.3728408852241618 0.94760820584676042 -0.3094249892283934 0.73806283327781208 -0.47407878129408793 -0.36268805211632443 0.070756400867333133 -0.40662082755349688 1.5097523968032738 -0.37800565082695298 0.81008644757825998 -0.45424439409561718 -1.1493982383135923 -0.33899266776871967 0.71250483418027788 1.8748588476824291 1.35249773185054 1.6996763342762635 -0.87921835330409914 0.64544420436808381 4.3496745928789595 1.6689585212148794 -1.7145490834712918 -0.69774992822378457 0.97249714412784216 -0.32910236174172275 -1.4071805421213981 0.18304358895084966
decision_type=2 2 2 2 2 2 2 2 2 2 2 2 2 2 2 2 2 2 2 2 2 2 2 2 2 2 2 2 2 2 2 2 2 2 2 2 2 2 2 2 2 2 2 2 2 2 2 2 2 2 2 2 2 2 2 2 2 2 2 2 2 2
left_child=2 3 -1 21 -4 -5 12 8 24 11 20 -8 13 14 16 17 -6 25 -10 -17 56 -2 -22 -13 -3 42 -26 43 29 31 34 33 -32 47 -31 39 45 -38 -18 51 -41 58 59 -12 -35 -37 -23 48 -19 -49 -25 -21 -40 -16 55 -55 61 -20 -36 60 -15 -11
right_child=1 7 4 5 6 -7 9 -9 18 10 27 23 -14 15 53 19 38 28 57 35 22 46 -24 50 26 -27 -28 -29 -30 30 32 -33 -34 44 41 36 37 -39 52 40 -42 -43 -44 -45 -46 -47 -48 49 -50 -51 -52 -53 -54 54 -56 -57 -58 -59 -60 -61 -62 -63
leaf_value=-0.0061511077635935905 -0.0055468850524248228 -0.00047441682763442624 -0.0059872718524578063 0.0027419642509310884 -0.0089899700649333399 -0.0050319215037521797 -8.1351520237742209e-05 0.0117881504540548 -0.0042975577142245419 -0.0066757013826195489 -0.0016529646207285459 0.010091745139811311 -0.0057184395675599423 -0.0080131444633920954 0.0072054092606611587 0.0095303066824514032 0.0054114273062370105 0.0065845338574085279 0.0082820000083430028 0.013076888734570394 0.008488941143099251 0.011527601012284365 0.00024419657586730102 0.004947758312068725 -0.0010633237869471469 -0.0091315195758579198 0.0066049163674556342 0.0029007839585342577 -0.0025575505086907475 0.0017864732566125361 0.0035945842234395503 0.013113868284495621 0.014074034687164916 0.0062202150130532567 0.0058664714311180864 -0.017807838173564218 -0.0062223301902826645 0.0047451638503076916 0.011113799847014242 0.0063948717013090697 0.0010854423552941726 0.010947205883703624 -0.010665702917784041 0.012057326817765661 -0.0074698021317017166 -0.0026280367800304094 -0.0022588767286257096 0.010501432524005172 -0.0096406271706030531 0.0009258808400774937 -0.0094826204368289521 0.0018985890097960982 -0.0032321511015982744 0.0018079354413459297 0.011512451282757519 0.0076555326551259097 -0.0021024002189840127 -1.6536724722512215e-05 -0.0066166789210362646 0.005666607102699635 0.003882684295301956 0.010104312682661766
leaf_weight=28.955871541751549 379.18987494939938 18.817245861282572 18.323047245736234 68.369398157810792 6.4996494795195785 37.087353546055965 19.431204285938293 5.4091880721971384 32.198680165223777 1.1426837490871538 1.9249432855285693 17.895779474638402 5.5273497633170328 2.9188859076239169 22.4569363782648 10.983897014521061 9.4284386034123635 7.4630453472491336 4.3553877370432046 6.4229911728762072 8.0345603292807954 1.6093213851563657 18.267108615022153 26.57561174500734 7.5792986378073683 1.9981965362094332 28.312058091396466 47.896057520760223 3.3131787395104757 25.699087718734518 5.1243541692383578 18.993074578698725 10.124241239391266 3.7720216140151015 6.6763020823709684 1.4623055607080448 5.6331753898412016 19.115054483292624 1.423737633507703 18.054204273037612 29.849884431343526 10.50535980099812 1.256530450657009 8.1159905986860377 2.5704355966299772 8.1746584961656463 20.750838788459077 39.576820312533528 1.8064481373876331 4.6044006359297773 1.4054217217490066 3.4105753372423351 13.67091141967102 51.956056485651061 3.8687317119911304 9.521817051805554 83.684239497641101 23.395502062514424 2.0355447134934366 46.258133036084473 5.7931145126931352 3.2581301489844918
leaf_count=4594 59927 744 2621 2068 526 5798 772 32 3734 28 40 211 625 78 544 199 204 112 158 85 141 24 291 524 317 144 494 1325 123 560 108 141 70 47 108 21 319 396 31 415 671 142 47 90 42 182 1259 515 38 118 37 44 439 1309 37 119 4364 990 31 847 89 61
internal_value=7.28592e-05 -0.00318871 0.00294208 -0.00420259 0.0033273 6.85424e-06 0.00358396 0.00109174 0.000585266 0.00190708 0.000905023 0.00454907 0.0045148 0.00464907 0.00284449 0.00535493 -0.00114816 0.00635542 -0.00171201 0.0034081 -0.000679028 -0.00530832 0.00276885 0.00651206 0.0031043 0.00393577 0.00498296 0.00403376 0.00734467 0.00758167 0.00578511 0.00895143 0.0105636 0.0076256 0.00415865 0.0026761 0.000221242 0.00224321 0.000928987 0.00413605 0.00308948 0.00732317 0.00440348 0.00941995 0.000653235 -0.00495785 -0.00125745 0.00845079 0.0034048 0.0095062 0.00421625 0.00921595 -0.00186595 0.00425629 0.00324032 0.00271635 -0.00170988 0.0012848 0.00293404 0.00475163 -9.60702e-05 0.00571941
internal_weight=1339.93 627.074 712.86 507.007 683.904 105.457 665.581 120.067 114.658 237.632 172.324 65.308 427.95 422.422 118.826 303.596 31.0227 200.489 59.9496 103.107 114.387 401.55 26.3017 45.8768 54.7086 58.2249 35.8914 57.937 142.264 138.951 60.1649 78.7862 15.2486 59.7932 44.9163 92.1228 34.3852 24.7482 24.5231 57.7377 47.9041 19.2172 56.2267 10.0409 6.34246 9.63696 22.3602 53.4507 9.26949 44.1812 27.981 9.83357 15.0946 87.8035 65.3466 61.4779 88.0851 27.7509 8.71185 54.9701 8.712 4.40081
internal_count=100170 75545 24625 69076 20031 7866 17410 6469 6437 7884 6340 1544 9526 8901 3209 5692 1200 3360 4882 2332 4885 61210 432 772 1555 1205 811 1455 2155 2032 1019 1013 178 872 841 2133 918 715 674 1215 1086 281 1061 130 89 203 1283 783 150 633 561 129 470 2009 1465 1428 4453 1148 139 1014 167 89
is_linear=0
shrinkage=0.01


Tree=36
num_leaves=63
num_cat=0
split_feature=26 13 36 22 33 48 149 147 155 15 49 79 0 99 39 138 121 52 142 80 100 140 119 149 21 14 152 73 73 36 32 97 21 122 140 108 65 36 103 79 122 97 36 17 60 111 76 113 22 135 124 149 13 46 14 119 0 17 145 82 117 152
split_gain=124.86 26.6655 22.8807 20.154 20.0977 13.1821 11.1334 8.40866 8.31366 6.94463 6.6936 6.60316 5.88039 5.81518 5.2672 6.00449 5.21132 4.93808 4.75102 4.73107 5.31915 4.63981 4.90686 4.48334 4.18423 4.06796 4.02698 3.97629 3.95005 3.58007 3.52411 3.75525 3.49303 3.44873 3.40205 3.25959 3.25223 3.19467 3.1727 3.15841 3.08384 3.05804 3.04911 3.0334 3.0325 2.86465 2.83803 3.28522 2.803 2.74385 3.4861 2.69734 2.6759 2.675 2.62092 2.59245 2.58314 2.9669 2.47673 2.47623 2.46495 3.04424
threshold=0.063205591657648094 0.91717829821899755 0.87041864665053303 -0.19311594071189422 0.39510170117292231 0.1019387215754409 -0.27645768160615419 0.34745731637642435 0.02950940209477319 -1.0413186014293643 0.56325093741331533 -0.52642300384135587 -0.33719287608540321 0.88392994464174801 1.0000000180025095e-35 -0.049477560085210891 -0.0071451792273830471 1.0881308769214519 -0.21477176170697512 0.84642147348048169 0.75505925036076071 -0.41030754855502755 1.0000000180025095e-35 0.079655646472650984 0.061655961464964527 1.6606286216286004 1.1224743263552559 1.2687781292428697 0.86386363962201862 1.6810953824986468 1.7564967476022588 2.0389680088387832 -0.17906936814804841 -0.19320531368865468 -0.4882816903904223 0.82462823837763766 -0.73719062577798 3.1359801007492556 -1.747820316154155 -0.66765857610379042 -0.60458342182829949 1.6337729507514851 1.6297417186092107 -0.96872824740447949 -0.081587873318148249 -1.4845908502053164 1.7013344994205488 -1.223909899985262 -0.38121043669058596 -0.088060804503676496 2.3992556378543051 -0.59006592884555553 1.5122522045513953 -1.1493982383135923 0.85171882147219347 -0.73818180063383465 -0.11201363442927188 -0.724587411309077 1.664251276852186 1.0000000180025095e-35 -0.71027746045036511 0.14545141635525918
decision_type=2 2 2 2 2 2 2 2 2 2 2 2 2 2 2 2 2 2 2 2 2 2 2 2 2 2 2 2 2 2 2 2 2 2 2 2 2 2 2 2 2 2 2 2 2 2 2 2 2 2 2 2 2 2 2 2 2 2 2 2 2 2
left_child=3 2 25 4 6 -4 18 10 14 21 -8 34 16 30 15 24 27 23 -1 20 38 22 -5 43 51 -2 -10 -9 55 -21 -11 -32 39 59 44 -13 -35 48 -17 -12 -30 -23 45 -14 -3 -28 47 -42 -22 -41 -51 -6 54 -27 -36 -15 57 -40 -43 -31 61 -53
right_child=1 11 5 9 8 -7 7 12 26 13 32 35 17 28 -16 19 -18 -19 -20 29 37 41 -24 -25 -26 53 42 -29 40 33 31 -33 -34 36 52 -37 -38 -39 56 49 46 58 -44 -45 -46 -47 -48 -49 -50 50 -52 60 -54 -55 -56 -57 -58 -59 -60 -61 -62 -63
leaf_value=-0.007161225349135554 -0.005525633923915395 -0.0050601137579685748 -0.0047807306581959278 0.007726568071460215 -0.00013484170941850795 0.0026078231675785313 -0.0074786953225034368 -0.0057709350433577909 -8.4171735801374082e-06 -0.0040406653809462725 0.011641565161870765 -0.0027113732091208795 -0.0073976006834522313 -0.005068885144948073 -0.012197113339772197 0.011350287511325378 0.0077477941536784412 -0.0016725125855087811 0.0052445376334813226 0.0009522851315468256 0.0094058871951089168 0.0031676042918893973 -0.0082927549633310498 0.010544548292781585 -9.0771160898181577e-06 0.011220270535124963 0.0077957920864607537 0.011927740160235694 -0.01337752307456035 -0.0024652879952409119 0.0026101220330929605 -0.011924790809945802 -0.0073340690739709296 0.005121292397037347 0.013623233239174491 0.0017256151084312043 -0.0083379934179240046 -0.003560285591286641 -0.012071024276317977 0.0078899790455638184 0.010042171601725696 0.012083477068582416 0.00866509500872043 0.0055989408452641895 0.007199688698613118 0.00075971286381187962 -0.0046465219221073807 0.002652896217869623 0.0045549098934300489 -0.0018675073901882363 0.013576238440410105 0.012243207236984391 0.007960617639278092 -0.0021041331605652024 0.0017003356031175761 0.00016531236824683638 0.0048852857520232532 0.0003555200081523151 0.0033528371769232651 0.013142979227581878 0.010570725704533128 0.0064544862843338713
leaf_weight=20.649827103246938 376.63891103269998 6.8978723967447877 37.580162395839579 3.0618419689126295 3.4568846465554079 67.511273176874965 12.008686541114001 10.942506128922107 34.055275353835896 46.054913998348638 3.4023450496606591 41.406859145034105 2.3111551145557314 11.347442819736896 1.516408958705141 2.7301730061881271 5.8224094638135275 5.8668015436269334 3.6123177306726566 36.957884068368003 49.003400606103241 15.975202477537097 5.0439475611783564 24.552105283830315 6.0230933423154047 1.6126269833184803 8.134626124519853 1.4233323005028058 1.1783586659003038 1.1626144046895222 16.938632841920484 1.97456924477592 4.0177773355972013 10.076330204028634 2.0218717565294382 27.549551758449525 2.1701971001457414 2.369302400154992 2.8981261746957898 4.9742334715556451 6.6390291643328956 10.719856875948606 12.910486736334859 7.8728685548994672 2.836366852745412 20.128712067846212 4.7238505745772263 64.876554795308039 15.898028117837383 16.423588392790403 1.5938271647319187 11.144354712916536 18.123911529779434 20.84577021934092 20.43037018016912 56.528731589205563 5.5570565522648367 5.6172257259022444 4.7257711365818968 7.3984936892520636 45.996108001563698 50.795936678536236
leaf_count=2841 59927 444 5789 39 98 2077 1632 474 1621 4121 60 3579 81 583 52 30 138 121 150 875 617 221 68 275 185 24 86 16 45 38 586 55 208 251 44 924 57 106 94 158 65 73 263 179 97 525 188 2040 324 621 18 142 415 1259 966 2500 220 222 39 114 508 602
internal_value=8.672e-05 -0.00318002 -0.0041859 0.00295032 0.00418879 -3.35381e-05 0.000772759 0.00223194 0.00546408 0.000661821 -0.0011593 0.00107139 0.00468036 -6.07249e-05 0.00630921 0.00641831 -3.96455e-05 0.00679665 -0.00530865 0.00503111 0.00654587 0.00450698 -0.00222731 0.00823001 0.00809262 -0.00527903 0.00253278 -0.00371771 0.00105084 0.00282402 -0.00254794 0.00108187 0.00133439 0.00614169 0.00382612 -0.000937259 0.00272317 0.00780317 0.00150452 0.00266 0.00259487 0.00624759 0.00463655 0.00263534 -0.00147386 0.00279038 0.00284477 0.00334157 0.00822003 0.00132206 -0.000489028 0.00853154 0.0051001 -0.00113835 0.00278406 -0.000708878 -0.000405244 -0.00387122 0.0094226 0.0110113 0.00881001 0.00749942
internal_weight=1334.72 623.456 504.189 711.263 461.474 105.091 125.474 101.212 336.001 249.789 42.4205 119.267 58.7912 210.262 260.772 259.255 18.1882 40.6029 24.2621 141.839 84.0733 39.5266 8.10579 34.7361 117.416 399.097 75.2291 12.3658 145.294 57.7655 64.9681 18.9132 30.4118 20.8076 50.3104 68.9564 12.2465 67.2707 16.8026 26.394 77.4178 31.4208 41.1738 10.184 9.73424 28.2633 76.2394 71.5156 64.9014 22.9916 18.0174 111.393 40.5762 22.4584 22.4522 67.8762 14.0724 8.51535 15.4456 8.56111 107.936 61.9403
internal_count=100170 75545 69076 24625 14002 7866 6972 3981 7030 10623 2697 6469 1284 10183 4535 4483 628 656 2991 2948 1613 440 107 535 1535 61210 2495 490 5421 1335 4762 641 1065 460 1966 4503 308 1047 566 857 2338 333 874 260 541 611 2293 2105 941 797 639 1350 1425 1283 1010 3083 536 316 112 152 1252 744
is_linear=0
shrinkage=0.01


Tree=37
num_leaves=63
num_cat=0
split_feature=21 44 13 22 149 100 153 138 36 136 140 147 149 28 156 44 52 156 149 56 142 141 30 30 152 79 141 29 69 5 74 112 22 85 126 52 120 29 144 36 59 123 42 145 0 54 62 56 15 28 8 88 21 36 103 32 97 126 24 99 72 29
split_gain=110.66 35.7828 30.1931 18.4392 18.2502 12.5897 9.52969 7.4135 6.4672 7.892 6.90848 6.214 7.74852 6.11005 6.76622 6.01327 5.2767 5.09076 4.68722 4.55398 4.37935 5.08218 4.36803 3.93816 4.14897 3.89752 4.29239 3.69944 3.613 3.86286 3.42633 3.38556 6.71807 3.30986 3.30194 3.29589 3.27691 3.22175 3.21378 3.11702 3.09988 3.01776 2.99125 2.94129 3.7552 2.9343 3.13409 2.8524 2.77656 2.90705 2.69287 2.66849 2.88904 2.63696 2.59046 2.5146 2.69462 2.49433 2.49002 3.15244 2.47938 2.45577
threshold=-0.0042992768813354858 -0.63444159383661181 0.91717829821899755 -0.19311594071189422 -0.59006592884555553 0.67273357301230641 0.36924744549714666 -0.049477560085210891 1.6810953824986468 3.3957118002253686 0.5024679260527779 0.35334482598367506 0.079655646472650984 4.217276929003245 -0.33189702105923019 0.81072008574654164 1.2068786768329283 -0.33410990576245253 1.1961403338199574 0.58323805293278774 -0.38718823048687367 -0.47407878129408793 -0.071113559450209099 1.8490718170115574 1.9077148159478476 0.61597091694141215 0.76210823518600279 -0.53045610090851281 1.1132465719068281 0.035794786510070495 1.3097351431005269 -0.3266808448476281 -0.018326831790998976 -0.22483211094310576 -0.071591250030650241 1.1400934971593499 1.7173209095259663 3.4985203487582881 1.4640838016056708 0.7088800059538396 0.37670524095324553 1.9153859264461752 -1.4018956794202684 0.93546950908089188 -0.33023610989195668 0.74169317897167242 -0.87309063002232745 0.11296541294257163 -1.0176412661036807 -0.274997368985403 0.8657963820074247 -1.0000000180025095e-35 -0.14327265193303021 0.26736542554934978 -1.0518811733878939 0.019319924394849145 -0.2753867023353565 0.076058075148253371 -0.075310597425615966 0.728989421335414 0.39238754434553053 -0.16945172815967804
decision_type=2 2 2 2 2 2 2 2 2 2 2 2 2 2 2 2 2 2 2 2 2 2 2 2 2 2 2 2 2 2 2 2 2 2 2 2 2 2 2 2 2 2 2 2 2 2 2 2 2 2 2 2 2 2 2 2 2 2 2 2 2 2
left_child=1 -1 5 4 57 48 11 28 9 22 38 18 20 14 27 -7 42 40 33 -16 21 -13 -9 43 -25 26 39 55 29 34 47 41 -33 45 35 -8 50 -12 -11 54 60 -19 -14 -10 -45 -6 -47 -29 49 -2 -27 52 -35 -43 -24 56 -4 -3 59 -50 -5 -21
right_child=2 3 13 17 6 15 7 8 23 10 37 12 16 -15 19 -17 -18 31 -20 61 -22 -23 25 24 -26 36 -28 30 -30 -31 -32 32 -34 51 -36 -37 -38 -39 -40 -41 -42 53 -44 44 -46 46 -48 -49 58 -51 -52 -53 -54 -55 -56 -57 -58 -59 -60 -61 -62 -63
leaf_value=-0.0059871409919397944 -0.0046495698009759211 -0.0070161652942151188 -0.01001733691707535 0.0034987005569326358 -0.0089978754716505249 -0.0022586646730881304 0.0042550330140701618 -0.0068014875729163629 0.0046514097204177389 0.0021646428394398835 -0.01485521655057662 0.0025561983497690566 0.00070562290179716129 0.011875677749280375 -0.0039478446574566584 0.0040895857440963754 -0.0010156798870211328 0.00090145605101546802 -0.0094918499990385395 -0.0016239570049977007 0.0062682748593214169 -0.0073668592207677651 0.0050933327342213919 -0.0047120011247908612 0.0061228812223259209 -0.00081646735800787321 -0.003922612949118655 0.0022306988893452148 0.0095507203718459572 0.0086395133110387986 -0.0073968333522176355 0.0019588832821672104 -0.0038146028320638924 0.0082281456414389029 0.005232915673736801 -0.010181671247912112 -0.0070353416114855008 0.0051673984328722026 0.011721993275851916 0.0086419281079966707 0.0054021553778933404 0.0094398469564903175 0.0099614630788265168 -0.00057559245233931801 0.010939695965207503 -0.0049184600881077688 0.0071378169214987913 0.0075803970825799039 -0.0036025377783396109 0.0028861554355653911 0.0037997825642080802 -0.00013494242564020503 -0.0024731062469559128 -0.00053637256196627323 -0.0045221877573129819 -0.0045443478728774229 0.0076625292790810651 0.0031353385445315159 -0.005507478349556688 0.0069862432401391955 -0.011051505391492786 0.0040942272209371858
leaf_weight=44.650152458809316 12.289774759672584 15.221156371058898 1.0627289880067108 2.4966374004725358 5.4330906465183935 61.290148958563805 3.2245057285763314 5.4200904699973753 14.843466650461776 4.3572872597724261 1.7402121019549661 11.145285338163378 3.9914980765897772 5.13623824995011 34.520215058000758 19.705666430294514 6.4402172702830276 107.32733968296088 4.944235792849212 14.290291631594302 9.1664438981097174 9.5827689555007982 10.372781708836552 5.0817141614388701 11.50008420459926 25.399604828795418 4.8723105415701857 17.201379511971027 56.472505048383027 30.827191977994516 2.2088265097700051 36.681182363536209 44.673918747808784 10.97833603620529 27.461336118867621 3.0753330758307129 4.9572288771159938 1.4689425295218823 18.987094426527619 19.957152867689729 33.632284733932465 8.1010865995194745 29.339636261109263 3.077735456172376 33.106548862764612 4.9178040726110339 3.8220729283057135 23.937242049491033 27.382424628129233 8.7443520575761777 25.078189007239416 16.409640040714297 3.252557538682594 3.9060027373488984 3.818359961034731 8.6631781952455622 4.3257010958623132 2.8569227238185695 332.97462275275029 3.1183355017565182 2.1790156005881727 15.773707652697338
leaf_count=7153 1027 2356 36 66 549 6064 78 181 245 64 28 312 73 27 3485 643 137 4123 316 813 364 679 185 322 241 768 104 574 588 383 77 1386 3733 333 402 115 133 17 122 344 347 143 403 54 388 132 92 400 2854 251 518 857 183 132 190 338 107 98 53248 119 67 603
internal_value=9.85404e-05 0.00268759 -0.0031178 0.00324786 0.00443445 -0.00429735 0.00484418 0.00575612 0.00454287 0.00320595 0.00805164 0.0024369 0.00436456 0.00120088 0.000749651 -0.000712635 0.0072556 0.00100025 -0.000260338 -0.0014695 0.00051387 -0.00202784 0.00191597 0.00704057 0.00279552 0.00241793 0.00483912 0.00324815 0.00769938 0.0060779 0.00469379 0.00036198 -0.00121032 0.000757827 0.00373408 -0.00278152 0.000711288 -0.00567152 0.00994406 0.00609296 0.0043405 0.00143473 0.00885659 0.00841725 0.00995759 -0.00323351 0.000344625 0.00534703 -0.00505216 -0.00151217 0.00147528 0.00260776 0.00577527 0.00618844 0.00249771 -0.00120451 0.00414501 -0.00540552 -0.0052567 -0.00251475 -0.00326997 0.00137325
internal_weight=1328.87 736.249 592.625 691.599 452.601 465.505 434.523 315.1 194.039 126.429 26.5535 119.424 69.6658 127.12 121.983 80.9958 39.7714 238.997 49.7577 64.5842 29.8945 20.7281 99.8757 67.6095 16.5818 94.4556 39.0206 57.3991 121.061 64.5884 43.3474 200.69 81.3551 44.8135 33.7612 6.29984 55.435 3.20915 23.3444 34.1483 38.3079 119.334 33.3311 51.0278 36.1843 14.173 8.73988 41.1386 384.51 21.0341 50.4778 30.6405 14.2309 12.0071 14.1911 14.0516 5.38843 18.0781 363.475 30.5008 4.67565 30.064
internal_count=100170 29504 70666 22351 12354 64206 9900 5470 3904 2654 231 4430 1968 6460 6433 6707 613 9997 2462 4901 1355 991 2423 1250 563 2242 823 1532 1566 978 1051 9517 5119 2146 595 193 1419 45 186 719 480 4398 476 687 442 773 224 974 57499 1278 1286 1373 516 275 375 481 143 2454 56221 2973 133 1416
is_linear=0
shrinkage=0.01


Tree=38
num_leaves=63
num_cat=0
split_feature=26 13 44 100 22 28 24 16 22 33 79 15 25 23 149 107 0 98 138 100 80 121 73 56 44 97 46 98 16 79 70 1 136 15 98 79 5 1 86 11 119 77 13 98 91 81 120 124 75 53 28 45 127 64 10 16 98 120 145 149 123 119
split_gain=121.399 24.7159 23.567 19.2368 18.8041 19.2789 8.7427 7.29653 7.13615 7.10266 6.44994 5.79984 4.87684 4.75975 5.63435 4.66092 4.24733 5.05708 4.2045 4.7157 4.84685 4.13274 3.73047 3.68091 3.42902 4.4212 3.42177 3.41739 3.40746 3.3923 5.20565 3.5978 3.30173 3.26272 3.14714 3.48402 4.13026 3.05183 2.96273 3.12133 2.93995 2.91676 2.90907 2.86471 2.83625 3.08587 2.81052 3.14127 2.74016 2.62941 2.51637 2.48238 2.45235 2.87962 2.44036 2.43898 2.40292 2.30775 2.8391 2.28937 2.28271 2.84441
threshold=0.063205591657648094 0.91717829821899755 -0.63444159383661181 0.65551565209543805 -0.19311594071189422 -0.6005049489560389 0.15551656169424338 -0.28561845379296197 0.035013444531663822 0.47515804112857191 -0.52642300384135587 -1.0413186014293643 0.22846856009130906 -0.071631475441008299 0.079655646472650984 1.0434115343095931 -0.35735250861196582 -0.18848128579997339 -0.076465712727995502 0.75505925036076071 0.82505368625315367 0.033830314368684972 1.3772493834250701 0.38556198873175707 1.6218861647090603 2.0389680088387832 1.4511744227962853 1.2383709671077858 -1.1693084257358823 0.52161140941731576 0.77727397499667894 -0.039193959334000043 4.3118245474930834 -1.0176412661036807 1.5771072964808162 1.049938270668525 2.7816348114457932 -0.21685741724625809 0.34046203861784641 0.24228267115717153 1.1068358850409006 1.089868400425223 0.99850553708849932 1.9514859524199741 0.32529729058563867 1.5268279444671322 0.034763989135199243 -0.45173765780970493 -0.33378197435777979 0.8540976494809005 -0.274997368985403 0.59720737539156932 0.21427253863010318 -0.70541560790459301 -1.2760205253499557 -3.0467200863920234 0.52419947381411081 0.044070775951470298 1.4763428118507336 1.4406109110507901 1.7560903253913887 -0.28586602514624326
decision_type=2 2 2 2 2 2 2 2 2 2 2 2 2 2 2 2 2 2 2 2 2 2 2 2 2 2 2 2 2 2 2 2 2 2 2 2 2 2 2 2 2 2 2 2 2 2 2 2 2 2 2 2 2 2 2 2 2 2 2 2 2 2
left_child=2 3 -1 33 5 -4 8 9 -5 12 28 29 13 21 42 24 17 22 27 40 49 46 -9 -12 -13 -26 -22 59 37 38 31 -31 -17 50 44 -36 -37 48 -6 -40 43 -33 -15 57 45 -28 47 -7 -3 56 -2 -51 -23 -54 -25 -49 -21 58 -20 -11 61 -32
right_child=1 10 4 6 11 7 -8 16 -10 18 23 15 -14 14 -16 32 -18 -19 19 20 26 52 -24 54 25 -27 34 -29 -30 30 60 41 -34 -35 35 36 -38 -39 39 -41 -42 -43 -44 -45 -46 -47 -48 55 -50 51 -52 -53 53 -55 -56 -57 -58 -59 -60 -61 -62 -63
leaf_value=-0.0059571709068765568 -0.0042628970880614833 0.0046875962507527871 -0.005787592346079823 0.0025499031186954524 0.012396674161063125 -0.012356241223114796 -0.005085372616745968 -0.0082100726749493435 -0.0043655623991227088 0.0079957595729444209 -0.0040517314327159111 -0.0039190775819336323 -0.010609606419797111 0.0049844256335208866 0.0098113211756144861 0.00090026688188332086 0.0019607994936839475 0.0071773087774316046 0.0017318363671295755 0.013662733273100358 0.0067648375286624854 0.010303460048110035 0.01154999180841404 0.0041560313532206152 0.0027231711783406642 -0.012448376373894622 -0.0085957189640303664 0.012694267018659436 0.00058670593513294696 -0.013962208856045513 0.011590001409621433 0.0046710562268107419 0.0070734266969990061 -0.0054323089817425044 0.0081773990068432396 0.003917734352678625 -0.012847147170301101 0.0083430108877629982 -0.00070432231710520728 0.01043562990501779 -0.0095985604705314496 -0.012498603486767878 -0.0054617133581496471 0.014612096658893667 0.0075425128080941189 0.0046750956110855404 -0.0061088441178098699 -0.0093491929502294412 -0.0065975179272346127 0.002122437102427615 0.0027599505825620001 0.009287562572499887 0.0056107836335521659 -0.0094667444488465598 -0.00091365825740410652 0.0034795784245513317 -0.0012052077295284865 0.0061202580945956932 -0.01078314514539434 -0.0029114754153261257 0.012995802120461976 -0.00010612285772660296
leaf_weight=28.557973348069936 12.393749327631669 8.0641950564458984 17.389244790654629 68.156687382841483 7.7632467625662711 1.5759624678175921 31.839492239058018 3.919294885126873 19.086877337656915 38.382557692239061 25.414771195035428 36.555235522333533 2.4637929885648182 6.8645789772272128 19.808804796077311 128.81469525839202 99.260438302764669 35.063774902606383 5.7181662719231117 1.377270552329718 29.65431388001889 6.5710348535794747 1.2498158137314019 14.104484007228164 18.690899529028687 2.1294807228259733 6.2808732087723929 18.142747230827808 20.946739243809134 2.6945834713988006 2.9141197223216295 3.8507921430282321 9.2873598919250053 358.84698131470941 10.558555354829879 5.1669119824655345 2.0408986434340477 18.524441351881251 5.7200610386207682 4.4561372585594654 2.2386229049880049 1.3200250053778289 4.3402020926587284 1.7597606610506762 2.305254742037504 2.4105739535298198 7.3762691423762581 1.6160960032139033 2.9187864845152935 5.2670036465860894 8.6422584473621082 65.624775340314955 4.7823416949249804 1.7093875915743408 28.948439891450107 16.397546319989488 4.9774914239533246 5.4940631710924199 2.6364658738020808 2.0071997691411516 3.2020346075296393 7.1385619756765646
leaf_count=4594 1059 369 2502 2540 58 47 5054 291 2287 478 2567 3083 298 205 252 4319 3023 614 201 27 510 112 15 333 516 70 161 121 983 48 35 56 104 57878 131 112 42 432 58 28 74 25 159 15 58 52 188 54 182 141 258 679 142 60 1603 381 108 151 69 41 20 97
internal_value=0.000104228 -0.00313206 0.00293866 -0.00410848 0.00331416 0.00452766 -0.000600511 0.00495004 0.00103549 0.00586621 0.000963931 0.00102448 0.00318432 0.00366554 0.00660642 0.000320897 0.00307359 0.00581535 0.00679523 0.00592304 0.00655886 0.00138341 -0.00339999 -0.00103409 -0.00207385 0.00116141 0.00438041 0.00907956 0.00367695 0.00454208 0.00181842 -0.00461582 0.00131662 -0.00520783 0.00191712 0.00452043 -0.000826626 0.00586633 0.00774027 0.00416948 0.00108336 0.000252957 0.000927907 0.00262697 -0.00228 -0.00490242 -0.000849998 0.00112717 0.00167615 0.00820423 -0.001373 0.008757 0.00599867 0.00161677 0.00074547 0.00231855 0.00201782 0.00108735 -0.00221372 0.00745065 0.00564467 0.00328262
internal_weight=1323.42 617.888 705.527 498.966 676.969 442.432 119.083 425.043 87.2436 285.55 118.922 234.537 73.506 71.0422 31.0136 195.478 139.493 40.2329 212.044 153.511 135.664 40.0286 5.16911 68.4677 57.3756 20.8204 58.4174 58.5325 50.4542 39.0596 21.1201 7.8654 138.102 379.883 28.7631 17.7664 7.20781 29.5074 17.9394 10.1762 17.8471 5.17082 11.2048 15.6085 10.9967 8.69145 26.9659 19.5896 10.983 77.2465 21.036 70.8918 13.0628 6.49173 43.0529 18.0136 6.35476 13.8487 8.35463 40.3898 13.2547 10.0527
internal_count=100170 75545 24625 69076 20031 11514 9881 9012 4827 5069 6469 8517 1898 1600 616 8092 3943 920 3171 2531 2021 984 306 4503 3669 586 1066 640 1966 425 281 129 4423 59195 556 285 154 983 144 86 510 81 364 436 271 213 670 482 551 955 1317 820 314 202 1936 435 135 421 270 519 152 132
is_linear=0
shrinkage=0.01


Tree=39
num_leaves=63
num_cat=0
split_feature=26 13 44 36 22 144 24 16 33 15 33 17 56 20 52 20 81 107 138 31 80 14 44 105 78 14 11 56 14 136 30 45 35 81 14 34 105 18 148 126 68 122 76 80 3 21 46 56 21 148 145 78 108 115 1 36 150 22 127 30 148 7
split_gain=120.521 23.4276 23.4015 21.2661 18.9294 16.1965 13.6208 8.59157 7.30761 6.2638 5.85914 4.81659 4.6396 4.51288 4.67651 4.4652 4.41006 4.23188 4.13813 5.06535 3.99635 3.78834 3.56324 3.70431 3.5329 3.47643 3.39049 3.31585 3.75735 3.31461 3.09922 3.10396 3.68806 3.12734 3.07978 2.78811 2.76929 4.65585 2.76207 2.74334 3.00823 2.70599 2.67097 2.59161 2.59094 2.54606 2.53351 2.50591 2.39718 2.28971 2.4422 2.24888 2.23651 2.22751 2.97869 2.2079 3.68699 2.5944 2.70727 2.1888 2.18145 2.17517
threshold=0.063205591657648094 0.91717829821899755 -0.63444159383661181 0.87041864665053303 -0.19311594071189422 -1.7046060711486357 0.15551656169424338 -0.28561845379296197 0.47515804112857191 -1.0413186014293643 -3.1268660678800937 -0.018087154933034491 0.38556198873175707 0.32952266149342019 0.88949391942176081 -0.6375198223134616 -0.34340362884928816 1.0434115343095931 -0.051562854862313788 0.21085172506803021 0.83527417683497152 1.6606286216286004 1.6218861647090603 2.1192012137804017 -0.58793383553286849 1.6387899208669985 -0.82044088981351482 -0.49422552062347047 1.7267296891119301 4.3118245474930834 -0.016453353665006405 1.0707109851359886 1.2402206234045774 0.1276326791780725 1.0971957130800514 -0.39675735554225194 1.686439729346435 -1.4860393656936377 -0.41136600692183378 -0.53946319277500043 -0.77162841643349978 -0.31621943237346783 1.3865421615357549 0.85712515427551483 0.35134264931495102 -0.14327265193303021 -1.1493982383135923 1.5234646817154907 0.14548348485272247 -0.41827846006689401 1.6862350249806575 0.32116704532038481 0.79669262848812916 -0.33085705267475335 -0.11994322483452896 1.6810953824986468 0.057539840554078098 -0.53317167604930904 0.2550615920971071 1.9252456780827776 -0.3127620472085772 -1.0289363860007417
decision_type=2 2 2 2 2 2 2 2 2 2 2 2 2 2 2 2 2 2 2 2 2 2 2 2 2 2 2 2 2 2 2 2 2 2 2 2 2 2 2 2 2 2 2 2 2 2 2 2 2 2 2 2 2 2 2 2 2 2 2 2 2 2
left_child=2 3 -1 21 5 -4 52 8 13 36 -3 55 16 14 34 60 27 22 48 26 24 -2 -11 -24 47 35 -20 28 -12 -19 -26 32 -32 -34 -7 -14 53 -38 -29 40 -13 -22 -31 -37 -36 -17 -23 -21 -10 50 -41 -28 -5 -6 -55 56 -9 58 -58 -57 -16 -33
right_child=1 10 4 6 9 7 -8 11 18 17 12 39 25 -15 15 45 -18 29 19 20 41 46 23 -25 30 -27 51 38 -30 42 31 61 33 -35 44 43 37 -39 -40 49 -42 -43 -44 -45 -46 -47 -48 -49 -50 -51 -52 -53 -54 54 -56 59 57 -59 -60 -61 -62 -63
leaf_value=-0.005968350273258277 -0.0053777308349480073 0.01017312723381732 -0.005567501702866494 -0.0033449230868940012 -0.001584686523322595 0.0089772390073998426 -0.0050361095787377786 0.002263278696366707 0.0090673987711485521 -0.0039432236325421758 -0.004655781208897077 0.0060511080129553732 0.0037247951398997133 -0.0090927957188245978 -0.0094042510933098952 0.0044017005647046708 -0.0050620372062022325 0.00079755755335306059 -0.0094290900480389767 0.0095808492142621712 0.0090511901833113459 0.01066273146566994 0.0025961617737183052 -0.012264580590780845 -0.0031247381545640531 0.0052370775938845949 0.0076730701801165672 0.0097914149556168877 0.011758683065606037 0.0097663608289078815 0.0095462943617787809 0.0026168558178838704 -0.015755766496016267 0.0025968815476376016 -0.0037458678057527249 0.00012384836813571378 -0.0014844054179385579 0.010158523521931509 0.0006866527232781398 0.0094213781927744381 -0.003731311244868338 0.0032057247665032767 -0.00288663826988437 -0.0075261651943889733 0.0057416503486610237 -0.0056644036514293793 -0.0020818393353612343 -0.0089914752624198988 -0.00024555334102334707 0.0040295228332562069 -0.0010923822132784028 0.000875600508103771 0.0031379812602932364 -0.0042822185912872127 0.0082672712831012053 0.0079920019069755193 -0.00035816992353668314 0.00079939193483377039 -0.0097820505580951175 -0.002543103009714563 -0.00024147441241731827 0.011022037060965674
leaf_weight=28.266190787428059 370.1965594321955 6.3987512383610001 15.318531029624863 5.7968516647815695 9.0413466263562459 19.593786087818444 35.824482546886429 41.074090821668506 72.499889716040343 35.716601103078574 11.837630659807473 5.7190569608937949 14.76435580709949 2.8641863411758086 4.5627081403508782 25.488768917741254 23.535387241281569 128.37592159886844 2.4346793380100307 1.141975429374724 10.138702358352019 1.6778029380366231 18.836247722152624 1.829933977453037 2.0775552573613814 23.295610963832587 7.0083883565384921 5.4501266912557176 1.5683298029471195 7.376207772176711 7.1553537945728731 3.352946863975375 1.1726054460741577 4.294891260098666 4.2049719213973722 17.25494124903344 4.4750712704844799 14.529336088802664 8.6201299999374879 20.162642562063411 6.9487430525477958 36.714227487333119 2.1356851016171277 5.9358142125420263 9.01562806451693 2.7705339964013573 20.338250155327842 1.9489988596178589 2.8512027999386182 29.430564374197278 2.4600255182012907 16.025657946011052 62.15490894461982 2.4810752593912184 7.7623488930985314 7.9398881248198432 5.3014427158050257 11.230592577252535 7.2382799459155649 2.6001767325215042 6.0726532649714482 43.924942080397159
leaf_count=4594 59927 59 2483 433 155 360 5798 1126 732 3083 1037 141 553 340 188 521 2320 4319 79 21 165 24 516 70 38 483 128 149 23 72 97 54 27 161 160 980 42 107 462 337 272 760 32 403 168 102 1259 33 83 829 36 355 1635 37 84 153 220 359 276 121 169 420
internal_value=0.000116959 -0.00311796 0.0029432 -0.0040729 0.00331644 0.00452991 -4.64178e-05 0.00489216 0.00588255 0.00100575 0.000872753 0.00286015 0.000340899 0.00318574 0.00367876 0.00132931 -0.00188548 0.000276516 0.00682721 0.0057913 0.00670752 -0.00513799 -0.00203069 0.00127015 0.00831296 0.00219674 0.00175999 0.000832685 -0.00272071 0.00122074 0.00883358 0.00925046 0.00482464 -0.0013425 0.00645926 0.000327156 0.00470208 0.0074123 0.00422494 0.00486149 0.000678501 0.00447444 0.00691486 -0.00183231 0.00271592 0.00340963 -0.00110166 -0.00208882 0.00871369 0.00587722 0.0082737 0.00295058 0.00258305 0.00202362 0.00521668 0.00114017 0.000448157 -0.00268372 -0.00580933 0.00538362 -0.00418696 0.0104287
internal_weight=1318.22 614.65 703.565 495.989 675.299 442.739 103.776 427.421 287.315 232.56 118.661 140.106 112.262 74.5732 71.7091 38.8947 51.0116 194.271 212.742 137.391 111.922 392.213 56.3828 20.6662 65.0693 61.2507 25.4687 27.4762 13.406 137.888 61.9783 59.9007 12.6229 5.4675 32.8144 37.9551 38.2892 19.0044 14.0703 64.721 12.6678 46.8529 9.51189 23.1908 13.2206 28.2593 22.0161 3.09097 75.3511 52.0532 22.6227 23.034 67.9518 19.2848 10.2434 75.3845 64.8444 23.7703 12.5397 10.5401 10.6354 47.2779
internal_count=100170 75545 24625 69076 20031 11514 7866 9031 5161 8517 6469 3870 6410 2008 1668 980 3991 8092 3153 2338 1776 61210 3669 586 851 2419 562 1671 1060 4423 797 759 285 188 688 1936 425 149 611 1615 413 925 104 1383 328 623 1283 54 815 1202 373 483 2068 276 121 2255 1981 855 496 274 357 474
is_linear=0
shrinkage=0.01


Tree=40
num_leaves=63
num_cat=0
split_feature=26 13 44 36 28 48 36 113 35 36 156 80 56 14 33 144 103 138 131 17 4 98 144 27 33 97 16 121 147 5 52 49 64 145 19 36 143 124 67 103 45 155 30 45 140 157 142 46 72 21 78 14 79 132 75 7 100 99 77 0 142 30
split_gain=122.083 26.6817 23.0753 19.162 15.6979 9.62119 9.25682 13.8066 7.47151 5.53337 6.06445 5.50518 6.64085 5.2425 5.33478 4.78314 4.41924 4.26364 7.71468 3.98086 3.94293 3.96543 3.77566 3.65544 3.58697 3.50598 3.47453 3.24644 3.70222 3.16239 5.60032 3.55459 3.13617 3.13492 3.04762 2.94295 3.12938 2.94157 2.8167 2.80115 3.61513 2.77996 2.77758 3.69111 3.02343 3.01497 2.91752 2.74103 2.72959 2.69853 2.69802 2.68888 2.57642 2.55068 2.54724 2.48552 2.41019 2.40273 2.31873 2.4457 2.79611 2.75391
threshold=0.063205591657648094 0.91717829821899755 -0.63444159383661181 0.87041864665053303 -0.62601298067123701 1.0000000180025095e-35 1.6297417186092107 -1.1657118754063867 1.8502327979308686 0.72472478071337154 -0.33145400987841683 -0.75082604175487921 0.37282229054364552 -0.10941107431358717 0.39510170117292231 1.3693793225979387 -0.64762753791800443 -0.086228127954783448 -0.92826799513520097 1.0507804596734271 -0.023841571828408046 0.66639427237868565 1.600384644750058 5.2872314164320864 1.5823127156564361 0.96646263263892562 -1.4512664637303534 1.0484814317123867 0.28562325246358972 -0.3803673846441708 0.94059346460650983 1.138089457635622 1.0000000180025095e-35 0.46251951914747114 -1.1096158921581492 3.1359801007492556 1.4002684961848517 1.6015089640992046 1.2744528572600886 -1.3712267950830814 0.46965053707485965 0.19626965520314879 1.1364295543355991 0.72217896968799689 -0.087531249000122838 -2.0343806464868055 0.036570558850927998 1.9106553815666036 0.42877651161508762 0.066826367523669897 0.11473944965122211 1.6890037890335103 -0.77986056735159381 -0.01242714065522888 1.5536263757786726 2.5067283168883612 1.1060639477314214 1.5400344860857567 -1.2797932619801877 -0.37104200989229269 1.4179969442596734 -0.10827152613112354
decision_type=2 2 2 2 2 2 2 2 2 2 2 2 2 2 2 2 2 2 2 2 2 2 2 2 2 2 2 2 2 2 2 2 2 2 2 2 2 2 2 2 2 2 2 2 2 2 2 2 2 2 2 2 2 2 2 2 2 2 2 2 2 2
left_child=2 3 -1 -2 -4 -5 7 13 15 10 24 26 -13 27 29 35 -10 20 19 -19 -16 22 33 50 47 -24 52 28 -6 31 32 -15 -31 -22 48 36 -8 55 -21 -20 -41 -29 44 -44 -11 -45 -47 -9 -26 -23 57 -14 -3 -30 -52 -32 -7 -12 -46 -60 61 -61
right_child=1 11 4 5 6 56 8 9 16 42 23 12 51 14 17 -17 -18 18 39 38 21 49 25 -25 34 -27 -28 41 53 30 37 -33 -34 -35 -36 -37 -38 -39 -40 40 -42 -43 43 45 58 46 -48 -49 -50 -51 54 -53 -54 -55 -56 -57 -58 -59 59 60 -62 -63
leaf_value=-0.0058999553364316396 -0.0052437234579244419 0.0084066961484031005 -0.0054775356269164297 -0.0045753971903850056 -0.002638412651886943 0.0013051850144665911 0.0076130061421016961 0.002571940116034135 0.003211704047918559 0.0020997760138337855 0.0036867128202563142 -0.0041866427058252255 0.0002182072413394327 -0.0041143285423269537 -0.00040634091410734363 0.01197232887008471 -0.010426751206973769 0.0091428262508717797 0.0053885571302535341 0.0074887665268725005 -0.0046174487972770531 0.010936222643882436 0.0066274966504021775 0.0091364314261891764 0.011085942015870516 -0.01129530414129315 0.001065729242516685 0.0094069862473866537 0.0017790630613071364 0.0084274762909627658 -2.9216848218278631e-05 0.0069902576941857433 -0.0071371155192550299 0.0084880951703803619 0.011453455816328442 -0.0059507684905228753 -0.0030896554599468581 0.0063080594366367792 -0.0040796955738999028 0.0045822944752192301 -0.0044913557595354682 0.000160697532983019 -0.005245674025686398 0.012220887683447255 -0.006851114670035614 0.0052113223960301228 -0.0042819519419625487 -0.0073221255889634245 -0.0013167905351508878 0.0005528010864558966 -0.0023356925405444364 0.0052897406061577354 -0.0025310326202668339 0.0088542729802798103 0.0022124127491418956 -0.01125256985231992 0.0089389964505055732 -0.0072456078746898226 0.010082248262803023 -0.0012145438615779173 -0.0029374164799928801 0.0068891277767960729
leaf_weight=28.515683846315369 388.98463850957341 17.643611798062924 19.840888149337843 36.22773832664825 17.439454222097993 63.519570705015212 38.195080494740978 20.745915660867471 19.639411331620071 48.284029064700007 16.946701305918399 29.229992600157857 32.322453400120139 10.570849210955201 5.085296851117163 22.770832384005189 2.6906174572650334 31.35738658439368 8.7059811332728732 3.9793742042966169 2.0036903135478559 45.54686366347596 2.0194970108568659 3.6209165463224045 2.6510438919067409 2.3439209866337478 18.554049084428698 10.097464853897689 31.230244710808616 23.137868965743113 13.74970777239651 3.948842952027916 1.3568997776601452 18.895613448461518 8.5290523730218393 1.8625438017770637 2.9232473317533723 6.5253035135101518 4.4364718291908503 6.6144972911570248 12.985048874979837 4.8271270266268393 8.3879642810206878 2.8650080799125126 1.4363757628016163 7.1176593671552819 5.9147311979904771 3.2235129410400978 5.2875185962766409 2.6711141378618768 87.379204002441838 15.474263159791006 2.432900578249245 6.0976756594609496 14.303825375623999 2.2973926174454382 4.421611131168901 2.2662687990814439 11.214493071660398 4.8823179737664715 4.1845645913854232 28.754329372895885
leaf_count=4646 61008 455 2753 5789 736 2017 561 413 602 1266 654 2828 1798 488 91 197 221 264 163 37 71 367 32 65 15 64 1000 156 968 409 425 80 116 262 84 39 37 153 50 235 400 83 436 35 43 172 127 54 65 60 4657 304 144 124 543 77 101 61 187 146 100 614
internal_value=6.75401e-05 -0.0032098 0.00290852 -0.00422365 0.00328151 -0.000413424 0.00354747 0.00307768 0.00656405 0.00154269 0.000344814 0.00111229 -0.000431671 0.00466782 0.00546273 0.00826149 0.00155995 0.00650062 0.00466418 0.00750371 0.00808986 0.00867918 0.00545793 -0.000747237 0.00370937 -0.00298114 0.00419274 0.00229085 0.0011614 0.00298914 0.00424795 -0.00108466 0.00755863 0.00722523 0.0073024 0.00629086 0.00684912 0.000649132 0.0013809 0.000669476 -0.00142329 0.00642522 0.00314763 0.00011349 0.00389267 0.00294896 0.000895167 0.00123467 0.0028212 0.0103633 -0.00104482 0.00186298 0.00707567 0.00293957 -0.00169477 -0.00164825 0.00180471 0.00238889 0.0056051 0.00597333 0.00474999 0.00570991
internal_weight=1311.17 608.811 702.357 493.154 673.842 104.169 654.001 565.919 88.0817 287.995 164.954 115.657 77.0267 277.924 208.232 65.7517 22.33 146.645 68.0788 39.7732 78.566 73.4807 25.2627 124.517 40.437 4.36342 38.6306 69.692 54.7674 61.5869 47.0672 14.5197 24.4948 20.8993 16.4676 42.9809 41.1183 22.5724 8.41585 28.3055 19.5995 14.9246 123.041 24.2854 98.7561 15.8974 13.0324 23.9694 7.93856 48.218 120.896 47.7967 20.0765 37.3279 101.683 16.0471 67.9412 19.213 50.4721 49.0357 37.8212 33.6366
internal_count=100148 75444 24704 68915 20058 7907 17305 15648 1657 9737 6611 6529 4930 5911 3844 834 823 2096 1149 351 947 856 429 5980 631 96 1599 2067 1828 1748 1180 568 525 333 164 637 598 655 87 798 635 239 3126 770 2356 334 299 467 80 427 5915 2102 599 1092 5200 502 2118 715 1090 1047 860 760
is_linear=0
shrinkage=0.01


Tree=41
num_leaves=63
num_cat=0
split_feature=26 13 22 28 108 14 23 79 35 98 31 48 31 15 20 136 104 144 71 0 51 42 123 119 129 155 121 66 123 130 152 143 144 65 140 28 60 79 57 129 132 70 130 143 35 145 28 52 35 118 140 143 6 79 54 1 114 3 140 145 11 79
split_gain=122.262 26.2727 18.5876 17.2983 17.0742 9.6223 8.16047 5.68417 5.63724 6.39034 5.67761 5.48124 5.44172 5.41761 4.72105 4.49681 4.13518 3.7791 4.32756 3.60308 3.55514 3.49576 3.48145 3.56625 3.20912 3.25539 3.17434 3.12022 3.05971 4.98479 2.83011 2.77972 2.71721 2.64738 2.63742 2.53778 2.53656 2.49257 2.56261 2.4045 2.38077 2.59804 2.26906 2.72318 3.11284 2.56585 2.47462 2.66089 2.2145 2.41057 2.18516 2.18196 2.39917 2.13244 2.10257 2.20962 2.32478 2.09447 2.09357 2.08531 2.02685 2.02496
threshold=0.063205591657648094 0.91717829821899755 -0.18525275607562311 -0.59569016906541872 0.79669262848812916 -0.1815451757344842 -0.52331822401295491 -0.52642300384135587 1.8502327979308686 1.3640266008454576 1.0474927786179606 -0.19639167351147874 0.062792267978305186 -1.0413186014312321 0.42120221736842151 0.61651280795805685 -0.51607755997390747 1.3565166579894834 0.87454371052674762 -0.37347528678868214 0.15450031263180933 -0.36632449608005879 1.6955443757120221 0.11742488666044541 0.18102345992416943 0.017325302376592282 -0.6850175157524826 1.3381914185566643 1.4107044264768527 -1.0308586728183367 1.9077148159478476 1.4483549813802887 1.0758754412801486 0.59791167296777026 -0.15279042913995936 5.2119101641902708 1.4467197886257148 -2.0481936015851243 -0.84157644092391148 -2.2066342003438435 -0.00832740502187981 1.474584224317455 -1.8898304588645909 0.37386722642330655 1.2720921844071678 -1.1744468859865711 0.68654695019876255 0.43230328281594438 -0.12535611557981077 0.03980612695441077 1.2455043677618993 0.026069059418700097 0.770556598453775 1.2331552942185349 0.30927124134359535 0.34915510769135938 -0.15874925880253035 2.0332940643341484 -0.33929966054748567 -1.4827600277251618 0.31979322352283679 1.080351933247228
decision_type=2 2 2 2 2 2 2 2 2 2 2 2 2 2 2 2 2 2 2 2 2 2 2 2 2 2 2 2 2 2 2 2 2 2 2 2 2 2 2 2 2 2 2 2 2 2 2 2 2 2 2 2 2 2 2 2 2 2 2 2 2 2
left_child=2 4 3 -1 -2 19 22 15 10 58 14 -6 -13 -8 21 35 -15 18 -12 26 -9 28 23 57 25 48 -5 53 29 -7 -11 -20 -25 39 37 -3 -26 -17 -39 -21 -27 -42 -41 44 45 -44 47 -45 -23 59 -14 -31 -53 -18 -48 -56 -57 -4 -10 -50 -38 -22
right_child=1 7 6 5 11 8 13 20 9 30 17 12 50 16 -16 34 27 -19 31 33 61 24 -24 32 36 40 -28 -29 -30 51 -32 -33 -34 -35 -36 -37 60 38 -40 42 41 -43 43 46 -46 -47 54 -49 49 -51 -52 52 -54 -55 55 56 -58 -59 -60 -61 -62 -63
leaf_value=-0.0054496920580246648 -0.0052644261567321386 0.00020235974859438913 0.008280042140002955 -0.0031995700271186911 -0.0049035659247938894 -0.0088467462022206681 0.0075117579775244086 -0.004724598922425014 -0.010974420922375961 -0.0014775373284684685 -8.1653258852542651e-06 -0.0041018315826971347 0.0010600963724203972 0.00026454217297074769 -0.0075497317127938982 -0.010947052590407911 -0.0052237191416879053 0.011815091182887733 0.0092675207722008827 -0.010613540421549479 0.001448520910207427 -0.0044978585495521898 0.0086551421497055026 0.0061900235024993045 0.0063120252244813768 0.009095713491393145 0.0092679151711666657 0.0047264609095340948 0.013446301893797146 0.0066438822986247545 0.0067586013291470563 -0.0051768804009949664 -0.0023260024257141898 0.0084276419461482219 0.0099335644317952304 0.015298925713152188 0.012583173556736351 0.010580363612293918 3.8955472054216546e-05 0.0086746263966003528 -0.011049605720781943 0.010027763332279485 -0.0036957806548789341 0.0012827853755444313 -0.0017855659075578867 0.0050699440972859205 -0.0087625128181926023 -0.0090211732194063182 -0.0082054780376480084 -0.0080385111446629361 0.0071901617180117183 0.0019402497981988558 -0.013031606509268821 -0.00035005124690628539 0.0034680214116206204 0.0024010775562733496 -0.0066169905480175937 0.00098858530051901023 -0.0017318986898365429 0.0048207064391841631 0.0043160586974157426 -0.0041164185046809057
leaf_weight=18.217964933137409 372.62822929106187 26.074574887054045 12.076744915451856 2.5149553373921654 26.474159056553617 3.957174412906169 8.407471443526445 17.454846319276839 3.5279748868197194 5.6001246932428357 7.8081334365997455 21.755081151146442 63.285991702694446 126.57577246660367 2.8985484295990309 1.11116347555071 33.421040946268477 22.484019394498318 24.321492330404002 1.7771257597487409 40.228958279360086 2.7636643508449188 13.006398501340298 4.9592142263427403 36.674310153583065 24.465039049740884 10.514217940857632 4.5828899303451172 2.3645719052292398 10.964868429815398 16.108135698130354 1.3942402289248992 15.209269411861895 4.8729549509007475 12.626901968615128 1.1540205031633366 14.562901887577029 4.2151342653669408 5.1198494334239539 3.777480619493871 1.2746611300390207 1.0614479249343274 3.7508008719887505 3.9411397797521186 12.530025988817213 29.12598957517185 2.3208310045301941 6.7891113017685711 1.2275884400587518 1.4934772681444872 6.4046544590964904 19.280672283377502 1.122134928125887 12.337401295779271 16.462787071010101 5.5109848431311548 5.896793802501632 5.8978628520853809 8.1054531298577768 117.84903164976276 3.7911127372644833 7.7925718538463107
leaf_count=2617 59048 1527 140 129 4452 91 107 1966 339 384 154 2905 2275 5063 379 43 3229 176 383 40 2043 76 133 113 835 303 241 189 25 248 256 21 346 103 186 5 119 86 188 118 46 14 231 229 1047 836 233 228 93 39 235 461 30 1066 551 162 173 135 620 2092 61 485
internal_value=8.29752e-05 -0.00320358 0.00293159 0.0040964 -0.00421489 0.00448765 0.000649965 0.00108042 0.00532959 0.00142315 0.00576083 -0.000897324 0.000261827 -0.000325526 0.00510459 0.00360843 -0.000698939 0.00863703 0.00649967 0.0019166 -0.000860424 0.00525634 0.00418568 0.00265716 0.00577096 0.00501126 0.0068531 -0.00312303 0.00245159 0.0017092 0.0046296 0.00847879 -0.000225017 0.00125017 0.00685608 0.000851245 0.00784056 0.00312064 0.00481577 0.000867558 0.00817448 -0.00142823 0.00109626 0.000762526 0.00244904 0.00406603 -0.00110654 -0.00522963 0.00432245 0.00452581 0.00162584 0.00304646 0.00110593 -0.00391223 0.000356777 0.00112261 -0.00225341 0.005895 -0.00455041 0.0046849 0.0108843 0.000542734
internal_weight=1305.9 606.326 699.578 463.104 490.548 444.886 236.474 115.778 335.101 33.3417 301.759 117.92 91.4457 185.325 245.751 50.3016 176.917 56.0079 33.5239 109.785 65.4764 242.853 51.1495 38.1431 205.163 150.135 13.0292 50.3413 37.6894 35.3249 21.7083 25.7157 20.1685 96.756 23.073 27.2286 55.0283 10.4461 9.33498 91.8831 26.8011 2.33611 90.1059 86.3285 45.4068 32.8768 40.9216 10.7303 123.334 120.57 69.6906 31.3677 20.4028 45.7584 30.1914 27.8706 11.4078 17.9746 11.6334 119.077 18.354 48.0215
internal_count=100148 75444 24704 14183 68915 11566 10521 6529 7245 1599 5646 9867 5415 9654 4912 2035 9547 734 558 4321 4494 4533 867 734 3678 2663 370 4484 855 830 640 404 459 3951 503 1532 1015 317 274 3848 363 60 3808 3690 2114 1067 1576 457 2300 2224 2510 739 491 4295 1119 886 335 275 959 2185 180 2528
is_linear=0
shrinkage=0.01


Tree=42
num_leaves=63
num_cat=0
split_feature=25 22 13 28 44 22 44 24 99 14 80 21 81 123 36 42 35 151 100 40 27 147 98 149 157 9 144 17 120 141 139 14 20 70 9 137 5 70 77 2 83 15 131 14 5 20 17 42 114 147 142 80 76 102 36 81 31 7 16 157 17 2
split_gain=110.648 30.5683 17.2592 15.6936 13.7461 12.0892 12.0751 10.6593 10.1631 6.99169 6.75947 4.94584 4.35026 4.58924 4.13134 5.12708 3.74375 3.50314 3.34992 3.21234 3.21368 3.85609 3.7192 9.60681 6.3668 3.9319 3.88876 3.46982 3.8348 3.19613 3.15575 3.03402 2.85713 2.83752 2.78536 2.7537 2.66224 2.97029 4.2487 2.95379 2.97204 2.59309 2.72888 2.58889 2.5816 2.55627 2.5396 2.50119 2.58212 2.4987 2.41528 2.83342 2.57027 2.35628 2.33123 2.32976 3.10514 2.49609 2.97172 2.31833 2.31394 2.30463
threshold=0.083453849350819134 -0.18525275607562311 1.0472597324344595 -0.6005049489560389 1.6218861647090603 0.035013444531663822 -0.63444159383661181 0.15733658532662706 0.87379705068899949 -0.47663922698944899 -0.84241217081831843 0.056917870098023592 -0.36951453029861275 1.6955443757120221 1.6810953824986468 3.5242790916649898 1.9352646642437055 0.69508500450494248 0.74826849685049057 7.8046000735090901 5.2872314164320864 0.26767395549252576 0.59954165665153913 -0.043624455945127517 0.17203320138139214 -0.8098288001907864 1.8239729551007844 1.1872897697243558 0.85728890905434441 -0.47407878129408793 -0.065031708549888642 1.7267296891051551 -0.8277596675312443 -0.96600164830526036 -0.91805813060256936 0.39588953240131614 0.79092323403448261 0.60294641266648508 -0.14686301407952521 6.592602330551677 0.50497498241461836 -1.0413186014312321 -0.44467338774037257 1.7267296891051551 0.084547135759603473 0.11609885582408781 1.0970820035625601 -0.38313343755706797 -0.32721925991359918 0.25549233613967287 0.14314025452857992 -0.11063352149658488 0.042209538666546156 -1.068005633418269 0.7088800059538396 0.86333457114797785 1.2898164113003079 2.5067283168883612 -2.1747311421299989 0.057550424735497756 -0.29930395975129725 -0.48404662153988187
decision_type=2 2 2 2 2 2 2 2 2 2 2 2 2 2 2 2 2 2 2 2 2 2 2 2 2 2 2 2 2 2 2 2 2 2 2 2 2 2 2 2 2 2 2 2 2 2 2 2 2 2 2 2 2 2 2 2 2 2 2 2 2 2
left_child=1 3 5 -1 8 7 -5 33 31 -8 30 14 44 -14 19 16 53 -15 -12 20 21 36 23 29 25 34 47 28 -26 -23 46 -3 -18 -2 -25 -13 49 38 -38 40 -39 -10 -43 -7 -6 -31 -4 48 -24 50 51 -11 -53 -16 61 -55 -57 58 -58 -37 -40 -44
right_child=2 4 10 6 12 43 9 -9 41 11 18 35 13 17 15 -17 32 -19 -20 -21 -22 22 26 24 27 -27 -28 -29 -30 45 -32 -33 -34 -35 -36 59 37 39 60 -41 -42 42 54 -45 -46 -47 -48 -49 -50 -51 -52 52 -54 55 -56 56 57 -59 -60 -61 -62 -63
leaf_value=-0.0050596578739468476 -0.0066379311108502601 -0.00436273693223704 0.009982643493508218 -0.0057154631488857488 0.010368012962513976 -0.0052518300531556681 0.0020486352864391979 -0.0050205020212033104 0.0072201448236995152 0.0066239920475982929 -0.0026703023236432865 -0.007757564908631537 0.00063126726487417449 -0.0048989477612389424 0.012037204258186751 -0.0088207015714741998 0.0058386665744321366 0.009903291263873723 0.0036340581830341307 0.011198448573124034 0.0087963633298743932 0.0020371437113149661 -0.0041355391602637898 0.0066789056906217201 0.0014645748953012866 0.01039644768872326 -0.0052629227650708788 0.0058598847402479828 -0.012807393168082371 -0.0088813798789426548 0.0010613949704285221 0.0016159159519862107 -0.0060329942482969228 0.0013006024992271898 -0.011605912449171122 0.0057641465902595534 0.00810379144355927 -0.003913722805506119 -0.014783871989921534 -0.010785575874089607 0.0045409237571146718 0.0028840282707746248 -0.0094797181824135251 -0.00061287779603475814 0.0032645107759825161 0.007964184777591473 -0.0015955416191085264 0.0085712674072082069 0.0064216585877043455 -0.0052898592409733871 0.0094794567077182475 -0.00050386574236972335 0.0049149641856258705 0.010479784769255228 0.0013368883580453634 0.014456516268331745 -0.013107928107385203 0.0116277488821077 0.0025979765597966002 -0.0016658060235608175 -0.00023423286023706733 -0.0012671861255883555
leaf_weight=17.760893210535869 4.7807724718004456 81.629719764576294 12.881597778992729 11.215384198818354 13.087016078410672 323.91666332783643 76.891677486011758 51.759343984886073 5.6115997259039423 23.648476039757952 33.514499131590128 3.3151007099077132 40.711046490585431 1.8748741061426688 22.308156012324613 1.7711194432340551 10.69840736244805 10.341339821927248 11.240065490361301 8.4255928343627584 19.794576371554285 7.5259132038336238 3.2200404065661123 1.9607948386110368 5.984507465502249 26.083093786379322 2.368546766228973 8.9206956492271257 2.729357911972329 7.5637123917695153 10.147369874175636 9.4418405855540168 2.4842947935685507 74.146114319795743 1.4314168696291769 8.74420511769131 1.7921736296266315 5.007076474837965 3.2186377965845163 1.610267057083546 24.020070701604709 30.854176001157612 3.6342509442474684 12.548103305278344 8.497952703619374 1.0083251195028422 2.200869607506319 57.708359148120508 8.1204027668572945 2.5825196220539501 9.1672960342839342 17.918035100912675 17.044662381056696 14.827626715414231 40.480008364189416 2.6981276562437406 1.4130160519853188 2.3928799508139482 7.8365030218847123 8.0354883749969286 1.6743557411245995 56.295128569239751
leaf_count=2607 463 9475 280 1867 216 52547 2215 8374 76 382 2718 277 1155 42 175 43 287 97 418 90 138 199 71 30 143 274 29 140 63 498 517 214 168 3679 19 279 31 147 83 34 478 941 218 575 204 21 70 761 146 52 135 496 341 173 1482 27 22 28 120 323 39 2936
internal_value=9.64483e-05 0.00253816 -0.00338262 0.00415352 6.54162e-05 -0.00407647 0.00452144 -0.00149401 -0.00115312 0.00478637 0.00124736 0.00537558 0.00379415 0.00224765 0.00566302 0.00790079 0.00836166 0.0076212 -0.00108428 0.00511288 0.00491645 0.00459873 0.00572799 0.00395671 0.00623596 0.00907941 0.00729348 0.00147514 -0.00300379 -0.00270693 0.00538615 -0.00374169 0.00359098 0.000817701 -0.00101881 0.000550297 0.00318562 0.00102286 -0.00500687 0.00234303 0.00307824 0.00056863 0.000282983 -0.00507915 0.00757882 -0.00688122 0.00828656 0.00772635 0.0034142 0.00433112 0.0046999 0.00394914 0.00213566 0.00958052 -0.000515487 0.00769471 0.00480278 0.00254646 0.000176277 0.00220125 -0.00983609 -0.00176838
internal_weight=1302.52 765.381 537.135 462.922 302.459 467.151 445.161 130.686 227.947 433.946 69.9844 357.054 74.5122 52.9273 336.959 66.4301 64.659 12.2162 44.7546 270.529 262.103 242.309 134.625 63.2078 47.1099 29.4753 71.4173 17.6346 8.71387 16.098 25.2298 91.0716 13.1827 78.9269 3.39221 20.0948 107.684 37.3226 6.68517 30.6374 29.0271 136.875 131.264 336.465 21.585 8.57204 15.0825 69.0488 11.3404 70.361 67.7785 58.6112 34.9627 51.4763 100.409 29.1682 14.3405 11.6424 9.24952 16.7797 4.89299 59.9294
internal_count=100148 30507 69641 13451 17056 65638 10844 12516 15342 8977 4003 6762 1714 1294 5883 1043 1000 139 3136 4840 4750 4612 2394 1387 669 323 1007 346 206 718 867 9689 455 4142 49 879 2218 812 153 659 625 5653 5577 53122 420 519 350 978 217 1406 1354 1219 837 545 4636 370 197 170 142 602 122 3154
is_linear=0
shrinkage=0.01


Tree=43
num_leaves=63
num_cat=0
split_feature=26 13 44 36 22 28 24 14 156 79 56 136 43 33 147 36 42 106 107 79 98 33 0 150 140 35 33 3 116 14 150 0 139 44 2 147 156 75 156 150 28 56 79 81 31 140 81 43 42 5 145 5 59 144 150 14 17 70 138 5 79 80
split_gain=118.473 25.8235 22.3078 18.0178 17.518 17.6514 10.4716 7.56459 7.16351 5.23488 4.98423 4.50133 4.47729 4.31894 4.21028 4.23187 5.55783 3.53846 3.43052 3.37056 3.43988 3.73424 3.21849 3.71544 3.03261 2.82773 2.74222 2.64121 4.63526 2.79637 2.78838 2.63413 2.66964 2.57964 2.51435 3.06935 2.47074 2.46962 2.75093 2.68795 2.46378 2.50169 2.45663 2.82535 2.45068 2.64592 2.63643 2.45057 2.36074 3.55372 2.95457 2.35848 2.33847 2.29761 2.2785 2.21644 2.21125 2.17689 3.9243 2.56003 2.13026 2.10735
threshold=0.063205591657648094 0.91717829821899755 -0.63444159383661181 0.87041864665053303 -0.18525275607562311 -0.59569016906541872 0.15551656169424338 -0.47663922699875122 -0.33410990576245253 -0.52642300384135587 0.34551634308096779 0.63080497866574758 2.2461573421481908 0.34882506315915268 0.33192922776727879 1.6810953824986468 3.5242790916649898 -0.30618536843263289 1.0434115343095931 0.91115728391469653 1.9514859524199741 2.4971927994219052 -0.37185395428994489 -0.56907828883403411 -0.15279042913995936 1.9352646642437055 1.4120426978826512 0.072619271968912588 -0.029487692431514903 1.0971957130800514 1.161708560806064 0.033982004685678198 0.43225612031016797 0.82762948408071424 0.06181734971852583 0.28901204272273134 -0.32464645101416734 -0.384518714174855 -0.33307087361702209 0.75679407474366966 5.2119101641902708 -0.64670697121562581 0.48981496838859273 1.2640737091302154 0.23288840370173744 1.2455043677618993 0.051344282074129742 1.3954412663285904 -0.26610612833351405 -0.36067569927410631 1.4079116794294666 0.74996901659816595 0.52045371678811525 -0.61044354997555728 -0.32270967479450569 1.7267296890994219 0.91233451701264723 0.54483722522308697 -0.057109474642890776 -0.36067569927410631 1.080351933247228 1.0277415436280586
decision_type=2 2 2 2 2 2 2 2 2 2 2 2 2 2 2 2 2 2 2 2 2 2 2 2 2 2 2 2 2 2 2 2 2 2 2 2 2 2 2 2 2 2 2 2 2 2 2 2 2 2 2 2 2 2 2 2 2 2 2 2 2 2
left_child=2 3 -1 55 5 -4 44 22 42 11 -11 40 18 17 15 19 25 -9 -10 20 21 26 23 -7 37 34 48 28 29 -19 36 32 33 -23 35 -17 51 38 -13 -40 41 -3 -6 -44 46 -46 -5 -24 -15 -50 56 -29 -32 -12 -52 -2 -51 -21 -59 -60 -55 -16
right_child=1 9 4 6 8 7 -8 13 12 10 53 24 -14 14 61 16 -18 27 -20 57 -22 31 47 -25 -26 -27 -28 30 -30 -31 52 -33 -34 -35 -36 -37 -38 -39 39 -41 -42 -43 43 -45 45 -47 -48 -49 49 50 54 -53 -54 60 -56 -57 -58 58 59 -61 -62 -63
leaf_value=-0.0058098985753523725 -0.0053242575975109086 -0.004693433840351458 -0.0053787270214746994 -0.0025008498573064991 0.0082757998269039831 -0.0060709205628119711 -0.00488927677247495 -0.0079191303662230934 -0.0026820192717952056 -0.0045253129483442157 -0.0047468081980944331 0.012273189751123702 0.0049249455719978007 -5.2279128527770429e-05 0.007318431534300898 0.0078416178816346493 -0.012345788337971036 0.00060990322108498253 0.00053755484415228592 -0.0040661105734054251 0.0089452183746249348 0.0081155638455482869 0.0015259358252298211 0.0095580864044092426 0.010046348436273524 0.0040124306524259154 0.008236245131341172 0.0029662426476356925 0.010732134139971948 -0.0092847175620120719 0.0024827720254513548 0.0064044922807316249 0.0053001623967131508 -0.0085334564754448849 0.010667272162040744 -0.0068651948707188128 0.0065684008346163138 -0.0075204633432708378 -0.0054147147445865523 0.0098809390574111106 0.015146442241362539 0.0021136485591530334 0.00022224211209628282 0.0079974129904737418 0.000457883305054297 0.0077783732765579804 0.010239439393918234 -0.0076679823888923474 0.0094434422111578618 0.0033388801399534184 0.0088338647097803667 -0.011117645550962323 -0.012139000493874667 0.0032268239690417763 -0.00792035132759898 -0.0013947782363595007 0.012644455204088956 0.013688410460242884 -0.0081194284392136409 0.0026127905389133721 -0.0034218307773837366 0.011986628917676153
leaf_weight=28.21699822624214 367.3584784634877 7.5365597833879354 17.716623805579729 2.1794297569431347 14.39526607096195 1.8094952018000174 34.941703698597848 2.6892190945800385 45.277809820137918 22.976559327216819 5.4941288980189702 3.2038134317845097 17.939296435331926 10.915052702883257 61.026998008368537 5.8729331411886951 1.3425130834802974 9.4633208853192645 122.83012263709679 5.1974980046506962 21.177645180840045 1.0763238947838525 62.257252061972395 9.1273195173125696 12.736183212371541 12.615956988418473 22.924495792482048 10.388974588364361 3.3664150596596292 4.0704110092483452 3.1777861916925749 4.2655030461028209 2.825753862503916 6.3377326857298613 32.757301535457373 1.8548073694109914 41.067941766232252 1.9073850561399037 3.0372886657714835 1.8334918778855351 1.1371051520109166 18.952688791556284 13.678478267509492 7.1117893382906905 53.646262634079903 5.4331658128648987 6.1995025146752596 3.0279851402156046 13.139474165393034 18.789245523978035 1.0327121019363401 1.3308944241143752 1.6503475024364886 30.6676073463168 3.6065345047973087 15.019429549109189 2.962557769380509 3.0480726482346645 2.3802351562771937 31.103988097747788 5.6948129627853623 11.62775963777676
leaf_count=4646 60175 629 2564 61 126 93 5841 348 3507 2507 444 30 344 284 849 68 31 368 4216 132 184 35 1937 166 183 392 388 267 78 174 158 65 29 108 324 24 747 76 172 31 5 909 191 75 1727 162 116 87 186 385 11 28 46 1249 80 833 47 26 66 715 294 109
internal_value=9.78637e-05 -0.00316127 0.00289745 -0.00417255 0.00326425 0.00439907 -0.000446 0.00480105 0.000960406 0.0010943 -0.000783091 0.00351364 0.000177203 0.00541479 0.00599661 0.00526229 0.00765479 0.00331887 -0.000329111 0.00439731 0.0053227 0.00444763 0.00194026 0.00695995 0.00681058 0.00816456 0.00536414 0.00372679 0.000244142 -0.00236328 0.00474637 -0.000181848 -0.00293879 -0.00609532 0.00945467 0.00429446 0.00541224 0.00266607 0.00509104 0.000330937 0.000797346 0.000172125 0.00509761 0.00288929 0.00185441 0.001134 0.00691463 0.00109687 0.00405559 0.00519209 0.00306888 0.00135025 -0.00250932 0.00126935 -0.00415832 -0.00517021 0.00461611 0.00197588 0.0028391 0.00184471 0.00218216 0.00806846
internal_weight=1298.43 599.956 698.475 484.778 670.258 449.025 102.4 431.308 221.233 115.178 64.8331 50.3445 186.047 355.086 277.881 205.226 54.4435 77.2053 168.108 150.783 109.053 87.8754 76.2221 10.9368 22.7182 53.101 73.3701 74.5161 16.9001 13.5337 57.6159 14.5053 10.2398 7.41406 40.485 7.72774 52.7878 9.98198 8.07459 4.87078 27.6264 26.4892 35.1855 20.7903 67.4584 59.0794 8.37893 65.2852 50.4456 39.5305 26.391 11.7199 4.82813 41.8565 4.63925 382.378 21.7518 41.7298 36.5323 33.4842 36.3624 72.6548
internal_count=100148 75444 24704 68915 20058 11599 7907 9035 8459 6529 4494 2035 8067 6752 4538 3580 839 2214 7723 2741 1802 1618 2283 259 492 808 1381 1866 620 542 1246 237 172 143 416 92 1042 309 233 203 1543 1538 392 266 2066 1889 177 2024 993 709 523 295 204 1987 91 61008 432 939 807 781 1543 958
is_linear=0
shrinkage=0.01


Tree=44
num_leaves=63
num_cat=0
split_feature=26 13 44 22 36 28 24 14 156 80 100 25 43 36 72 35 104 42 143 151 1 150 147 106 149 25 132 140 156 141 30 27 72 20 33 31 109 109 1 75 73 106 124 100 147 156 28 79 81 137 79 141 31 105 43 153 130 7 156 69 148 149
split_gain=114.574 24.612 21.5906 18.0743 18.0227 17.1416 10.5594 7.71711 7.18811 5.0279 5.13836 4.48332 4.04322 3.51615 4.40629 4.06333 3.30653 3.22931 3.52521 3.90492 3.22018 3.59572 3.10188 4.1709 6.72005 4.98314 4.01617 4.31594 3.77832 3.3354 3.29582 3.06202 2.87212 2.77816 2.77389 2.69929 2.62258 4.00174 2.60903 3.27782 4.38279 2.58685 2.57269 2.56776 2.53423 2.50726 3.24981 2.47443 2.4246 2.39521 3.03249 2.34987 2.30873 2.68497 2.25452 2.23863 2.22011 2.20815 2.1811 2.15162 2.18612 2.12604
threshold=0.063205591657648094 0.91717829821899755 -0.63444159383661181 -0.18525275607562311 0.87041864665053303 -0.59569016906541872 0.15551656169424338 -0.47663922699875122 -0.33410990576245253 -0.75082604175487921 0.61437150615337821 0.28222700313131854 2.2461573421481908 1.6297417186092107 1.3430375857622974 1.8502327979308686 -0.52570495512346926 -0.36632449608005879 3.0892335428466065 0.77095284967643074 -0.26586213603402636 1.7782885334899026 0.28366507701312743 0.65352530520894803 0.020653273055689172 1.0000000180025095e-35 -0.69047302288171919 0.2706442244537523 -0.21734530025274459 -0.47407878129408793 1.4293357818565344 0.13507062888404001 1.0419726434098566 -0.4487284597835049 -0.61019750062177769 0.23288840370173744 -1.230483475058002 -1.3785190962992908 1.4125327932043932 0.35860077166582277 1.1509342466230545 1.3170184775149074 -0.24055384494914941 -0.18418324991461646 0.072698009218244583 -0.29906630343367618 0.018337235271134619 1.080351933247228 0.051344282074129742 0.39588953240131614 1.0000000180025095e-35 -0.40474076941817433 1.5322901249134235 0.7196764891266394 1.0497253171529639 0.37904215777006051 -1.4481267465562264 3.4956270930029616 -0.32464645101416734 1.1132465719068281 -0.27019535412137369 1.3320002082897464
decision_type=2 2 2 2 2 2 2 2 2 2 2 2 2 2 2 2 2 2 2 2 2 2 2 2 2 2 2 2 2 2 2 2 2 2 2 2 2 2 2 2 2 2 2 2 2 2 2 2 2 2 2 2 2 2 2 2 2 2 2 2 2 2
left_child=2 4 -1 5 -2 -4 35 45 38 31 49 13 16 17 15 20 -10 18 19 56 51 -22 26 24 25 29 27 30 32 -24 55 43 -26 -23 -12 48 37 -25 39 -5 42 -17 -41 -3 -42 46 -7 -36 -6 -11 -51 61 -37 -54 -47 -19 -9 -57 -34 60 -28 -15
right_child=1 9 3 8 6 7 -8 11 12 10 34 -13 -14 14 -16 41 -18 22 -20 -21 21 33 23 36 28 -27 59 -29 -30 -31 -32 -33 58 -35 47 52 -38 -39 -40 40 44 -43 -44 -45 -46 54 -48 -49 -50 50 -52 -53 53 -55 -56 57 -58 -59 -60 -61 -62 -63
leaf_value=-0.0057314712238681941 -0.0050986130739994317 -0.0091155152896295454 -0.0053264353645126536 0.0078449608312953535 -0.0021458619239800455 -0.0029719131652191835 -0.0048523814502619 -0.010189827864476475 0.00045709364743455399 -0.0047972550531807665 -0.0049835759745927031 -0.0097034362274048928 0.0045480043870952296 0.0089896743922181759 -0.0090256424159552411 -0.0036631205423950631 -0.002708831980211462 -0.00065863950320233758 0.011051389160394744 -0.0090932142729163289 0.011489832263170041 -0.0089510620250047666 0.0021843380291697188 0.0079068845310867105 0.0066858214750950733 0.0094039978282583394 -0.0078652049222612905 -0.0070389585610335691 0.011988362962499426 -0.0072491600828619171 0.013121120237606363 0.0061644054332090801 -0.0096441902252372043 0.0099651522937263797 0.0046176743403175532 -0.00015999638123095379 0.0090219794118677147 -0.0082475581680997046 0.010169852918965494 0.0060258226877785851 -0.0026867920926639905 0.005651581580120411 -0.0098154096257350928 0.0022066714387527771 0.0078176119950701447 0.0015964250947079995 0.0087059607648967818 -0.0046223232694636114 0.01006475523841548 0.0051251279252103599 -0.0033189560745329216 -0.0033274463960248461 0.0015188126772464267 0.0098375627614805429 -0.005338136147984833 0.0082675499173924267 0.0030275987517663933 0.00010880213655546311 0.003159885529161033 0.0040510529997107424 0.0014252463894606571 -0.0022894193557687331
leaf_weight=28.028793838457204 379.88288641977124 2.3709327466785899 17.490418578847311 10.820817537140103 2.1273292796686274 3.1278467800002536 34.564204388298094 1.2969312879722554 121.17612559837289 24.477145401062444 4.3224953101016572 1.9457152856048185 18.289762096479535 9.500585600268094 1.5758863997180004 3.8665454415604499 45.303512536920607 4.3678933640476343 4.5965615222230545 3.0219238996505728 36.544564083684236 1.5860761171206834 6.9164005974307647 4.5260746167041361 22.744993769098077 4.1950047723948947 2.8683051308617022 2.1524324966594568 10.938305176328866 8.1313008936122078 8.1530873859301192 24.170360733754933 1.9848230406641958 1.5013384362682689 25.914786905515943 40.391666238661855 57.251116062048823 2.3028002991341046 7.7057000463828436 1.3110980698838828 3.3076656907796842 12.779472325230016 4.4999109120108214 12.586715743411331 7.3862028112635016 57.493420690763742 9.7923084499780071 3.2442605860996983 6.6833140547387302 7.0336486278101829 10.724150381749494 2.6947359922341994 12.396290058037268 5.6660483153536907 5.0896641698200247 22.312596116680655 42.776459172833711 3.9258463112637392 3.9727504709735504 42.960409961640835 21.041224076878279 2.0069014835171393
leaf_count=4646 61008 227 2564 116 61 150 5841 50 4158 2566 324 270 344 105 40 253 3565 153 46 68 353 29 173 55 350 83 87 28 99 479 54 682 47 21 801 1315 701 38 65 22 42 315 72 690 75 1787 184 140 116 262 837 51 469 105 162 201 1015 40 58 872 588 30
internal_value=0.000111718 -0.00310538 0.00286432 0.00322455 -0.00409717 0.00437387 -0.000360078 0.004767 0.000873978 0.00105378 -0.000449235 0.00538233 8.59085e-05 0.00546569 0.00744076 0.00781158 -0.000403949 0.0049612 0.00269742 0.00187777 0.00914787 0.0106145 0.00546776 0.00655499 0.00462853 -0.00021525 0.00422598 0.00669533 0.00698181 -0.00290801 0.00746224 0.0039642 0.00506685 0.000217646 0.00247461 0.0019472 0.00832267 0.00244064 0.0050265 0.00356926 0.000756944 0.00348105 -0.00621987 0.000400423 0.00455973 0.00186047 0.00587101 0.00358496 0.00710608 -0.00276951 2.1017e-05 0.00504352 0.00116682 0.00413789 0.0010301 0.00594774 0.00263416 0.00705114 -0.00109817 0.00271292 0.000303715 0.00701364
internal_weight=1293.82 596.556 697.262 669.234 481.712 449.433 101.829 431.942 219.801 114.844 75.7165 356.439 184.769 354.493 72.0561 70.4802 166.48 282.437 51.6919 47.0953 53.8342 39.632 230.745 122.964 58.8836 19.2427 107.782 40.9119 39.6409 15.0477 38.7594 39.128 28.7026 3.08741 33.4815 67.2646 64.08 6.82887 35.0314 27.3257 16.5049 16.646 5.81101 14.9576 10.6939 75.5032 12.9202 29.159 8.81064 42.2349 17.7578 14.2022 58.454 18.0623 62.5831 30.6063 44.0734 26.2384 5.95757 66.8699 23.9095 11.5075
internal_count=100148 75444 24704 20058 68915 11599 7907 9035 8459 6529 4930 6752 8067 6482 1197 1157 7723 5285 1179 1133 589 403 4106 2083 1289 735 2023 476 554 652 448 1599 455 50 1265 2066 794 93 392 327 211 568 94 917 117 2283 334 941 177 3665 1099 186 1889 574 1949 394 1065 241 105 1547 675 135
is_linear=0
shrinkage=0.01


Tree=45
num_leaves=63
num_cat=0
split_feature=26 13 44 36 22 28 48 28 15 156 16 139 103 65 0 144 31 138 136 98 156 147 5 52 17 141 17 61 80 143 95 15 113 11 98 56 36 31 15 136 77 122 130 73 98 28 122 10 70 78 98 43 146 17 26 80 26 80 15 26 146 137
split_gain=102.325 21.3665 20.5145 16.1182 14.8838 15.626 9.22915 7.1183 7.00433 6.01096 5.45288 4.31192 4.22006 3.56988 3.29139 2.91611 3.59692 5.61424 5.88948 3.98401 4.42771 3.53799 5.28047 3.65451 2.91355 3.37315 2.85835 2.76445 3.03199 2.68861 3.33545 2.67836 2.62031 2.76311 2.60849 2.52098 2.47239 2.86108 2.45949 2.69076 2.34162 2.69973 2.33262 2.32524 2.69928 2.31189 2.30844 3.30548 3.21048 2.95637 2.25949 2.25677 2.23438 2.22979 2.19466 2.14317 2.14021 2.133 2.12282 2.64517 2.45728 2.25915
threshold=0.063205591657648094 0.91717829821899755 -0.63444159383661181 0.87041864665053303 -0.19311594071189422 -0.6005049489560389 1.0000000180025095e-35 4.217276929003245 -1.0176412661036807 -0.33145400987841683 -0.29950385571414334 -0.17470732680650997 0.60467342598450269 1.0747339225198242 -0.37104200989229269 1.2833221638251899 1.1016235939042807 -0.082456342315082712 3.3957118002253686 0.20353575908538346 -0.28703460994131519 0.32417560404650242 0.10670729450939112 1.5419044983323731 -0.23246220312919955 0.76210823518600279 1.722355413104329 0.3020709102026905 -0.78321661192193237 3.0892335428466065 0.82771254636910074 -1.0049884438944543 -1.1657118754063867 0.24228267115717153 -0.16197208700688365 0.37282229054364552 -0.52770222695735136 0.062792267978305186 -0.25258113279289679 0.63080497866574758 0.99913414949016455 0.60422582862323726 -1.0621146066050728 -0.61335888154309381 1.4150200056496776 -0.28130767050237615 -0.23304519997571374 -0.41422398144389111 1.358365849430659 -0.25711123632834537 -0.42132928663481128 0.7052105235931988 -1.2604621815690704 -1.136218079943921 0.21222989708506887 -0.31485527952036912 0.33551789159856266 1.5167780406317044 0.64713988675496226 -0.096729843780304484 0.92090345518425731 0.34227485354835457
decision_type=2 2 2 2 2 2 2 2 2 2 2 2 2 2 2 2 2 2 2 2 2 2 2 2 2 2 2 2 2 2 2 2 2 2 2 2 2 2 2 2 2 2 2 2 2 2 2 2 2 2 2 2 2 2 2 2 2 2 2 2 2 2
left_child=2 3 -1 31 5 -4 -5 9 13 11 12 24 15 32 34 21 17 19 26 20 -17 46 38 -24 -3 -26 -19 28 -13 57 -31 45 -6 36 -12 -11 37 -34 39 42 41 53 -23 44 -16 -2 48 -48 49 -7 -42 -22 -45 54 -8 -18 -52 -10 60 -60 61 -51
right_child=1 7 4 6 8 10 40 -9 29 35 14 27 -14 -15 43 16 55 18 -20 -21 51 22 23 -25 25 -27 -28 -29 -30 30 -32 -33 33 -35 -36 -37 -38 -39 -40 -41 50 -43 -44 52 -46 -47 47 -49 -50 58 56 -53 -54 -55 -56 -57 -58 -59 59 -61 -62 -63
leaf_value=-0.0058682735006595791 -0.0040717668438495641 0.010662540566132559 -0.0055390553274335657 -0.0045607069582476638 0.010351888833758155 -0.0045899288651358458 0.01405801587350876 0.012385605836077744 -0.00073868846848141028 -0.0044119372547699346 -0.0017482314916570439 0.0030594324357862412 -0.010071631636808822 -0.0085304043944268212 0.0026799314744968415 -0.0093514493196464685 -0.0018384519864185871 0.0019465335597013092 0.0081964795776155747 0.0099856635673958201 0.013818412311471366 -0.0081190071788600354 0.01068184775252967 -0.00032356475022776292 -0.00019437480882827907 0.010671208423182268 -0.014614768569097991 0.0034785219183096155 -0.0056353268085713119 0.0066199367563956751 -0.0076887841002760597 -0.0051610881306825467 0.013152749541682619 0.0074482374379898743 0.0072117926569665782 -0.00017443402387247949 -0.00086366627557774955 -0.0029285284446883128 0.0075704691567200924 0.012756595617884399 0.010035699044589799 -0.0053969734306900654 0.0019680905515989493 -0.0099999239658841877 0.0096801511751267045 0.0025207045028889387 -0.0017007156389499179 0.0039625383616988669 0.0097275120133452578 -0.011765580190065756 0.003489596472460138 -0.00039800890857276866 0.0013954003675943098 0.00054978341330736823 -0.0029797884670079069 0.0094801665662688477 -0.0097602181060724193 0.0028155752047805409 -0.010594890524076287 0.0090678177641007052 0.0098203205001739687 0.0039682158780924145
leaf_weight=27.655898716533557 14.253324610181155 8.4501715530641395 16.522190380259417 35.246719216927886 7.9743107780814162 4.3996527725830701 2.4937063641846176 5.0329334074631324 151.43752956716344 24.859764765948057 3.7678280326072153 6.3326075552031424 1.7904293360188592 1.9654063517227758 22.362440383760262 2.4096749210730195 1.7364667449146498 44.035358265973628 18.980406418442726 30.170289970003068 2.4659134820103636 2.5550142694264677 24.015452468302104 3.429896466434001 9.2586922948248667 4.110948283225297 1.056301298085599 14.692674251506103 10.856632718583571 10.696128414943813 1.9068103553727258 359.37497443985194 3.1275753406807807 12.862970250193028 22.687499130843207 32.359501278959215 13.182209525723012 1.6902892906218765 10.535073576960711 2.0680992593988767 5.2022849899949533 6.9265973805449894 21.422358446521688 1.7459050549659867 7.3363763461820772 8.4560202311258745 20.186837697867304 21.006798678310588 9.2764410357922298 1.0012988892849595 19.023493420565504 2.008629344869405 81.81263485387899 28.862970918649808 1.0661105131730435 35.766599404159933 1.2895371487829823 18.98656557011418 1.8759473315440121 1.0600346797145892 8.0181076112203282 9.1638251843396556
leaf_count=4596 1314 139 2504 5825 63 138 32 33 7017 3026 230 183 252 27 750 62 25 822 146 254 21 96 277 63 305 63 20 402 547 258 64 59895 23 147 384 1767 197 31 161 21 123 263 495 213 118 299 512 526 154 48 502 29 2258 1071 35 438 70 739 56 27 130 235
internal_value=-6.25258e-05 -0.0030878 0.00256692 -0.00401463 0.00292035 0.00399513 -0.000441698 0.000765598 0.000823031 0.000236381 0.00437042 0.00263987 0.00517496 0.00456909 0.00275454 0.00527365 0.00630351 0.00531913 0.00352371 0.00841917 0.00153495 0.00425288 0.00598601 0.00930322 0.00606422 0.00314462 0.0015532 0.000291965 -0.0024264 -1.17481e-05 0.00444274 -0.00495049 0.00523661 0.00390877 0.00593173 -0.00201768 0.00137116 0.00749574 0.0034926 0.00183704 0.00179534 0.000262398 0.00088611 0.00201106 0.00441521 -0.00161257 0.0027907 0.00118511 0.00468777 0.00284875 0.00415448 0.00742768 0.00115494 0.0014758 0.00893339 0.00895308 0.00263915 -0.000341987 0.00440458 -0.00345505 0.00568034 0.00239852
internal_weight=1286.31 598.15 688.155 482.196 660.5 436.67 100.111 115.954 223.83 110.921 420.148 53.7017 280.435 40.8028 139.713 278.644 138.63 101.127 64.0721 37.0545 6.88422 140.015 64.0259 27.4453 21.8198 13.3696 45.0917 31.8819 17.1892 183.027 12.6029 382.084 38.8374 30.863 26.4553 57.2193 18.0001 4.81786 36.5805 26.0455 64.8647 39.3494 23.9774 113.257 29.6988 22.7093 75.9889 41.1936 34.7953 25.5189 25.5153 4.47454 83.5585 32.4228 3.55982 37.5031 20.313 170.424 21.1192 2.93598 18.1832 10.1651
internal_count=100521 75894 24627 69429 20031 11465 7921 6465 8566 6432 8961 1639 5008 488 3953 4756 1817 1354 988 366 112 2939 1113 340 507 368 842 1132 730 8078 322 61508 461 398 614 4793 251 54 773 612 2096 1401 591 3339 868 1613 1826 1038 788 634 695 50 2471 1138 67 463 572 7756 496 83 413 283
is_linear=0
shrinkage=0.01


Tree=46
num_leaves=63
num_cat=0
split_feature=26 44 14 36 22 28 33 24 15 103 79 136 28 147 36 144 126 35 150 142 114 114 32 40 135 61 97 122 21 79 8 143 22 9 26 79 44 3 89 7 43 108 66 99 144 70 147 92 8 86 80 136 142 111 86 88 157 71 73 80 123 80
split_gain=98.663 19.8551 15.6594 17.524 15.4503 14.91 12.0374 10.9904 6.15582 5.20418 3.85076 3.83799 3.57665 3.6793 4.03837 5.2551 4.87428 4.11791 3.82051 3.62893 4.61064 3.3373 3.29291 3.26223 3.11648 3.09993 3.06882 3.06319 2.96259 2.95102 3.70107 2.87541 2.84915 2.83029 2.70128 2.60124 2.57446 2.47936 2.46592 2.32827 2.86254 3.17395 2.5985 3.34239 2.42808 2.32361 2.55777 2.30249 2.30627 2.68087 2.88188 2.78197 2.72987 2.64621 2.27264 2.64551 2.25465 2.24043 2.22745 2.2265 2.21184 2.17207
threshold=0.063205591657648094 -0.63444159383661181 1.5026582739123966 0.87041864665053303 -0.16208184459628036 -0.62601298067123701 -3.1268660678800937 0.15551656169424338 -1.0176412661036807 0.60467342598450269 -0.27689174441391751 0.60250149589655022 0.64345878330366346 0.35037893631565692 1.6810953824986468 1.3693793225979387 0.94548932867124813 1.9352646642437055 1.161708560806064 0.6499307625285965 -0.047449522932057356 -0.1910192067842181 0.18100795253701249 0.69567092521346041 1.4180752338760307 -0.21436845615729322 -1.2313316458074592 1.2746087415876424 -0.92173862108708071 0.82972097908328057 1.1266478690284878 0.6192742104440524 -0.82979889546561958 -0.7340537809548785 -0.14582252022672387 0.37093766198752864 0.98650192614593413 -0.40793827517942938 -1.0579851129751339 0.28939603114199913 0.18032246470665134 1.6829534000140713 1.3381914185566643 0.49192695224635619 1.6773829324902716 1.1840382871004649 -1.0619878803637193 1.0000000180025095e-35 1.2244437391943241 0.44036787402365629 1.0734697210434678 0.47435077860358371 0.027185179032855576 -1.1506380419147393 0.74008538024108617 -0.8309335670562048 0.24413821400065555 0.22356295678477364 0.58969391645115243 1.2520490676504095 0.79217124529978566 0.3344436778740762
decision_type=2 2 2 2 2 2 2 2 2 2 2 2 2 2 2 2 2 2 2 2 2 2 2 2 2 2 2 2 2 2 2 2 2 2 2 2 2 2 2 2 2 2 2 2 2 2 2 2 2 2 2 2 2 2 2 2 2 2 2 2 2 2
left_child=1 -1 3 6 5 -3 -2 -5 47 12 11 25 19 14 16 24 18 -17 21 20 22 -14 26 -22 35 -4 -7 39 36 37 31 -31 -19 38 -21 -16 56 -24 -15 40 41 -10 44 -44 -41 -23 -47 -6 -49 50 -50 -51 -53 -52 -30 -56 -18 -12 -46 -34 -26 -59
right_child=2 4 10 7 8 9 -8 -9 27 -11 57 -13 13 33 15 17 28 32 -20 34 23 45 29 -25 60 -27 -28 -29 54 30 -32 -33 59 -35 -36 -37 -38 -39 -40 42 -42 -43 43 -45 58 46 -48 48 49 51 53 52 -54 -55 55 -57 -58 61 -60 -61 -62 -63
leaf_value=-0.0058011287357155154 0.010241352843403986 -0.0057000111632964949 -0.002830784043071403 0.0018566178926462361 -0.0059718045444789626 -0.0018561892931276663 -0.0049396210560578736 -0.0047525170359846011 -0.0021473172338751009 -0.0090233574294551165 -0.003886158373417728 0.006768784906146158 0.0056184736427559948 -0.0055423101958471119 -0.00074280350529321677 0.012594963407973782 -0.0065018641265896186 0.0077474569475251692 -0.0023055674043240067 0.0024159745600644171 -0.00034371854778376335 0.0034136960497875321 -0.0014544142143115308 0.010694405167832056 -0.012574836382494473 0.0033907411432189455 0.0070507743489381467 0.0024511544285852923 0.0059133341500387506 -0.0017301107289293858 0.0038892157358072399 -0.014041959470906834 -0.012853132909091819 0.0098259808143978163 0.0087575260878286505 0.0068338456690075315 0.010044357016758654 0.0044188312477322668 0.011392828925801636 0.00036951397888860388 -0.0057297657875484635 0.005515064697450142 -0.0036770784132212093 0.010980695621210802 -0.011866021179736803 -0.014055309235599854 -0.00060369896730240588 0.0085968167186659099 0.0085088284568265119 -0.011440232782257694 0.0063112839375917777 -0.0019982555390655695 0.0092902546588703467 -0.013058603352563623 -0.0018889609541111816 0.0094834401406510092 0.01164378965479386 -0.0039984804606889648 -0.0013903239139501098 0.0064904778448783597 0.0047061184188568923 0.0027033064710364082
leaf_weight=27.46567211591173 5.2818173151463261 15.506431362009605 13.869386450154705 77.527073722798377 2.0600031171925357 4.2783635868690899 384.78516048251186 37.234914208762348 32.424908844288439 2.9089415923226616 19.688406930770725 15.716443211771546 29.682016021106392 2.406414888799191 5.890443363459787 19.544543310999874 1.8899652098771214 7.0911840049084294 15.578245757147668 10.17177601112053 46.66178602585569 15.913225753232838 8.1302712212782335 2.8298862278461447 1.8271405096165829 18.902597980573773 38.382557361386716 35.885123614221811 24.286186872515827 7.0792252558749187 8.842600010102613 2.595530039165169 1.4148845463059809 24.87512658466585 20.11338871368207 19.276323823258281 19.991263033822179 60.146423177793622 1.3239647736772919 65.500138078466989 17.627069653011858 6.4731005143839857 2.317068586125969 4.6473537925630808 3.2008806541562063 1.6052050995640446 11.49372408678755 11.354082044214008 10.770679989364 1.8962648501619686 1.4761575548909607 6.3588749349582923 3.2122261435724795 1.3276217794045795 9.374726308975367 2.6042008490767321 1.0605668870266525 6.8749089993070838 5.5972429206594825 1.0059919673949478 1.2233828436583278 16.20710959401913
leaf_count=4596 183 2458 916 2340 38 239 62365 6203 1976 442 1621 320 548 55 166 156 44 136 467 233 1285 347 221 17 46 778 863 1202 350 240 168 67 39 357 342 405 194 1227 13 3077 876 189 75 86 116 44 326 112 117 35 18 89 36 24 169 49 14 351 181 31 26 817
internal_value=-5.72142e-05 0.00252685 -0.00303382 -0.00372296 0.00287411 0.00392882 -0.00473354 -0.000287094 0.00065102 0.0042752 0.000777336 0.00270704 0.0043659 0.00525905 0.00475588 0.00697935 0.00380062 0.00996625 0.00209194 0.00342884 0.00288576 0.00326099 0.00387824 0.000287444 0.00389763 0.000754627 0.00615495 -0.000150103 0.00594168 0.00275747 -0.000778428 -0.00505453 0.00454693 0.00860813 0.00663241 0.00505692 0.00875801 0.00371788 0.000455866 -0.000828423 -0.00238701 -0.000868544 0.000254634 0.00609142 -0.000291883 0.000844529 -0.00226922 0.00427071 0.00485467 0.00315121 0.00615726 -0.000400741 0.00178567 -0.00283885 0.00415535 0.000580889 4.10062e-06 -0.00140813 -0.00522203 -0.00478015 -0.00561907 0.000702002
internal_weight=1282.69 686.6 596.088 504.829 659.135 447.006 390.067 114.762 212.129 431.499 91.2589 48.4884 428.591 219.359 190.753 57.2739 133.479 29.0566 74.2724 209.232 178.947 58.6942 129.455 49.4917 28.2173 32.772 42.6609 173.673 59.2069 86.794 18.5174 9.67476 9.51206 28.6055 30.2852 25.1668 22.9418 68.2767 3.73038 137.788 56.5251 38.898 81.2627 6.96442 74.2983 29.0122 13.0989 38.4559 36.3959 25.0418 13.5745 11.4674 9.5711 2.80378 36.2651 11.9789 2.95053 42.7704 8.79812 2.42088 3.05052 23.082
internal_count=100521 24627 75894 71091 20031 11784 62548 8543 8247 9326 4803 2014 8884 3982 3557 1005 2552 362 1732 4902 4327 1265 3025 1302 643 1694 1102 7778 820 1923 475 307 206 425 575 571 252 1448 68 6576 3041 2165 3535 161 3374 717 370 469 431 319 159 160 125 42 568 218 58 2789 297 70 72 1168
is_linear=0
shrinkage=0.01


Tree=47
num_leaves=63
num_cat=0
split_feature=26 13 44 22 28 108 33 15 31 48 106 14 28 56 79 147 31 144 126 150 135 21 15 2 40 114 141 147 87 119 39 122 146 120 17 13 93 120 108 6 44 108 4 44 97 35 28 30 73 79 80 1 121 31 78 79 31 145 144 156 1 97
split_gain=98.5456 20.145 19.674 15.0062 14.7148 12.6401 6.44511 5.84081 5.34902 6.54487 5.03323 4.93788 4.15648 3.98539 3.83976 3.50534 3.70316 5.02753 4.2307 3.75261 3.67734 3.50082 3.38144 3.35499 3.34288 3.82981 4.56595 3.07988 3.02026 2.91504 2.88483 2.85586 2.8334 2.83339 2.73947 2.56749 2.5443 2.52657 2.50798 2.36817 2.334 2.31955 2.7117 2.5847 2.31292 2.26462 2.25935 2.17161 2.165 2.15269 2.42455 2.29704 2.11896 2.17676 2.83255 2.35309 2.2049 2.44848 2.32581 2.11273 2.40391 2.36898
threshold=0.063205591657648094 1.0213091050218153 -0.63444159383661181 -0.16208184459628036 -0.62601298067123701 0.83964117281555217 -3.1268660678800937 -1.0176412661036807 -0.014135076559872331 1.0000000180025095e-35 -0.59819673792920336 1.6606286216286004 0.64345878330366346 -0.28765757159666067 -0.057718050214222022 0.35037893631565692 1.3237863176085116 1.3693793225979387 0.94548932867124813 1.4987378342414157 1.4180752338760307 -0.92173862108708071 -0.90605898906548299 -0.023737583412074537 4.3496745928789595 -0.047449522932057356 0.33589067674228174 -1.0619878803637193 -0.87202845900179538 -0.15493378146177914 -0.036492998357275173 1.2746087415876424 1.4942738742697623 -0.76498842768676989 1.6543642939747205 2.8957249432708929 2.1738883388102987 -0.73795629574236277 1.1560277771125544 -1.2247609636674166 -0.27775849853590151 1.5340213174545714 -0.00070156341346824759 0.98650192614593413 0.84020264648993648 1.8502327979308686 -0.29894144760099728 1.5890372345997674 -0.58926779520569783 0.37093766198752864 0.29960418889681878 -0.15981786046166904 0.64784251313330132 1.0734457809907174 0.84804985966699886 -0.51181229555622021 0.27704361370593128 0.61717300875814818 1.3565166579894834 0.044639811044410428 1.3271211172817978 1.666670274725832
decision_type=2 2 2 2 2 2 2 2 2 2 2 2 2 2 2 2 2 2 2 2 2 2 2 2 2 2 2 2 2 2 2 2 2 2 2 2 2 2 2 2 2 2 2 2 2 2 2 2 2 2 2 2 2 2 2 2 2 2 2 2 2 2
left_child=2 5 -1 4 -4 11 -3 28 -7 -10 -6 -2 24 -8 22 16 18 20 19 29 49 -20 -15 -21 25 30 -27 -25 32 37 34 41 -5 -17 47 -34 -33 44 -16 -35 -31 42 -9 -43 -14 -19 -13 -12 -42 50 -18 -52 53 56 55 -55 -11 -58 -59 -23 -61 -62
right_child=1 6 3 7 10 8 13 31 9 52 12 46 15 14 38 33 17 45 21 23 -22 59 -24 27 -26 26 -28 -29 -30 40 -32 36 35 39 -36 -37 -38 -39 -40 -41 48 43 -44 -45 -46 -47 -48 -49 -50 -51 51 -53 -54 54 -56 -57 57 58 -60 60 61 -63
leaf_value=-0.0057723600770535864 -0.004983605575638728 0.010960590684108804 -0.005659109105704818 0.0091933852146725281 -0.0090001911234616067 -0.0050600119350426281 -0.0032947131634417717 -0.0034736415132726366 -0.00436624503896519 0.0042959601901674908 0.0038909415771665084 -0.0029573829276774584 -0.011665660668193713 0.0062827021126260164 -0.0025286672536847803 -0.0025099531684697131 0.0054020642971097941 0.012120062533191278 0.0092727654746047345 0.0074731453217640144 -0.0041300418435544287 0.0054949065043311349 3.4710049207533311e-06 0.0040812421309276998 0.01100438426120387 -0.00087366921766314704 0.0055596609786141941 -0.012222752823455757 1.5525528889444513e-05 -0.0090867412968543265 -0.009418532345997023 0.0029424391775051779 0.0051642390941987358 0.00020017353562925451 0.0086484664590081705 -0.0054562056289377547 -0.01043615500509852 0.0070526671090130732 0.0039038971495236026 0.010374671582304118 0.0077812375981745124 0.0032810775393667508 -0.00020819015200474687 -0.0052490746855318928 0.003510365077563503 0.0064307173524252113 0.0033038958140050273 -0.0050320720129086094 0.00099646800867383653 0.0071373789715915414 -0.018324071758728602 0.001983706444422785 -0.0024938087716057035 0.0099849817377400899 0.008412541022076267 -0.00038631329066780618 0.0021237957253707118 -0.0075989673603276521 0.00445910645685604 0.0029140568361667148 0.0010976366238765716 -0.019046208310470943
leaf_weight=27.298646539682522 361.25699178827927 6.2848721886984995 15.443620574311351 13.981007798109205 2.8255715775303534 24.137677663005888 21.196568583138287 39.984839243115857 22.81041745445691 11.462418627925219 131.2524559753947 13.305537183769049 1.406610549660402 22.479117955081165 23.558256047312174 2.1296422036830363 3.3458088396582815 17.577982943505052 20.484025705605745 1.849721376551315 4.6895023998804382 26.684712220449001 13.913965133950112 1.5604415922425685 5.549659200012683 40.18239054037258 15.188092611962928 4.3566270840819916 11.839735828340052 2.000892460346221 1.5770932175219048 34.883592397905886 9.5068723075091821 2.5452974995132598 12.274702835595233 2.9748802329413584 1.4693077597767104 22.401075733592734 8.1422911412082595 24.53974766633473 5.4751150540541849 22.0812856417615 70.035679394379258 4.2160689053125671 3.431216059718281 11.859775895252822 10.147015548311172 2.7674231671262524 33.44338312651962 18.800995740573853 1.0914524174295368 1.107253397349268 9.5764720861334336 2.7191285463049999 11.565213561290873 10.943083835998552 10.319452858529987 7.2542022182606143 2.0329332004766911 6.7704504237044585 1.1624233941547575 1.1432628547772763
leaf_count=4596 60012 61 2458 135 440 3449 1942 2378 3696 477 2854 1077 37 468 1639 70 87 135 209 46 117 378 753 50 38 1151 312 156 193 79 97 1163 99 46 241 42 39 421 272 309 104 678 3394 126 64 242 296 211 769 410 36 41 394 87 233 377 345 262 54 127 26 23
internal_value=-3.95853e-05 -0.00302394 0.00254355 0.00288885 0.00392654 -0.00383173 0.00118006 0.000690072 -0.000887221 0.000247837 0.00426999 -0.00469494 0.00435791 0.000489368 0.00166908 0.00531839 0.0048224 0.0069202 0.00389312 0.00235057 0.00395984 0.00597284 0.00388541 -0.00422602 0.00334583 0.00313569 0.000889869 -0.00790658 0.00422238 0.00310197 0.00397584 -9.30984e-05 0.00610008 0.00854882 0.00412155 0.00262263 0.00239623 0.00563737 -0.000872598 0.00942265 0.00141081 -0.000757807 -0.00139607 0.00190822 -0.000896437 0.00983432 -0.000243853 0.00370558 0.00195528 0.0055233 2.90763e-05 -0.00808926 0.00184754 0.00258812 0.00477053 0.00167632 0.000811864 -0.00122107 -0.00494677 0.00407777 -7.92165e-05 -0.00888652
internal_weight=1278.3 593.106 685.19 657.892 446.918 497.531 95.5751 210.973 112.821 88.6833 431.475 384.71 428.649 89.2902 68.0936 219.857 190.643 58.4728 132.17 75.9251 29.035 56.2449 36.3931 7.76679 208.792 203.242 55.3705 5.91707 38.3025 68.1583 147.872 172.671 26.4628 29.2147 146.295 12.4818 36.3529 27.2389 31.7005 27.085 40.9194 136.318 110.021 26.2974 4.83783 29.4378 23.4526 134.02 38.9185 24.3455 5.54451 2.19871 65.8729 56.2964 25.2274 13.6622 31.069 19.6066 9.28714 35.7608 9.07614 2.30569
internal_count=100521 75894 24627 20031 11784 70759 5135 8247 9374 5925 9326 61385 8886 5074 3132 3982 3557 1068 2489 1726 691 763 1221 252 4904 4866 1463 206 469 1474 3403 7778 276 425 3306 141 1202 522 1911 355 952 6576 5772 804 101 377 1373 3065 873 574 164 77 2229 1835 697 464 1138 661 316 554 176 49
is_linear=0
shrinkage=0.01


Tree=48
num_leaves=63
num_cat=0
split_feature=25 22 22 16 24 28 81 15 14 16 28 31 45 36 138 106 148 46 149 114 74 150 29 65 77 65 42 2 3 115 123 3 19 122 77 104 66 127 52 36 141 46 12 99 31 78 141 58 72 74 145 126 73 122 149 22 72 63 154 15 75 120
split_gain=90.8932 17.5393 16.9182 16.592 15.6743 13.3411 8.12595 8.12001 7.24181 6.13017 3.4761 4.1303 3.39679 3.71506 4.73398 4.63586 4.41281 3.88286 3.75969 5.38571 4.12596 3.30642 3.63926 4.10491 3.28914 3.01184 2.95346 2.98079 2.92863 2.91071 2.78536 3.33692 2.84269 2.76686 3.32166 2.75949 4.21576 2.70771 2.68674 2.64073 2.62199 2.61205 2.57989 2.57862 2.55075 2.89644 2.49207 2.51627 2.4668 2.4503 2.40729 2.37977 2.36832 2.29119 2.33674 2.23432 2.21439 2.17888 2.51974 2.27335 2.15678 2.30236
threshold=0.012221651081018409 -0.19311594071189422 0.0071500434819672127 -1.0596336097332009 0.16697216656808778 -0.6005049489560389 -0.0093870180457305708 -1.0176412661036807 1.7267296890994219 0.056365380621701301 3.2582902632633677 -0.13759417638353869 -0.25284010486521363 1.6810953824986468 -0.051562854862313788 1.1458716447814781 -0.27019535412137369 4.0592415448736636 0.10395598670740229 -0.032283049369680204 0.3554147648433173 0.68036235245303411 -0.63744507398210914 -0.54646172595715836 -1.1251362822538886 1.0747339225198242 3.5242790916649898 -0.053148062611449026 1.3989581020983366 -0.74251550902219898 2.3627744274775728 2.0332940643341484 -0.32741415971414012 2.3505596880150614 0.90698462946009328 -0.53613755391769546 1.3864630719663766 0.26925370340738242 0.88949391942176081 3.1359801007492556 -0.48062585988325079 -1.1493982383135923 -0.25564873623049988 0.46024229492147267 0.32446875184764479 0.91268409512509707 -0.57449819967983451 0.97481700343812794 -1.3437755625244856 -0.71332265354815461 1.2054598551127513 1.151959940542739 -1.5359895432146187 0.91158538078204365 0.92802168856603928 -0.095872753150839221 1.2943672889898912 -0.49869650710259056 -0.33200460336625209 -1.0413186014297455 -0.52753367674545593 0.13507091825223241
decision_type=2 2 2 2 2 2 2 2 2 2 2 2 2 2 2 2 2 2 2 2 2 2 2 2 2 2 2 2 2 2 2 2 2 2 2 2 2 2 2 2 2 2 2 2 2 2 2 2 2 2 2 2 2 2 2 2 2 2 2 2 2 2
left_child=1 5 4 6 21 -1 10 25 -5 12 11 -4 -7 14 15 16 18 44 20 29 40 22 -2 -24 -21 30 27 -15 -19 38 31 32 57 35 -35 -9 -37 52 -20 56 -14 -10 -34 -38 45 -16 -23 -48 -11 -17 -41 -50 -18 -33 -55 -36 -29 58 -3 -60 -25 -62
right_child=2 7 3 8 -6 9 -8 33 41 48 -12 -13 13 26 17 49 37 28 19 24 -22 46 23 60 -26 -27 -28 39 -30 -31 -32 53 42 34 55 36 43 -39 -40 50 -42 -43 -44 -45 -46 -47 47 -49 51 -51 -52 -53 -54 54 -56 -57 -58 -59 59 -61 61 -63
leaf_value=-0.0055220711513457666 -0.0023487468143017303 0.013777387741254518 0.0070311106669525602 -0.004853897344557552 -0.0049407473463384914 -0.0022348355001208472 -0.0036657795967683223 0.00020680811822573183 0.0095616671028771801 0.0060213856295308274 0.013057023036324181 -0.001231063618702565 0.001773908273112975 0.00046850022128551335 0.0022334582777472755 -0.0013867773503080162 -0.00096271453826999275 -0.0032172308490500184 0.012146091328768278 0.010836686849518936 0.0079929254223805972 0.010491546756419206 0.0039433089299801358 -0.006174937635828397 -0.0041761218345203127 -0.0059989047265533967 -0.0065060385007837751 0.0095300760927596751 0.0089108129280654359 0.0086446003346447569 0.013306405187430592 0.0045664834880471336 -0.0038799319170568559 0.010716788303656813 -0.013072440546055386 -0.003503055056070264 -0.001437811259826321 -0.0012442752763076332 -0.0066102140759696712 -0.011953686743761158 -0.0071252450682284087 -0.00063237010310336227 0.0057125012813647796 0.0081222710803560225 0.0034549913840087073 -0.0036395688137542139 -0.0053806729709659062 0.0017762399854877554 0.00067130103028838889 0.0089955087978184946 0.0054912711492378528 0.0077157135147282513 0.0086286138919990114 0.00032743891599911639 -0.015708456309176964 0.0023189024072366371 0.0015283913578792926 9.015805031088221e-05 -0.0017195981120569576 0.0093472048364757025 0.0032073665068558066 -0.0032320369212204565
leaf_weight=14.509319927776231 16.181377024622634 7.3139929943718025 14.373455559369182 361.84478988812771 52.936235441360623 6.5166151097510001 16.840232490329072 108.7910093551036 2.7700795317068723 12.239594319136812 4.5706953811459234 10.408272285014389 5.3423130703158686 5.3365237363614133 22.231349564855918 2.3855870100669554 2.7767544207163146 2.2806644495576647 1.0727403948549175 1.7528620390221465 3.8250672160647801 1.4697881296742732 77.335988031467423 5.370426872745159 8.4227474590297771 2.6116165765561155 1.5037111565470684 46.286572616081685 14.851731469389049 19.7857696027495 3.7118928059935561 2.6706792800687245 4.8372576069086781 4.7167507421690953 1.1097735962830482 55.641290549887344 5.7827101501170528 3.5797331964131436 2.5754032232798636 1.1256078502628946 8.6177860542666167 26.138102191034704 6.6221654755063382 5.4681014607194811 54.455131644383073 13.480657837353645 14.216420752462001 7.4709821310825637 68.110786010278389 41.250523360213265 2.5955912754870951 5.1545757360290727 32.076550505124032 1.8132622120901944 1.7870695986784992 5.9670155458152294 3.7749095305334768 2.9571929150260976 2.7465056120418012 5.6111319558694959 15.062254548072817 8.7711504318285716
leaf_count=2359 1015 50 461 58526 8673 688 1631 4000 46 325 39 893 160 87 578 44 50 19 16 17 55 62 2800 564 189 45 47 653 131 268 21 46 94 126 27 5386 339 146 62 39 456 1114 102 141 1194 377 895 375 2492 386 62 107 360 26 24 178 68 42 36 55 787 467
internal_value=-2.25363e-05 0.00264372 -0.00269867 -0.00379904 -0.00027975 0.0038891 0.00186671 0.000436009 -0.0044691 0.00423658 0.00504442 0.00355788 0.00489459 0.00504915 0.00449057 0.00574868 0.00444647 0.00292436 0.00252599 0.00449367 -0.00118724 0.00141117 0.00206555 0.00273709 -0.00157208 0.0043722 0.00726478 0.00761777 0.00728956 0.00713138 0.00505195 0.00420309 0.00558684 -0.000459794 0.00422564 -0.000775117 -0.00237337 0.00701071 -0.00104944 0.00832507 -0.00371369 0.000343968 0.00165477 0.00320277 0.00209312 1.32957e-05 -0.0020518 -0.00291093 0.00186561 0.00842543 0.000169733 0.00116926 0.00786155 -0.00241854 -0.00762594 -9.56792e-05 0.00892913 0.00799808 0.0094829 0.00570075 -0.000453982 0.000832987
internal_weight=1273.84 638.077 635.76 436.946 198.815 407.917 46.1927 230.159 390.753 393.408 29.3524 24.7817 307.903 301.386 240.763 133.464 89.8277 107.3 51.3947 33.6095 17.7852 145.878 122.721 106.54 10.1756 42.6828 60.6229 59.1192 17.1324 23.4339 40.0712 36.3593 30.0882 187.477 11.7935 175.683 66.8921 38.433 3.64814 53.7827 13.9601 28.9082 11.4594 11.2508 90.1671 35.712 23.1572 21.6874 85.505 43.6361 3.7212 73.2654 34.8533 6.27101 3.60033 7.07679 50.0615 18.6288 15.6716 8.35764 29.2038 23.8334
internal_count=100521 22173 78348 62710 15638 11435 3024 10738 59686 9076 1393 1354 6152 5464 4508 2209 1779 2299 1223 552 671 6965 5633 4618 206 541 956 909 150 346 496 475 379 10197 331 9866 5866 556 78 822 616 1160 196 480 2149 955 1332 1270 2924 430 101 2599 410 96 50 205 721 183 141 91 1818 1254
is_linear=0
shrinkage=0.01


Tree=49
num_leaves=63
num_cat=0
split_feature=26 13 36 22 144 45 25 156 25 33 16 14 156 36 138 69 156 5 126 0 128 119 140 31 79 19 122 45 2 72 30 7 121 31 42 103 114 96 100 122 77 137 120 2 125 75 31 30 62 31 78 16 12 3 144 114 116 113 150 16 72 130
split_gain=92.6784 19.7924 15.5942 15.3008 10.8655 8.68677 8.30852 6.76635 6.65546 6.37526 5.89598 4.83947 4.12741 3.216 5.33363 6.27695 4.93402 3.41757 4.13725 3.58095 3.36472 3.28179 3.16828 3.12681 3.12554 3.03127 2.87038 2.83921 2.8115 2.83262 2.98796 2.66872 2.66721 3.22121 2.66175 2.55915 2.56655 2.48897 2.45768 2.44401 2.97068 2.43756 2.40799 2.92158 2.38638 2.37649 2.32689 2.31011 2.41923 2.33716 3.2359 2.97257 2.77856 2.28898 2.7305 2.52277 2.22948 2.19805 2.73344 2.17602 2.17367 2.23881
threshold=0.063205591657648094 1.0213091050218153 0.87041864665053303 -0.19311594071189422 -1.5953832798775867 -0.68322285920063752 0.20036925947651993 -0.33410990576245253 0.23050876823034253 -3.1268660678800937 0.056365380621701301 1.6387899208669985 -0.33083077648808362 1.6810953824986468 -0.049477560085210891 1.1132465719068281 -0.26365507065684507 0.044827155013148524 -0.071591250030650241 -0.37216972232755224 0.9832817581977098 1.8243090089626686 0.33057216404822198 1.0734457809907174 -0.10379583857464017 -0.32741415971414012 -0.47033848622424673 -0.79073998934346379 -0.053148062611449026 1.2943672889898912 1.5337923230703334 1.4199936941092304 -0.0071451792273830471 -0.6398023011885593 -0.65128713744622935 -0.37284926918748568 -0.29349582802069391 -0.024613847400870224 0.67273357301230641 2.3505596880150614 0.90698462946009328 -0.67004986538681222 0.19454954556148057 3.2585437809002786 2.066086386257949 1.0748080328275844 0.44536409780386221 -0.078850133206443226 0.37514347286665112 0.34875418923591023 0.10197694240522877 -2.4505715865577118 -1.0322516253619829 1.1586793285241657 1.3565166579894834 0.061068552867895094 0.27677980958735876 -0.097588173875456471 -0.50860500876321046 -0.29950385571414334 -1.5044010305150513 -1.5862895014391654
decision_type=2 2 2 2 2 2 2 2 2 2 2 2 2 2 2 2 2 2 2 2 2 2 2 2 2 2 2 2 2 2 2 2 2 2 2 2 2 2 2 2 2 2 2 2 2 2 2 2 2 2 2 2 2 2 2 2 2 2 2 2 2 2
left_child=3 2 11 4 -1 -6 23 25 10 -3 13 -2 24 14 15 16 17 18 19 -7 47 35 -22 46 -11 32 59 -9 31 30 53 -15 -5 -34 -20 -19 -37 -8 -14 -29 -41 -21 -32 -44 -31 -35 -4 -16 49 50 -49 52 -52 -30 55 -55 -13 58 -27 -18 -12 -62
right_child=1 9 6 7 5 8 37 27 -10 12 60 56 38 28 20 -17 26 21 34 41 22 -23 -24 -25 -26 57 -28 39 29 44 42 -33 33 45 -36 36 -38 -39 -40 40 -42 -43 43 -45 -46 -47 -48 48 -50 -51 51 -53 -54 54 -56 -57 -58 -59 -60 -61 61 -63
leaf_value=-0.0045940120077586572 -0.0049548643984482065 0.010929419819187627 0.003316725000886517 0.011532537470036647 -0.0048726286585447191 -0.013020673294248573 -0.0050641267105698976 -0.0069865620492819101 -0.0060282212860536064 0.0045751171049133992 0.0062626076604142067 -0.0028553745041434092 -0.0034393107132687259 0.0038842289422856349 -0.0045080972976681644 0.0087947919721656827 0.0084726690033281784 0.0083509969841295481 -0.009085896991599134 0.0023003349174275721 0.0093316957236339801 -0.0097643952159961554 -0.0041127332797623846 0.0056501044240533371 -0.0010330456978867139 -0.014920338191256393 -0.0062267744540827801 -0.00044049104964647383 0.013241221675722484 -0.0051666964864973321 0.0072235841297453394 -0.011919418103826171 0.014594000599784225 -0.0012583564502685717 0.004173591919027702 -0.006906381594316743 0.007435477299843566 -0.00062886148405219046 0.0014548099628457713 0.010051802749960467 -1.8663885770136327e-05 -0.0072018266544040619 0.0047289185346643956 -0.010786885780075179 0.012422859153367547 0.0061002244312405073 -0.0021371516025269284 0.0063153691256097504 -0.0029608664305496341 0.0042472527424753095 -0.0060288179327820761 -0.0035443907046780361 0.006966317001480299 0.0064374715761310129 0.012404741415250647 -0.0084656992667406315 0.0030655908714009683 0.0084917123000262645 5.6288611800031087e-05 0.0020891355133015694 0.0076983681521227568 0.0010739743053607017
leaf_weight=15.762056258274241 363.22025033971295 6.3392271059565237 15.642473365180196 6.7107375306077328 11.100011439993976 3.0817074549850068 28.804006772232242 6.2541228216141453 6.3966463855467728 29.660355957690626 10.848681548377497 16.25319596845657 27.609623507130891 5.3833031483227378 5.059996045427396 43.979282701155171 33.781847381265834 16.687538214726381 1.6110118892975176 7.8906095379497829 11.773578494088722 1.3067100578919042 2.042033731006085 20.080431157140993 14.898823256371541 1.4370065047405649 1.5780733425635833 175.42901717219502 13.368063786765559 2.92991822049953 14.357241281541066 1.321642199065536 2.6099538244307068 8.1437909477390367 22.220916911959648 2.5163425202481449 2.4549021744169286 22.664776575053111 16.28420544648543 5.0493297195062024 6.910519078373909 4.086426893249155 3.4952565354760727 1.8450631820596752 1.0350194210186598 9.4545590430498105 15.613603825448079 8.0713627424556744 7.6299332003109148 51.161763625917956 2.1794852796010673 15.943366578314455 6.5529526195023191 11.17436182126403 8.1285223648883385 1.2500997553579498 10.424886751221491 2.3621637469623229 7.6394754345528773 6.4032196286134413 5.4529214075300834 78.891121989116073
leaf_count=2512 61083 61 551 60 1598 195 4800 962 904 644 224 1054 3056 99 173 491 431 216 46 220 94 32 26 751 713 24 37 8883 131 71 393 29 16 97 395 62 43 1306 661 138 191 172 98 54 9 97 701 208 332 1073 53 478 102 150 56 23 513 40 123 135 96 2535
internal_value=-2.2322e-05 -0.00293426 -0.00373938 0.0024832 0.0035572 0.00385289 -0.000273686 0.000396038 0.00408172 0.00124944 0.004237 -0.0046529 0.000553411 0.00488307 0.00438303 0.00562723 0.00428114 0.00248496 0.000675325 -0.00342323 0.00271856 0.00554347 0.00733575 0.00257151 0.00269792 0.0042328 0.00693787 -0.000363629 0.00688736 0.00760104 0.00820417 0.000741097 0.00606477 0.00423929 0.00326964 0.00647572 0.000156555 -0.00311346 -0.00162144 -0.000141693 0.00422948 -0.000936654 0.00509189 -0.000623193 -0.000530206 0.00269052 0.000589295 0.00205648 0.00242089 0.00291175 0.000821543 -0.000973246 0.0037083 0.0100065 0.00789222 0.00492433 -0.000537634 -7.12325e-05 -0.00231765 0.00745876 0.00204823 0.00150429
internal_weight=1270.25 587.496 492.704 682.754 450.753 434.991 102.805 232.001 423.891 94.7922 417.494 389.898 88.453 322.302 258.013 147.599 103.619 61.8562 38.8907 15.0587 110.414 22.9655 13.8156 51.3365 44.5592 38.3577 41.7631 193.643 64.2885 57.5835 53.6186 6.70495 26.919 20.2083 23.8319 21.6588 4.97124 51.4688 43.8938 187.389 11.9598 11.977 19.6976 5.34032 3.96494 17.5983 31.2561 96.5989 91.5389 83.9089 32.7472 24.6758 8.73244 33.921 20.553 12.4245 26.6781 11.4386 9.07648 40.1851 95.1927 84.344
internal_count=100521 75894 70759 24627 13996 11484 8109 10631 9886 5135 8982 62650 5074 6127 5014 2475 1984 1381 1028 587 2539 353 120 2003 1357 457 603 10174 1113 985 905 128 270 210 441 321 105 6106 3717 9212 329 392 545 152 80 194 1252 2419 2246 1914 841 633 155 360 229 173 1567 187 147 566 2855 2631
is_linear=0
shrinkage=0.01


Tree=50
num_leaves=63
num_cat=0
split_feature=26 44 13 36 28 48 36 138 156 98 108 28 150 35 79 142 79 25 36 123 98 143 31 0 2 157 6 147 9 27 96 102 150 74 28 14 80 122 142 30 79 36 60 114 32 14 46 8 79 13 79 5 133 5 21 25 95 108 111 74 150 123
split_gain=93.3035 18.0301 16.4564 15.8075 12.5298 9.87985 7.59152 9.20069 10.2939 9.19879 7.59335 5.21336 5.90977 5.03826 5.005 4.8201 4.26945 4.24331 4.11197 4.10646 4.02172 3.96271 3.68012 3.49929 3.40379 3.33429 5.09625 3.26048 3.22703 3.21307 3.06405 2.96776 2.88348 2.84109 2.79841 2.74383 2.62715 3.61885 3.28355 2.80477 2.65213 3.48798 2.62493 3.67667 3.41039 2.56063 3.13846 2.55801 2.54909 2.53476 2.52952 2.41249 2.76279 2.40535 2.37137 2.44927 2.35502 2.34359 2.33923 3.67639 2.31526 2.30439
threshold=0.0508872213842647 -0.63444159383661181 0.95646491158452018 0.87041864665053303 -0.62601298067123701 0.1019387215754409 1.6810953824986468 -0.09172719386781486 -0.33410990576245253 0.98922542611941378 1.3071214478311979 -0.19116130874032342 0.81910431102831971 1.9352646642437055 0.52161140941731576 -0.21477176170697512 -0.52642300384135587 -0.45262104096377753 3.1359801007492556 1.9153859264461752 2.1201868141511544 1.1822684564777208 0.098332841718661843 -0.37663381968734533 -0.053148062611449026 -0.026920509524546336 2.6538882660385954 0.095986873723745023 0.40984504309186631 0.12491467812332398 1.8459359407855362 -1.249670875451278 1.8748588476824291 -1.8115421294502616 1.4317083964320134 1.6606286216286004 1.0166332502758724 1.5442010707492715 1.0065227568029751 -0.10827152613112354 1.1687312560839274 1.5298465531294869 1.064642873139749 -0.43493929963228023 1.0195622365728425 1.726729689111427 0.66785875327418298 1.2786353697489841 0.9999089890418188 3.3104819316410921 1.1342248189284527 -0.074613295564821283 1.0429393003716356 2.7816348114457932 0.10323173534767323 0.068425036475444165 0.67777392194583252 0.89818653605933585 -0.601884614651779 1.166135628508232 0.64796643845203328 2.1060110677793418
decision_type=2 2 2 2 2 2 2 2 2 2 2 2 2 2 2 2 2 2 2 2 2 2 2 2 2 2 2 2 2 2 2 2 2 2 2 2 2 2 2 2 2 2 2 2 2 2 2 2 2 2 2 2 2 2 2 2 2 2 2 2 2 2
left_child=1 -1 3 35 -3 -5 7 9 14 11 19 51 25 18 -9 45 29 58 24 33 22 34 49 -24 60 54 28 -11 42 -17 47 -30 -26 -10 -14 -2 38 40 39 -25 41 -38 43 44 -27 -4 -47 57 -22 -12 -50 -6 -53 -35 55 -13 -32 -16 59 -15 -8 -49
right_child=2 4 15 5 6 -7 13 8 10 27 20 12 21 17 30 16 -18 -19 -20 -21 48 -23 23 36 32 26 -28 -29 31 -31 56 -33 -34 53 -36 -37 37 -39 -40 -41 -42 -43 -44 -45 -46 46 -48 61 50 -51 -52 52 -54 -55 -56 -57 -58 -59 -60 -61 -62 -63
leaf_value=-0.0056343075508617909 -0.0047421793240333627 -0.0053926769823470699 -0.002465295482671586 -0.0044208554796893737 -0.0026494630180829053 0.0020383720249765392 0.0059737541813871852 0.0088042456738381698 0.0096376562600368684 0.0030179069809661242 -0.00083181166986681296 0.0090119567652974485 -0.0011608698061196289 -0.0086506379082552688 0.00044017947455788579 0.0011020414859628249 0.00019875716579259361 -0.0057649540785902308 -0.0060276635860314273 0.0064895885550426994 0.010967055045135876 0.0049806387812075638 0.0098753435235997764 -0.0045357661779666407 0.0095564944854852427 0.0068847570267599459 -0.016949470209976482 0.0098147693191895594 -0.003761594403166786 0.0085805452808684225 0.0014356659781619306 0.0079388014481244478 -0.003359305397022107 -0.0013676859396358544 -0.015584433139159514 -0.0011537998015308368 0.00051604734120261667 -0.010847243933363782 -0.0043764958372995788 0.0054501574828750531 0.004496556753191187 -0.013265381434734963 0.0094465811578177822 -0.0019099376533223658 -0.0039393264578175121 0.0051236367675428184 -0.011338148577005552 0.00084479810001829108 -0.0094019891010497288 0.0093857704690968671 0.0065198332783591266 0.0077804433524402295 -0.0073575434110400486 0.0031842156721495997 -0.0030524148584998123 -0.0029568589131000983 -0.011867363628535592 0.012640155161034641 0.0082290975875962645 0.0085327131571326167 -0.0055672296219532215 0.0096669058610953738
leaf_weight=25.539808738860302 367.19568560202606 17.564982782118022 43.547766662901267 35.944785726140253 18.599112715339292 69.349189023720101 4.8308825162239364 27.176003949251026 2.5545945309568188 8.8088297802023572 40.276846487307921 28.37378466012888 2.5414365052711201 2.6436734120361507 2.2105457000434425 9.06845142086968 28.637147536501288 5.5297211718279859 2.1250923788174978 8.1497069296892715 9.0970915625803155 3.3120559700764716 7.516361071728169 2.9794845262076697 46.333146402379498 13.657579419203101 1.1662709254305799 36.687411793740466 2.376641625538471 15.838863573502747 3.3871648395434013 22.87772923684679 1.779077029088511 134.93442385899834 2.8905664733611047 22.708991397172213 11.567457557190215 2.6000828216783693 4.1871264805085948 45.52939277747646 14.190492100547997 2.1704383385367683 4.4800198557786635 17.525653716642413 3.6788398579228661 9.1498055285774154 1.3132768105715502 16.282652675639842 1.3823643196374167 2.5732042016461483 3.4938664091750979 5.2440777863375834 1.549685603007674 12.680928087560458 1.9436372807249416 1.8016778957098711 2.1684087663888931 5.6221466837450862 7.5850911112502235 2.3343612053431571 2.696046998957172 3.6189471669495097
leaf_count=4338 61197 2622 3491 5984 828 2204 69 233 85 117 1221 329 99 67 29 350 1749 407 52 209 104 72 97 97 538 316 39 368 90 335 41 466 41 6338 124 1372 288 73 109 842 332 56 51 508 120 185 45 250 26 28 55 104 44 448 60 153 24 47 186 41 62 29
internal_value=1.22547e-05 0.00260157 -0.00283495 -0.00360502 0.00293187 -0.000165911 0.00316806 0.00275428 0.00184835 0.00462312 0.00110257 0.00328511 0.00425494 0.00613262 0.00561862 0.000709669 0.00283619 0.00151978 0.0075752 -0.000417996 0.00273456 -0.00361199 0.00219923 0.00333975 0.00809754 0.00495904 0.00366529 0.00850193 0.0040416 0.00586326 0.00301318 0.00683269 0.00907622 -0.000793943 -0.00886908 -0.00453347 0.00274718 0.000409034 0.00409951 0.00483394 0.00146406 -0.00166206 0.00224613 0.00131551 0.00458114 -0.00139677 0.00303903 0.00437255 0.00784017 -0.000213852 0.00197568 -0.000783398 0.00430697 -0.000975787 0.00760287 0.00829328 -0.0037507 0.00921478 0.00473618 -0.00057181 0.00182476 0.0024581
internal_weight=1265.58 662.827 602.754 495.199 637.287 105.294 619.722 543.865 366.35 177.515 305.884 132.019 106.626 75.8571 60.4659 107.555 53.5445 18.0928 57.7642 158.32 147.564 8.74406 133.591 90.7408 55.6392 97.8818 65.7627 45.4962 64.5965 24.9073 33.2899 25.2544 48.1122 150.17 5.432 389.905 83.2245 30.5285 52.696 48.5089 27.9284 13.7379 39.3421 34.8621 17.3364 54.0108 10.4631 27.7343 13.9733 42.8501 4.87623 25.3929 6.79376 147.615 32.1191 30.1755 5.55557 7.83269 12.5631 4.97803 7.52693 19.9016
internal_count=100284 23372 76912 70757 19034 8188 16412 14949 11061 3888 10408 3403 2427 1463 653 6155 2434 701 762 7080 3328 295 3143 1894 710 2132 1590 485 1551 685 420 556 579 6871 223 62569 1797 749 1048 939 676 344 995 944 436 3721 230 355 185 1249 81 976 148 6786 542 482 65 76 294 108 131 279
is_linear=0
shrinkage=0.01


Tree=51
num_leaves=63
num_cat=0
split_feature=26 44 36 22 28 16 24 14 81 14 145 103 11 141 150 155 33 138 39 31 144 107 151 135 79 12 144 21 9 34 31 33 87 147 65 11 20 31 34 30 48 97 64 5 151 145 109 34 64 150 25 14 115 79 36 31 114 66 86 71 148 44
split_gain=93.8806 17.9594 16.0008 13.7123 14.4757 13.3185 12.1523 8.32001 6.31505 4.56085 4.48762 4.04525 3.74862 3.62766 3.61592 3.38327 4.01839 4.78016 4.50521 4.15342 3.2728 3.18988 3.10988 3.07347 3.07101 3.0622 2.9616 2.93565 2.84368 2.84177 2.70383 2.67415 2.97222 3.6502 2.61194 2.5921 2.57603 2.55505 2.72309 2.70899 2.83102 2.55112 2.54292 2.536 2.69749 2.41545 2.38537 2.41336 2.34435 2.26999 3.30511 2.8011 2.20426 2.2038 2.14379 2.69973 3.01011 2.93631 2.50809 2.14539 2.14371 2.14207
threshold=0.0508872213842647 -0.63444159383661181 0.87041864665053303 -0.19311594071189422 -0.6005049489560389 -1.0596336097332009 0.15551656169424338 1.7267296890705655 -0.19382119033096268 1.6606286216286004 -1.6094600771317309 0.60467342598450269 3.1455471144057432 -0.11606176278032915 -0.57408796928933903 0.036928633745845187 0.39510170117292231 -0.067331155705247336 -0.036492998357275173 1.3237863176085116 1.2701190417396209 1.0434115343095931 2.5164665265439985 1.3741873129310727 0.79983653812348399 0.57753056883590503 -0.90611387079139039 0.061655961464964527 -0.51808780857169701 0.08594778574069345 0.053871423503297051 1.1018425055859158 -0.87202845900179538 0.35783271112902659 0.21645387332612734 1.6700040187820557 -0.66881354481897681 0.16790717187444296 0.47177089954843926 -0.67754321539438511 0.99692990683619986 1.3237593841622737 -1.1369931670661899 -0.38670687309664176 3.6719695598285802 -0.30771068098519622 0.1604178634974526 0.02408888333052199 0.30159869680579965 0.0064831217468204706 -0.080462947457488845 1.5026582739123966 -0.5354977928572916 0.52161140941731576 0.7088800059538396 -0.62834494822990383 -0.032283049369680204 0.2279433901332811 0.34046203861784641 0.68854920945761222 -0.060977266380106303 2.1037853494907353
decision_type=2 2 2 2 2 2 2 2 2 2 2 2 2 2 2 2 2 2 2 2 2 2 2 2 2 2 2 2 2 2 2 2 2 2 2 2 2 2 2 2 2 2 2 2 2 2 2 2 2 2 2 2 2 2 2 2 2 2 2 2 2 2
left_child=1 -1 5 4 -3 8 14 21 13 -7 -6 12 15 -2 -4 16 25 18 27 24 23 29 54 -21 30 26 -12 31 -27 -5 43 32 33 -18 -26 -36 -14 38 -16 -39 46 -35 -11 -19 60 -42 -41 -48 -29 51 -51 -34 -44 -9 55 56 57 -23 -57 -56 -45 -28
right_child=2 3 6 7 10 9 -8 53 -10 42 11 -13 36 -15 37 -17 17 19 -20 20 -22 22 -24 -25 34 28 61 48 -30 -31 -32 -33 49 41 35 -37 -38 39 -40 40 45 -43 52 44 -46 -47 47 -49 -50 50 -52 -53 -54 -55 59 58 -58 -59 -60 -61 -62 -63
leaf_value=-0.0056179558601418727 0.00065225005684155712 -0.0053111749291744606 -0.015277211840211058 0.0031453547232122682 -0.0058205858887819409 -0.0046515777661319258 -0.0043518719540169984 0.0083807066893731488 -0.0030433847466347771 -0.0084047617840877706 0.010153619172775033 -0.0078976686854324227 0.0085983651537242436 0.0074060817479223596 0.01275811215433381 0.0022000654090856726 0.0061861952993970924 0.0075697957737074053 -0.010213627507354456 0.0047876790769354177 0.0087596430473467005 -0.01073179340151907 0.0058215741941024116 -0.0077291858995316596 0.0015176906258924873 -0.0090749569885722522 0.0021946631790297857 0.003626533023118978 0.001164471833945207 -0.0034015120245273296 0.0060956684129721793 0.0099071911704576403 0.010592807618767113 0.0020173680008864388 -0.014455814018621118 0.0048964014500041935 0.0016148369825226931 -0.013741142304570783 -0.00034099475527441653 0.0025371489145459346 -0.0016863052337952908 -0.010428844071058778 -0.0040252164918534511 -0.0064633651129899928 0.012434718339612721 0.0052083979950908257 -0.0058825420975527109 0.0012105121409739588 -0.011767936251959092 0.0083165216515453163 -0.0058745634738625804 -0.0024292865936038593 0.0015116607962542131 0.0030859203575395195 -0.0032861667996195503 0.0017645027931890683 0.008464255920388488 0.0051806866804237689 -0.0026244408351708613 0.0033089888624095974 0.0025824242672828385 0.013073353619338904
leaf_weight=25.405610215035267 17.194307601079345 16.184592194855213 1.1496011614799488 7.970182954799383 4.2991378360893568 375.93532619916368 39.955606976756826 14.523619944695385 23.417615147656761 4.1643159480299792 5.9594211210496715 2.6302097986917934 32.617002310464159 14.847978635923935 4.6205487069673827 69.132023808779195 17.773184945341203 4.5061727180145708 1.4949359905440349 16.512717340374369 26.872985401190817 2.1405707919038832 11.118737773038445 2.2114871898666015 38.242677656002343 3.8792554331012061 43.529593308456242 4.6709204760845742 8.9158169846050424 38.852693542139605 33.976462839404121 33.390265791676939 24.053973931353543 4.8366122101433566 2.0669613443315025 1.022301456891 6.3522292040288439 1.0683744833804656 2.3914537783712149 23.960926752304658 5.973306613508611 2.47867744974792 10.231440102681516 6.5139187606982887 1.2838864475488669 33.09208323713392 9.209314302774148 9.9560416704043728 1.243802106939256 4.6423496110364795 2.5191061040386549 1.7567870155908156 24.112439206801355 17.350992494728416 5.8400110967922947 17.827313783345744 6.2509137527085823 2.4996047052554786 48.015717260772362 31.062957400456071 4.3512728204950655 1.8840371263213445
leaf_count=4338 1159 2486 39 247 496 62078 6500 127 2169 258 74 409 368 422 73 1819 193 97 59 352 324 58 173 60 860 127 1184 121 236 3009 518 332 269 86 53 14 140 45 55 864 169 53 524 209 11 738 390 346 39 54 57 26 1083 239 265 684 105 59 1863 916 134 29
internal_value=2.16119e-05 0.00262373 -0.00283732 0.00295357 0.0039621 -0.00369987 0.000247112 0.000812516 0.000900699 -0.00431576 0.00432357 0.00442998 0.00450975 0.00378634 0.00225844 0.00419798 0.00465705 0.0052598 0.0069387 0.00405208 0.00652135 -5.86249e-05 0.00077611 0.00330066 0.00282612 0.00243426 0.00352504 0.0072041 -0.00193681 -0.00228454 0.00447738 0.0076457 0.00634194 0.00373862 0.000800304 -0.00802436 0.00746328 0.00248453 0.00828228 0.00199411 0.00220151 -0.00219467 -0.0010344 0.00116841 -0.00120196 0.00415144 0.000432323 -0.00219391 0.000357966 0.00831803 0.00330951 0.009702 -0.00013562 0.00550349 0.000281092 -0.000670419 0.00393685 -0.00214573 -0.00143451 0.00226197 -0.00283248 0.00265096
internal_weight=1261.94 660.664 601.281 635.258 431.805 469.903 131.377 203.453 55.4599 414.444 415.62 411.321 408.691 32.0423 91.4217 369.722 300.59 236.421 98.8606 137.561 45.5972 171.579 124.756 18.7242 91.9637 64.1681 51.3731 97.3657 12.7951 46.8229 50.6317 91.451 58.0607 25.0885 41.3319 3.08926 38.9692 90.272 7.012 83.26 82.1917 7.31529 38.5082 16.6553 12.1491 39.0654 43.1263 19.1654 5.91472 32.9722 7.16146 25.8108 34.3439 31.8746 113.637 76.7341 10.8911 4.64018 65.843 36.903 10.8652 45.4136
internal_count=100284 23372 76912 19034 11289 67693 9219 7745 3750 63943 8803 8307 7898 1581 2719 7390 5571 3921 1289 2632 736 7379 4123 412 1896 1650 1287 1230 363 3256 969 1070 738 332 927 67 508 2680 128 2552 2507 139 1865 451 354 907 1600 736 160 406 111 295 1607 366 3950 2769 222 117 2547 1181 343 1213
is_linear=0
shrinkage=0.01


end of trees

feature_importances:
Column_36=120
Column_28=116
Column_79=85
Column_156=75
Column_44=69
Column_14=68
Column_31=60
Column_15=52
Column_149=52
Column_22=51
Column_30=51
Column_13=47
Column_17=47
Column_80=45
Column_26=44
Column_33=43
Column_35=43
Column_138=43
Column_145=43
Column_77=42
Column_5=41
Column_21=41
Column_144=41
Column_24=39
Column_25=37
Column_45=36
Column_46=35
Column_122=35
Column_78=34
Column_98=34
Column_147=33
Column_121=32
Column_150=32
Column_56=31
Column_16=30
Column_29=29
Column_100=29
Column_114=29
Column_140=29
Column_0=28
Column_108=27
Column_123=27
Column_137=27
Column_141=27
Column_81=26
Column_142=26
Column_143=26
Column_20=25
Column_42=25
Column_148=25
Column_136=24
Column_27=23
Column_75=23
Column_103=22
Column_2=21
Column_7=21
Column_23=20
Column_120=20
Column_71=19
Column_72=19
Column_99=19
Column_119=19
Column_73=18
Column_104=18
Column_34=17
Column_48=17
Column_52=17
Column_65=17
Column_94=17
Column_3=16
Column_76=16
Column_1=15
Column_8=15
Column_43=15
Column_69=15
Column_70=15
Column_97=15
Column_124=15
Column_126=15
Column_154=15
Column_32=14
Column_53=14
Column_106=14
Column_128=14
Column_115=13
Column_74=12
Column_90=12
Column_95=12
Column_146=12
Column_155=12
Column_11=11
Column_19=11
Column_61=11
Column_64=11
Column_105=11
Column_107=11
Column_129=11
Column_153=11
Column_9=10
Column_18=10
Column_86=10
Column_113=10
Column_116=10
Column_118=10
Column_127=10
Column_130=10
Column_6=9
Column_66=9
Column_85=9
Column_96=9
Column_135=9
Column_12=8
Column_109=8
Column_152=8
Column_157=8
Column_4=7
Column_39=7
Column_63=7
Column_102=7
Column_112=7
Column_131=7
Column_151=7
Column_10=6
Column_62=6
Column_68=6
Column_91=6
Column_92=6
Column_93=6
Column_111=6
Column_132=6
Column_139=6
Column_49=5
Column_54=5
Column_83=5
Column_88=5
Column_40=4
Column_51=4
Column_57=4
Column_59=4
Column_60=4
Column_87=4
Column_47=3
Column_55=3
Column_58=3
Column_82=3
Column_84=3
Column_89=3
Column_117=3
Column_133=3
Column_67=2
Column_125=2
Column_134=2
Column_50=1
Column_101=1
Column_110=1

parameters:
[boosting: gbdt]
[objective: lambdarank]
[metric: ndcg]
[tree_learner: serial]
[device_type: cpu]
[data_sample_strategy: bagging]
[data: ]
[valid: ]
[num_iterations: 1000]
[learning_rate: 0.01]
[num_leaves: 63]
[num_threads: 24]
[seed: 42]
[deterministic: 0]
[force_col_wise: 0]
[force_row_wise: 0]
[histogram_pool_size: -1]
[max_depth: -1]
[min_data_in_leaf: 20]
[min_sum_hessian_in_leaf: 1]
[bagging_fraction: 0.7]
[pos_bagging_fraction: 1]
[neg_bagging_fraction: 1]
[bagging_freq: 5]
[bagging_seed: 400]
[bagging_by_query: 0]
[feature_fraction: 0.7]
[feature_fraction_bynode: 1]
[feature_fraction_seed: 30056]
[extra_trees: 0]
[extra_seed: 12879]
[early_stopping_round: 0]
[early_stopping_min_delta: 0]
[first_metric_only: 0]
[max_delta_step: 0]
[lambda_l1: 0.01]
[lambda_l2: 0.01]
[linear_lambda: 0]
[min_gain_to_split: 0]
[drop_rate: 0.1]
[max_drop: 50]
[skip_drop: 0.5]
[xgboost_dart_mode: 0]
[uniform_drop: 0]
[drop_seed: 17869]
[top_rate: 0.2]
[other_rate: 0.1]
[min_data_per_group: 100]
[max_cat_threshold: 32]
[cat_l2: 10]
[cat_smooth: 10]
[max_cat_to_onehot: 4]
[top_k: 20]
[monotone_constraints: ]
[monotone_constraints_method: basic]
[monotone_penalty: 0]
[feature_contri: ]
[forcedsplits_filename: ]
[refit_decay_rate: 0.9]
[cegb_tradeoff: 1]
[cegb_penalty_split: 0]
[cegb_penalty_feature_lazy: ]
[cegb_penalty_feature_coupled: ]
[path_smooth: 0]
[interaction_constraints: ]
[verbosity: 1]
[saved_feature_importance_type: 0]
[use_quantized_grad: 0]
[num_grad_quant_bins: 4]
[quant_train_renew_leaf: 0]
[stochastic_rounding: 1]
[linear_tree: 0]
[max_bin: 255]
[max_bin_by_feature: ]
[min_data_in_bin: 3]
[bin_construct_sample_cnt: 200000]
[data_random_seed: 175]
[is_enable_sparse: 1]
[enable_bundle: 1]
[use_missing: 1]
[zero_as_missing: 0]
[feature_pre_filter: 1]
[pre_partition: 0]
[two_round: 0]
[header: 0]
[label_column: ]
[weight_column: ]
[group_column: ]
[ignore_column: ]
[categorical_feature: ]
[forcedbins_filename: ]
[precise_float_parser: 0]
[parser_config_file: ]
[objective_seed: 16083]
[num_class: 1]
[is_unbalance: 0]
[scale_pos_weight: 1]
[sigmoid: 1]
[boost_from_average: 1]
[reg_sqrt: 0]
[alpha: 0.9]
[fair_c: 1]
[poisson_max_delta_step: 0.7]
[tweedie_variance_power: 1.5]
[lambdarank_truncation_level: 30]
[lambdarank_norm: 1]
[label_gain: 1,2,3,4,5,6,7,8,9,10,11,12,13,14,15,16,17,18,19,20,21,22,23,24,25,26,27,28,29,30,31,32,33,34,35,36,37,38,39,40,41,42,43,44,45,46,47,48,49,50,51,52,53,54,55,56,57,58,59,60,61,62,63,64,65,66,67,68,69,70,71,72,73,74,75,76,77,78,79,80,81,82,83,84,85,86,87,88,89,90,91,92,93,94,95,96,97,98,99,100,101,102,103,104,105,106,107,108,109,110,111,112,113,114,115,116,117,118,119,120,121,122,123,124,125,126,127,128,129,130,131,132,133,134,135,136,137,138,139,140,141,142,143,144,145,146,147,148,149,150,151,152,153,154,155,156,157,158,159,160,161,162,163,164,165,166,167,168,169,170,171,172,173,174,175,176,177,178,179,180,181,182,183,184,185,186,187,188,189,190,191,192,193,194,195,196,197,198,199,200,201,202,203,204,205,206,207,208,209,210,211,212,213,214,215,216,217,218,219,220,221,222,223,224,225,226,227,228,229,230,231,232,233,234,235,236,237,238,239,240,241,242,243,244,245,246,247,248,249,250,251,252,253,254,255,256,257,258,259,260,261,262,263,264,265,266,267,268,269,270,271,272,273,274,275,276,277,278,279,280,281,282,283,284,285,286,287,288,289,290,291,292,293,294,295,296,297,298,299,300,301]
[lambdarank_position_bias_regularization: 0]
[eval_at: 5,10,20]
[multi_error_top_k: 1]
[auc_mu_weights: ]
[num_machines: 1]
[local_listen_port: 12400]
[time_out: 120]
[machine_list_filename: ]
[machines: ]
[gpu_platform_id: -1]
[gpu_device_id: -1]
[gpu_use_dp: 0]
[num_gpu: 1]

end of parameters

pandas_categorical:null
